<?xml version="1.0" ?><interfacedef loc="42:/home/kasper/tinyos-main//tos/interfaces/BlockRead.nc" nicename="BlockRead" qname="BlockRead">
      <documentation loc="32:/home/kasper/tinyos-main//tos/interfaces/BlockRead.nc">
        <short>
 Read interface for the block storage abstraction described in
 TEP103.</short>
        <long>
 Read interface for the block storage abstraction described in
 TEP103.

 @author Jonathan Hui &lt;jhui@archrock.com&gt;
 @version $Revision: 1.5 $ $Date: 2008-06-04 03:00:25 $
</long>
      </documentation>
      <function command="" loc="56:/home/kasper/tinyos-main//tos/interfaces/BlockRead.nc" name="read" provided="0" ref="0x2ac2c3632020">
        <documentation loc="43:/home/kasper/tinyos-main//tos/interfaces/BlockRead.nc">
          <short>
 Initiate a read operation within a given volume.</short>
          <long>
 Initiate a read operation within a given volume. On SUCCESS, the
 &lt;code&gt;readDone&lt;/code&gt; event will signal completion of the
 operation.
 
 @param addr starting address to begin reading.
 @param 'void* COUNT(len) buf' buffer to place read data.
 @param len number of bytes to read.
 @return 
   &lt;li&gt;SUCCESS if the request was accepted, 
   &lt;li&gt;EINVAL if the parameters are invalid
   &lt;li&gt;EBUSY if a request is already being processed.
</long>
        </documentation>
        <interfacedef-ref nicename="BlockRead" qname="BlockRead"/>
        <type-function alignment="I:1" size="I:1">
          <type-int alignment="I:1" cname="unsigned char" size="I:1" unsigned="">
            <typename><typedef-ref name="error_t" ref="0x2ac2c29f3780"/></typename>
          </type-int>
          <function-parameters>
            <type-int alignment="I:2" cname="unsigned long" size="I:4" unsigned="">
              <typename><typedef-ref name="storage_addr_t" ref="0x2ac2c2e72bd0"/></typename>
            </type-int>
            <type-pointer alignment="I:2" size="I:2">
              <type-void alignment="I:1" size="I:1"/>
            </type-pointer>
            <type-int alignment="I:2" cname="unsigned long" size="I:4" unsigned="">
              <typename><typedef-ref name="storage_len_t" ref="0x2ac2c2e71020"/></typename>
            </type-int>
          </function-parameters>
        </type-function>
        <parameters>
          <variable loc="56:/home/kasper/tinyos-main//tos/interfaces/BlockRead.nc" name="addr" ref="0x2ac2c3633630">
            <type-int alignment="I:2" cname="unsigned long" size="I:4" unsigned="">
              <typename><typedef-ref name="storage_addr_t" ref="0x2ac2c2e72bd0"/></typename>
            </type-int>
          </variable>
          <variable loc="56:/home/kasper/tinyos-main//tos/interfaces/BlockRead.nc" name="buf" ref="0x2ac2c3633930">
            <type-pointer alignment="I:2" size="I:2">
              <type-void alignment="I:1" size="I:1"/>
            </type-pointer>
          </variable>
          <variable loc="56:/home/kasper/tinyos-main//tos/interfaces/BlockRead.nc" name="len" ref="0x2ac2c3633c80">
            <type-int alignment="I:2" cname="unsigned long" size="I:4" unsigned="">
              <typename><typedef-ref name="storage_len_t" ref="0x2ac2c2e71020"/></typename>
            </type-int>
          </variable>
        </parameters>
      </function>
      <function event="" loc="95:/home/kasper/tinyos-main//tos/interfaces/BlockRead.nc" name="computeCrcDone" provided="0" ref="0x2ac2c362d968">
        <documentation loc="86:/home/kasper/tinyos-main//tos/interfaces/BlockRead.nc">
          <short>
 Signals the completion of a crc computation.</short>
          <long>
 Signals the completion of a crc computation.

 @param addr stating address.
 @param len number of bytes the crc was computed over.
 @param crc the resulting crc value.
 @param error SUCCESS if the operation was successful, FAIL if
   it failed
</long>
        </documentation>
        <interfacedef-ref nicename="BlockRead" qname="BlockRead"/>
        <type-function alignment="I:1" size="I:1">
          <type-void alignment="I:1" size="I:1"/>
          <function-parameters>
            <type-int alignment="I:2" cname="unsigned long" size="I:4" unsigned="">
              <typename><typedef-ref name="storage_addr_t" ref="0x2ac2c2e72bd0"/></typename>
            </type-int>
            <type-int alignment="I:2" cname="unsigned long" size="I:4" unsigned="">
              <typename><typedef-ref name="storage_len_t" ref="0x2ac2c2e71020"/></typename>
            </type-int>
            <type-int alignment="I:2" cname="unsigned int" size="I:2" unsigned="">
              <typename><typedef-ref name="uint16_t" ref="0x2ac2c209ab20"/></typename>
            </type-int>
            <type-int alignment="I:1" cname="unsigned char" size="I:1" unsigned="">
              <typename><typedef-ref name="error_t" ref="0x2ac2c29f3780"/></typename>
            </type-int>
          </function-parameters>
        </type-function>
        <parameters>
          <variable loc="95:/home/kasper/tinyos-main//tos/interfaces/BlockRead.nc" name="addr" ref="0x2ac2c362fce8">
            <type-int alignment="I:2" cname="unsigned long" size="I:4" unsigned="">
              <typename><typedef-ref name="storage_addr_t" ref="0x2ac2c2e72bd0"/></typename>
            </type-int>
          </variable>
          <variable loc="95:/home/kasper/tinyos-main//tos/interfaces/BlockRead.nc" name="len" ref="0x2ac2c362d060">
            <type-int alignment="I:2" cname="unsigned long" size="I:4" unsigned="">
              <typename><typedef-ref name="storage_len_t" ref="0x2ac2c2e71020"/></typename>
            </type-int>
          </variable>
          <variable loc="96:/home/kasper/tinyos-main//tos/interfaces/BlockRead.nc" name="crc" ref="0x2ac2c362d3a0">
            <type-int alignment="I:2" cname="unsigned int" size="I:2" unsigned="">
              <typename><typedef-ref name="uint16_t" ref="0x2ac2c209ab20"/></typename>
            </type-int>
          </variable>
          <variable loc="96:/home/kasper/tinyos-main//tos/interfaces/BlockRead.nc" name="error" ref="0x2ac2c362d6c8">
            <type-int alignment="I:1" cname="unsigned char" size="I:1" unsigned="">
              <typename><typedef-ref name="error_t" ref="0x2ac2c29f3780"/></typename>
            </type-int>
          </variable>
        </parameters>
      </function>
      <function command="" loc="83:/home/kasper/tinyos-main//tos/interfaces/BlockRead.nc" name="computeCrc" provided="0" ref="0x2ac2c362f448">
        <documentation loc="70:/home/kasper/tinyos-main//tos/interfaces/BlockRead.nc">
          <short>
 Initiate a crc computation.</short>
          <long>
 Initiate a crc computation. On SUCCESS, the
 &lt;code&gt;computeCrcDone&lt;/code&gt; event will signal completion of the
 operation.

 @param addr starting address.
 @param len the number of bytes to compute the crc over.
 @parm crc initial CRC value
 @return 
   &lt;li&gt;SUCCESS if the request was accepted, 
   &lt;li&gt;EINVAL if the parameters are invalid
   &lt;li&gt;EBUSY if a request is already being processed.
</long>
        </documentation>
        <interfacedef-ref nicename="BlockRead" qname="BlockRead"/>
        <type-function alignment="I:1" size="I:1">
          <type-int alignment="I:1" cname="unsigned char" size="I:1" unsigned="">
            <typename><typedef-ref name="error_t" ref="0x2ac2c29f3780"/></typename>
          </type-int>
          <function-parameters>
            <type-int alignment="I:2" cname="unsigned long" size="I:4" unsigned="">
              <typename><typedef-ref name="storage_addr_t" ref="0x2ac2c2e72bd0"/></typename>
            </type-int>
            <type-int alignment="I:2" cname="unsigned long" size="I:4" unsigned="">
              <typename><typedef-ref name="storage_len_t" ref="0x2ac2c2e71020"/></typename>
            </type-int>
            <type-int alignment="I:2" cname="unsigned int" size="I:2" unsigned="">
              <typename><typedef-ref name="uint16_t" ref="0x2ac2c209ab20"/></typename>
            </type-int>
          </function-parameters>
        </type-function>
        <parameters>
          <variable loc="83:/home/kasper/tinyos-main//tos/interfaces/BlockRead.nc" name="addr" ref="0x2ac2c362ead8">
            <type-int alignment="I:2" cname="unsigned long" size="I:4" unsigned="">
              <typename><typedef-ref name="storage_addr_t" ref="0x2ac2c2e72bd0"/></typename>
            </type-int>
          </variable>
          <variable loc="83:/home/kasper/tinyos-main//tos/interfaces/BlockRead.nc" name="len" ref="0x2ac2c362ee28">
            <type-int alignment="I:2" cname="unsigned long" size="I:4" unsigned="">
              <typename><typedef-ref name="storage_len_t" ref="0x2ac2c2e71020"/></typename>
            </type-int>
          </variable>
          <variable loc="84:/home/kasper/tinyos-main//tos/interfaces/BlockRead.nc" name="crc" ref="0x2ac2c362f1b8">
            <type-int alignment="I:2" cname="unsigned int" size="I:2" unsigned="">
              <typename><typedef-ref name="uint16_t" ref="0x2ac2c209ab20"/></typename>
            </type-int>
          </variable>
        </parameters>
      </function>
      <function command="" loc="103:/home/kasper/tinyos-main//tos/interfaces/BlockRead.nc" name="getSize" provided="0" ref="0x2ac2c362c1d8">
        <documentation loc="98:/home/kasper/tinyos-main//tos/interfaces/BlockRead.nc">
          <short>
 Report the usable volume size in bytes (this may be different than
 the actual volume size because of metadata overheads).</short>
          <long>
 Report the usable volume size in bytes (this may be different than
 the actual volume size because of metadata overheads).
 @return Volume size.
</long>
        </documentation>
        <interfacedef-ref nicename="BlockRead" qname="BlockRead"/>
        <type-function alignment="I:1" size="I:1">
          <type-int alignment="I:2" cname="unsigned long" size="I:4" unsigned="">
            <typename><typedef-ref name="storage_len_t" ref="0x2ac2c2e71020"/></typename>
          </type-int>
          <function-parameters>
          </function-parameters>
        </type-function>
        <parameters>
        </parameters>
      </function>
      <function event="" loc="67:/home/kasper/tinyos-main//tos/interfaces/BlockRead.nc" name="readDone" provided="0" ref="0x2ac2c3631c58">
        <documentation loc="58:/home/kasper/tinyos-main//tos/interfaces/BlockRead.nc">
          <short>
 Signals the completion of a read operation.</short>
          <long>
 Signals the completion of a read operation.

 @param addr starting address of read.
 @param 'void* COUNT(len) buf' buffer where read data was placed.
 @param len number of bytes read.
 @param error SUCCESS if the operation was successful, FAIL if
   it failed
</long>
        </documentation>
        <interfacedef-ref nicename="BlockRead" qname="BlockRead"/>
        <type-function alignment="I:1" size="I:1">
          <type-void alignment="I:1" size="I:1"/>
          <function-parameters>
            <type-int alignment="I:2" cname="unsigned long" size="I:4" unsigned="">
              <typename><typedef-ref name="storage_addr_t" ref="0x2ac2c2e72bd0"/></typename>
            </type-int>
            <type-pointer alignment="I:2" size="I:2">
              <type-void alignment="I:1" size="I:1"/>
            </type-pointer>
            <type-int alignment="I:2" cname="unsigned long" size="I:4" unsigned="">
              <typename><typedef-ref name="storage_len_t" ref="0x2ac2c2e71020"/></typename>
            </type-int>
            <type-int alignment="I:1" cname="unsigned char" size="I:1" unsigned="">
              <typename><typedef-ref name="error_t" ref="0x2ac2c29f3780"/></typename>
            </type-int>
          </function-parameters>
        </type-function>
        <parameters>
          <variable loc="67:/home/kasper/tinyos-main//tos/interfaces/BlockRead.nc" name="addr" ref="0x2ac2c3631020">
            <type-int alignment="I:2" cname="unsigned long" size="I:4" unsigned="">
              <typename><typedef-ref name="storage_addr_t" ref="0x2ac2c2e72bd0"/></typename>
            </type-int>
          </variable>
          <variable loc="67:/home/kasper/tinyos-main//tos/interfaces/BlockRead.nc" name="buf" ref="0x2ac2c3631320">
            <type-pointer alignment="I:2" size="I:2">
              <type-void alignment="I:1" size="I:1"/>
            </type-pointer>
          </variable>
          <variable loc="67:/home/kasper/tinyos-main//tos/interfaces/BlockRead.nc" name="len" ref="0x2ac2c3631670">
            <type-int alignment="I:2" cname="unsigned long" size="I:4" unsigned="">
              <typename><typedef-ref name="storage_len_t" ref="0x2ac2c2e71020"/></typename>
            </type-int>
          </variable>
          <variable loc="68:/home/kasper/tinyos-main//tos/interfaces/BlockRead.nc" name="error" ref="0x2ac2c36319b8">
            <type-int alignment="I:1" cname="unsigned char" size="I:1" unsigned="">
              <typename><typedef-ref name="error_t" ref="0x2ac2c29f3780"/></typename>
            </type-int>
          </variable>
        </parameters>
      </function>
    </interfacedef>