<?xml version="1.0" ?><interfacedef loc="37:/home/kasper/tinyos-main//tos/chips/cc2420/interfaces/CC2420PacketBody.nc" nicename="CC2420PacketBody" qname="CC2420PacketBody">
      <documentation loc="32:/home/kasper/tinyos-main//tos/chips/cc2420/interfaces/CC2420PacketBody.nc">
        <short>
 Internal interface for the CC2420 to get portions of a packet.</short>
        <long>
 Internal interface for the CC2420 to get portions of a packet.
 @author David Moss
</long>
      </documentation>
      <function command="" loc="49:/home/kasper/tinyos-main//tos/chips/cc2420/interfaces/CC2420PacketBody.nc" name="getPayload" provided="0" ref="0x2ac2c3790520">
        <documentation loc="45:/home/kasper/tinyos-main//tos/chips/cc2420/interfaces/CC2420PacketBody.nc">
          <short>
 </short>
          <long>
 @return pointer to the payload region of the message, after any headers
    works with extended addressing mode
</long>
        </documentation>
        <interfacedef-ref nicename="CC2420PacketBody" qname="CC2420PacketBody"/>
        <type-function alignment="I:1" size="I:1">
          <type-pointer alignment="I:2" size="I:2">
            <type-int alignment="I:1" cname="unsigned char" size="I:1" unsigned="">
              <typename><typedef-ref name="uint8_t" ref="0x2ac2c209a790"/></typename>
            </type-int>
          </type-pointer>
          <function-parameters>
            <type-pointer alignment="I:2" size="I:2">
              <type-tag alignment="I:1" size="I:137"><nx_struct-ref name="message_t" ref="0x2ac2c35f2cf0"/>
                <typename><typedef-ref name="message_t" ref="0x2ac2c35f02e8"/></typename>
              </type-tag>
            </type-pointer>
          </function-parameters>
        </type-function>
        <parameters>
          <variable loc="49:/home/kasper/tinyos-main//tos/chips/cc2420/interfaces/CC2420PacketBody.nc" name="msg" ref="0x2ac2c3790278">
            <type-pointer alignment="I:2" size="I:2">
              <type-tag alignment="I:1" size="I:137"><nx_struct-ref name="message_t" ref="0x2ac2c35f2cf0"/>
                <typename><typedef-ref name="message_t" ref="0x2ac2c35f02e8"/></typename>
              </type-tag>
            </type-pointer>
          </variable>
        </parameters>
      </function>
      <function command="" loc="42:/home/kasper/tinyos-main//tos/chips/cc2420/interfaces/CC2420PacketBody.nc" name="getHeader" provided="0" ref="0x2ac2c3792a68">
        <documentation loc="39:/home/kasper/tinyos-main//tos/chips/cc2420/interfaces/CC2420PacketBody.nc">
          <short>
 </short>
          <long>
 @return pointer to the cc2420_header_t of the given message
</long>
        </documentation>
        <interfacedef-ref nicename="CC2420PacketBody" qname="CC2420PacketBody"/>
        <type-function alignment="I:1" size="I:1">
          <type-pointer alignment="I:2" size="I:2">
            <type-tag alignment="I:1" size="I:12"><nx_struct-ref name="cc2420_header_t" ref="0x2ac2c358b390"/>
              <typename><typedef-ref name="cc2420_header_t" ref="0x2ac2c358ac28"/></typename>
            </type-tag>
          </type-pointer>
          <function-parameters>
            <type-pointer alignment="I:2" size="I:2">
              <type-tag alignment="I:1" size="I:137"><nx_struct-ref name="message_t" ref="0x2ac2c35f2cf0"/>
                <typename><typedef-ref name="message_t" ref="0x2ac2c35f02e8"/></typename>
              </type-tag>
            </type-pointer>
          </function-parameters>
        </type-function>
        <parameters>
          <variable loc="42:/home/kasper/tinyos-main//tos/chips/cc2420/interfaces/CC2420PacketBody.nc" name="msg" ref="0x2ac2c3792780">
            <type-pointer alignment="I:2" size="I:2">
              <type-tag alignment="I:1" size="I:137"><nx_struct-ref name="message_t" ref="0x2ac2c35f2cf0"/>
                <typename><typedef-ref name="message_t" ref="0x2ac2c35f02e8"/></typename>
              </type-tag>
            </type-pointer>
          </variable>
        </parameters>
      </function>
      <function command="" loc="53:/home/kasper/tinyos-main//tos/chips/cc2420/interfaces/CC2420PacketBody.nc" name="getMetadata" provided="0" ref="0x2ac2c378f748">
        <documentation loc="50:/home/kasper/tinyos-main//tos/chips/cc2420/interfaces/CC2420PacketBody.nc">
          <short>
 </short>
          <long>
 @return pointer to the cc2420_metadata_t of the given message
</long>
        </documentation>
        <interfacedef-ref nicename="CC2420PacketBody" qname="CC2420PacketBody"/>
        <type-function alignment="I:1" size="I:1">
          <type-pointer alignment="I:2" size="I:2">
            <type-tag alignment="I:1" size="I:12"><nx_struct-ref name="cc2420_metadata_t" ref="0x2ac2c3589720"/>
              <typename><typedef-ref name="cc2420_metadata_t" ref="0x2ac2c35c0020"/></typename>
            </type-tag>
          </type-pointer>
          <function-parameters>
            <type-pointer alignment="I:2" size="I:2">
              <type-tag alignment="I:1" size="I:137"><nx_struct-ref name="message_t" ref="0x2ac2c35f2cf0"/>
                <typename><typedef-ref name="message_t" ref="0x2ac2c35f02e8"/></typename>
              </type-tag>
            </type-pointer>
          </function-parameters>
        </type-function>
        <parameters>
          <variable loc="53:/home/kasper/tinyos-main//tos/chips/cc2420/interfaces/CC2420PacketBody.nc" name="msg" ref="0x2ac2c378f460">
            <type-pointer alignment="I:2" size="I:2">
              <type-tag alignment="I:1" size="I:137"><nx_struct-ref name="message_t" ref="0x2ac2c35f2cf0"/>
                <typename><typedef-ref name="message_t" ref="0x2ac2c35f02e8"/></typename>
              </type-tag>
            </type-pointer>
          </variable>
        </parameters>
      </function>
    </interfacedef>