<?xml version="1.0" ?><interfacedef loc="46:/home/kasper/tinyos-main//tos/chips/cc2420/interfaces/CC2420Config.nc" nicename="CC2420Config" qname="CC2420Config">
      <documentation loc="32:/home/kasper/tinyos-main//tos/chips/cc2420/interfaces/CC2420Config.nc">
        <short>
 An HAL abstraction of the ChipCon CC2420 radio.</short>
        <long>
 An HAL abstraction of the ChipCon CC2420 radio. This abstraction
 deals specifically with radio configurations. All get() and set()
 commands are single-phase. After setting some values, a call to
 sync() is required for the changes to propagate to the cc2420
 hardware chip. This interface allows setting multiple parameters
 before calling sync().

 @author Jonathan Hui &lt;jhui@archrock.com&gt;
 @version $Revision: 1.3 $ $Date: 2008/06/16 15:33:32 $
</long>
      </documentation>
      <function command="" loc="106:/home/kasper/tinyos-main//tos/chips/cc2420/interfaces/CC2420Config.nc" name="setAutoAck" provided="0" ref="0x2ac2c37f80b8">
        <documentation loc="100:/home/kasper/tinyos-main//tos/chips/cc2420/interfaces/CC2420Config.nc">
          <short>
 Sync must be called for acknowledgement changes to take effect
 </short>
          <long>
 Sync must be called for acknowledgement changes to take effect
 @param enableAutoAck TRUE to enable auto acknowledgements
 @param hwAutoAck TRUE to default to hardware auto acks, FALSE to
     default to software auto acknowledgements
</long>
        </documentation>
        <interfacedef-ref nicename="CC2420Config" qname="CC2420Config"/>
        <type-function alignment="I:1" size="I:1">
          <type-void alignment="I:1" size="I:1"/>
          <function-parameters>
            <type-int alignment="I:1" cname="unsigned char" size="I:1" unsigned="">
              <typename><typedef-ref name="bool" ref="0x2ac2c29e01d0"/></typename>
            </type-int>
            <type-int alignment="I:1" cname="unsigned char" size="I:1" unsigned="">
              <typename><typedef-ref name="bool" ref="0x2ac2c29e01d0"/></typename>
            </type-int>
          </function-parameters>
        </type-function>
        <parameters>
          <variable loc="106:/home/kasper/tinyos-main//tos/chips/cc2420/interfaces/CC2420Config.nc" name="enableAutoAck" ref="0x2ac2c37f9ab0">
            <type-int alignment="I:1" cname="unsigned char" size="I:1" unsigned="">
              <typename><typedef-ref name="bool" ref="0x2ac2c29e01d0"/></typename>
            </type-int>
          </variable>
          <variable loc="106:/home/kasper/tinyos-main//tos/chips/cc2420/interfaces/CC2420Config.nc" name="hwAutoAck" ref="0x2ac2c37f9de8">
            <type-int alignment="I:1" cname="unsigned char" size="I:1" unsigned="">
              <typename><typedef-ref name="bool" ref="0x2ac2c29e01d0"/></typename>
            </type-int>
          </variable>
        </parameters>
      </function>
      <function command="" loc="93:/home/kasper/tinyos-main//tos/chips/cc2420/interfaces/CC2420Config.nc" name="isAddressRecognitionEnabled" provided="0" ref="0x2ac2c37b7b70">
        <documentation loc="90:/home/kasper/tinyos-main//tos/chips/cc2420/interfaces/CC2420Config.nc">
          <short>
 </short>
          <long>
 @return TRUE if address recognition is enabled
</long>
        </documentation>
        <interfacedef-ref nicename="CC2420Config" qname="CC2420Config"/>
        <type-function alignment="I:1" size="I:1">
          <type-int alignment="I:1" cname="unsigned char" size="I:1" unsigned="">
            <typename><typedef-ref name="bool" ref="0x2ac2c29e01d0"/></typename>
          </type-int>
          <function-parameters>
          </function-parameters>
        </type-function>
        <parameters>
        </parameters>
      </function>
      <function command="" loc="87:/home/kasper/tinyos-main//tos/chips/cc2420/interfaces/CC2420Config.nc" name="setAddressRecognition" provided="0" ref="0x2ac2c37b72a0">
        <documentation loc="81:/home/kasper/tinyos-main//tos/chips/cc2420/interfaces/CC2420Config.nc">
          <short>
 </short>
          <long>
 @param enableAddressRecognition TRUE to turn address recognition on
 @param useHwAddressRecognition TRUE to perform address recognition first
     in hardware. This doesn't affect software address recognition. The
     driver must sync with the chip after changing this value.
</long>
        </documentation>
        <interfacedef-ref nicename="CC2420Config" qname="CC2420Config"/>
        <type-function alignment="I:1" size="I:1">
          <type-void alignment="I:1" size="I:1"/>
          <function-parameters>
            <type-int alignment="I:1" cname="unsigned char" size="I:1" unsigned="">
              <typename><typedef-ref name="bool" ref="0x2ac2c29e01d0"/></typename>
            </type-int>
            <type-int alignment="I:1" cname="unsigned char" size="I:1" unsigned="">
              <typename><typedef-ref name="bool" ref="0x2ac2c29e01d0"/></typename>
            </type-int>
          </function-parameters>
        </type-function>
        <parameters>
          <variable loc="87:/home/kasper/tinyos-main//tos/chips/cc2420/interfaces/CC2420Config.nc" name="enableAddressRecognition" ref="0x2ac2c37b8ad8">
            <type-int alignment="I:1" cname="unsigned char" size="I:1" unsigned="">
              <typename><typedef-ref name="bool" ref="0x2ac2c29e01d0"/></typename>
            </type-int>
          </variable>
          <variable loc="87:/home/kasper/tinyos-main//tos/chips/cc2420/interfaces/CC2420Config.nc" name="useHwAddressRecognition" ref="0x2ac2c37b7020">
            <type-int alignment="I:1" cname="unsigned char" size="I:1" unsigned="">
              <typename><typedef-ref name="bool" ref="0x2ac2c29e01d0"/></typename>
            </type-int>
          </variable>
        </parameters>
      </function>
      <function event="" loc="55:/home/kasper/tinyos-main//tos/chips/cc2420/interfaces/CC2420Config.nc" name="syncDone" provided="0" ref="0x2ac2c37be800">
        <interfacedef-ref nicename="CC2420Config" qname="CC2420Config"/>
        <type-function alignment="I:1" size="I:1">
          <type-void alignment="I:1" size="I:1"/>
          <function-parameters>
            <type-int alignment="I:1" cname="unsigned char" size="I:1" unsigned="">
              <typename><typedef-ref name="error_t" ref="0x2ac2c29f3780"/></typename>
            </type-int>
          </function-parameters>
        </type-function>
        <parameters>
          <variable loc="55:/home/kasper/tinyos-main//tos/chips/cc2420/interfaces/CC2420Config.nc" name="error" ref="0x2ac2c37be590">
            <type-int alignment="I:1" cname="unsigned char" size="I:1" unsigned="">
              <typename><typedef-ref name="error_t" ref="0x2ac2c29f3780"/></typename>
            </type-int>
          </variable>
        </parameters>
      </function>
      <function command="" loc="98:/home/kasper/tinyos-main//tos/chips/cc2420/interfaces/CC2420Config.nc" name="isHwAddressRecognitionDefault" provided="0" ref="0x2ac2c37f93a0">
        <documentation loc="95:/home/kasper/tinyos-main//tos/chips/cc2420/interfaces/CC2420Config.nc">
          <short>
 </short>
          <long>
 @return TRUE if address recognition is performed first in hardware.
</long>
        </documentation>
        <interfacedef-ref nicename="CC2420Config" qname="CC2420Config"/>
        <type-function alignment="I:1" size="I:1">
          <type-int alignment="I:1" cname="unsigned char" size="I:1" unsigned="">
            <typename><typedef-ref name="bool" ref="0x2ac2c29e01d0"/></typename>
          </type-int>
          <function-parameters>
          </function-parameters>
        </type-function>
        <parameters>
        </parameters>
      </function>
      <function command="" loc="72:/home/kasper/tinyos-main//tos/chips/cc2420/interfaces/CC2420Config.nc" name="setShortAddr" provided="0" ref="0x2ac2c37ba290">
        <interfacedef-ref nicename="CC2420Config" qname="CC2420Config"/>
        <type-function alignment="I:1" size="I:1">
          <type-void alignment="I:1" size="I:1"/>
          <function-parameters>
            <type-int alignment="I:2" cname="unsigned int" size="I:2" unsigned="">
              <typename><typedef-ref name="uint16_t" ref="0x2ac2c209ab20"/></typename>
            </type-int>
          </function-parameters>
        </type-function>
        <parameters>
          <variable loc="72:/home/kasper/tinyos-main//tos/chips/cc2420/interfaces/CC2420Config.nc" name="address" ref="0x2ac2c37ba020">
            <type-int alignment="I:2" cname="unsigned int" size="I:2" unsigned="">
              <typename><typedef-ref name="uint16_t" ref="0x2ac2c209ab20"/></typename>
            </type-int>
          </variable>
        </parameters>
      </function>
      <function command="" loc="61:/home/kasper/tinyos-main//tos/chips/cc2420/interfaces/CC2420Config.nc" name="setChannel" provided="0" ref="0x2ac2c37bc940">
        <interfacedef-ref nicename="CC2420Config" qname="CC2420Config"/>
        <type-function alignment="I:1" size="I:1">
          <type-void alignment="I:1" size="I:1"/>
          <function-parameters>
            <type-int alignment="I:1" cname="unsigned char" size="I:1" unsigned="">
              <typename><typedef-ref name="uint8_t" ref="0x2ac2c209a790"/></typename>
            </type-int>
          </function-parameters>
        </type-function>
        <parameters>
          <variable loc="61:/home/kasper/tinyos-main//tos/chips/cc2420/interfaces/CC2420Config.nc" name="channel" ref="0x2ac2c37bc6d0">
            <type-int alignment="I:1" cname="unsigned char" size="I:1" unsigned="">
              <typename><typedef-ref name="uint8_t" ref="0x2ac2c209a790"/></typename>
            </type-int>
          </variable>
        </parameters>
      </function>
      <function command="" loc="117:/home/kasper/tinyos-main//tos/chips/cc2420/interfaces/CC2420Config.nc" name="isAutoAckEnabled" provided="0" ref="0x2ac2c37f6258">
        <documentation loc="114:/home/kasper/tinyos-main//tos/chips/cc2420/interfaces/CC2420Config.nc">
          <short>
 </short>
          <long>
 @return TRUE if auto acks are enabled
</long>
        </documentation>
        <interfacedef-ref nicename="CC2420Config" qname="CC2420Config"/>
        <type-function alignment="I:1" size="I:1">
          <type-int alignment="I:1" cname="unsigned char" size="I:1" unsigned="">
            <typename><typedef-ref name="bool" ref="0x2ac2c29e01d0"/></typename>
          </type-int>
          <function-parameters>
          </function-parameters>
        </type-function>
        <parameters>
        </parameters>
      </function>
      <function command="" loc="78:/home/kasper/tinyos-main//tos/chips/cc2420/interfaces/CC2420Config.nc" name="setPanAddr" provided="0" ref="0x2ac2c37b8338">
        <interfacedef-ref nicename="CC2420Config" qname="CC2420Config"/>
        <type-function alignment="I:1" size="I:1">
          <type-void alignment="I:1" size="I:1"/>
          <function-parameters>
            <type-int alignment="I:2" cname="unsigned int" size="I:2" unsigned="">
              <typename><typedef-ref name="uint16_t" ref="0x2ac2c209ab20"/></typename>
            </type-int>
          </function-parameters>
        </type-function>
        <parameters>
          <variable loc="78:/home/kasper/tinyos-main//tos/chips/cc2420/interfaces/CC2420Config.nc" name="address" ref="0x2ac2c37b80c8">
            <type-int alignment="I:2" cname="unsigned int" size="I:2" unsigned="">
              <typename><typedef-ref name="uint16_t" ref="0x2ac2c209ab20"/></typename>
            </type-int>
          </variable>
        </parameters>
      </function>
      <function command="" loc="112:/home/kasper/tinyos-main//tos/chips/cc2420/interfaces/CC2420Config.nc" name="isHwAutoAckDefault" provided="0" ref="0x2ac2c37f8a48">
        <documentation loc="108:/home/kasper/tinyos-main//tos/chips/cc2420/interfaces/CC2420Config.nc">
          <short>
 </short>
          <long>
 @return TRUE if hardware auto acks are the default, FALSE if software
     acks are the default
</long>
        </documentation>
        <interfacedef-ref nicename="CC2420Config" qname="CC2420Config"/>
        <type-function alignment="I:1" size="I:1">
          <type-int alignment="I:1" cname="unsigned char" size="I:1" unsigned="">
            <typename><typedef-ref name="bool" ref="0x2ac2c29e01d0"/></typename>
          </type-int>
          <function-parameters>
          </function-parameters>
        </type-function>
        <parameters>
        </parameters>
      </function>
      <function command="" loc="66:/home/kasper/tinyos-main//tos/chips/cc2420/interfaces/CC2420Config.nc" name="getExtAddr" provided="0" ref="0x2ac2c37bb0d8">
        <documentation loc="63:/home/kasper/tinyos-main//tos/chips/cc2420/interfaces/CC2420Config.nc">
          <short>
 Get the long address of the radio: set in hardware
</short>
        </documentation>
        <interfacedef-ref nicename="CC2420Config" qname="CC2420Config"/>
        <type-function alignment="I:1" size="I:1">
          <type-tag alignment="I:1" size="I:8"><struct-ref name="ieee_eui64" ref="0x2ac2c36fc340"/>
            <typename><typedef-ref name="ieee_eui64_t" ref="0x2ac2c36fca68"/></typename>
          </type-tag>
          <function-parameters>
          </function-parameters>
        </type-function>
        <parameters>
        </parameters>
      </function>
      <function command="" loc="71:/home/kasper/tinyos-main//tos/chips/cc2420/interfaces/CC2420Config.nc" name="getShortAddr" provided="0" ref="0x2ac2c37bb858">
        <documentation loc="68:/home/kasper/tinyos-main//tos/chips/cc2420/interfaces/CC2420Config.nc">
          <short>
 Change the short address of the radio.</short>
          <long>
 Change the short address of the radio.
</long>
        </documentation>
        <interfacedef-ref nicename="CC2420Config" qname="CC2420Config"/>
        <type-function alignment="I:1" size="I:1">
          <type-int alignment="I:2" cname="unsigned int" size="I:2" unsigned="">
            <typename><typedef-ref name="uint16_t" ref="0x2ac2c209ab20"/></typename>
          </type-int>
          <function-parameters>
          </function-parameters>
        </type-function>
        <parameters>
        </parameters>
      </function>
      <function command="" loc="54:/home/kasper/tinyos-main//tos/chips/cc2420/interfaces/CC2420Config.nc" name="sync" provided="0" ref="0x2ac2c37c1dc0">
        <documentation loc="48:/home/kasper/tinyos-main//tos/chips/cc2420/interfaces/CC2420Config.nc">
          <short>
 Sync configuration changes with the radio hardware.</short>
          <long>
 Sync configuration changes with the radio hardware. This only
 applies to set commands below.

 @return SUCCESS if the request was accepted, FAIL otherwise.
</long>
        </documentation>
        <interfacedef-ref nicename="CC2420Config" qname="CC2420Config"/>
        <type-function alignment="I:1" size="I:1">
          <type-int alignment="I:1" cname="unsigned char" size="I:1" unsigned="">
            <typename><typedef-ref name="error_t" ref="0x2ac2c29f3780"/></typename>
          </type-int>
          <function-parameters>
          </function-parameters>
        </type-function>
        <parameters>
        </parameters>
      </function>
      <function command="" loc="60:/home/kasper/tinyos-main//tos/chips/cc2420/interfaces/CC2420Config.nc" name="getChannel" provided="0" ref="0x2ac2c37bc020">
        <documentation loc="57:/home/kasper/tinyos-main//tos/chips/cc2420/interfaces/CC2420Config.nc">
          <short>
 Change the channel of the radio, between 11 and 26
</short>
        </documentation>
        <interfacedef-ref nicename="CC2420Config" qname="CC2420Config"/>
        <type-function alignment="I:1" size="I:1">
          <type-int alignment="I:1" cname="unsigned char" size="I:1" unsigned="">
            <typename><typedef-ref name="uint8_t" ref="0x2ac2c209a790"/></typename>
          </type-int>
          <function-parameters>
          </function-parameters>
        </type-function>
        <parameters>
        </parameters>
      </function>
      <function command="" loc="77:/home/kasper/tinyos-main//tos/chips/cc2420/interfaces/CC2420Config.nc" name="getPanAddr" provided="0" ref="0x2ac2c37ba9c0">
        <documentation loc="74:/home/kasper/tinyos-main//tos/chips/cc2420/interfaces/CC2420Config.nc">
          <short>
 Change the PAN address of the radio.</short>
        </documentation>
        <interfacedef-ref nicename="CC2420Config" qname="CC2420Config"/>
        <type-function alignment="I:1" size="I:1">
          <type-int alignment="I:2" cname="unsigned int" size="I:2" unsigned="">
            <typename><typedef-ref name="uint16_t" ref="0x2ac2c209ab20"/></typename>
          </type-int>
          <function-parameters>
          </function-parameters>
        </type-function>
        <parameters>
        </parameters>
      </function>
    </interfacedef>