<?xml version="1.0" ?><interfacedef loc="42:/home/kasper/tinyos-main//tos/chips/cc2420/interfaces/CC2420Power.nc" nicename="CC2420Power" qname="CC2420Power">
      <documentation loc="32:/home/kasper/tinyos-main//tos/chips/cc2420/interfaces/CC2420Power.nc">
        <short>
 An HAL abstraction of the ChipCon CC2420 radio.</short>
        <long>
 An HAL abstraction of the ChipCon CC2420 radio. This abstraction
 deals specifically with radio power operations (e.g. voltage
 regulator, oscillator, etc). However, it does not include
 transmission power, see the CC2420Config interface.

 @author Jonathan Hui &lt;jhui@archrock.com&gt;
 @version $Revision: 1.1 $ $Date: 2007-07-04 00:37:14 $
</long>
      </documentation>
      <function command="" loc="71:/home/kasper/tinyos-main//tos/chips/cc2420/interfaces/CC2420Power.nc" name="startOscillator" provided="0" ref="0x2ac2c37657e8">
        <documentation loc="65:/home/kasper/tinyos-main//tos/chips/cc2420/interfaces/CC2420Power.nc">
          <short>
 Start the oscillator.</short>
          <long>
 Start the oscillator. On SUCCESS, &lt;code&gt;startOscillator&lt;/code&gt;
 will be signalled when the oscillator has been started.

 @return SUCCESS if the request was accepted, FAIL otherwise.
</long>
        </documentation>
        <interfacedef-ref nicename="CC2420Power" qname="CC2420Power"/>
        <type-function alignment="I:1" size="I:1">
          <type-int alignment="I:1" cname="unsigned char" size="I:1" unsigned="">
            <typename><typedef-ref name="error_t" ref="0x2ac2c29f3780"/></typename>
          </type-int>
          <function-parameters>
          </function-parameters>
        </type-function>
        <parameters>
        </parameters>
      </function>
      <function command="" loc="97:/home/kasper/tinyos-main//tos/chips/cc2420/interfaces/CC2420Power.nc" name="rfOff" provided="0" ref="0x2ac2c3762778">
        <documentation loc="92:/home/kasper/tinyos-main//tos/chips/cc2420/interfaces/CC2420Power.nc">
          <short>
 Disable RX.</short>
          <long>
 Disable RX.

 @return SUCCESS if receive mode has been disabled, FAIL otherwise.
</long>
        </documentation>
        <interfacedef-ref nicename="CC2420Power" qname="CC2420Power"/>
        <type-function alignment="I:1" size="I:1">
          <type-int alignment="I:1" cname="unsigned char" size="I:1" unsigned="">
            <typename><typedef-ref name="error_t" ref="0x2ac2c29f3780"/></typename>
          </type-int>
          <function-parameters>
          </function-parameters>
        </type-function>
        <parameters>
        </parameters>
      </function>
      <function command="" loc="90:/home/kasper/tinyos-main//tos/chips/cc2420/interfaces/CC2420Power.nc" name="rxOn" provided="0" ref="0x2ac2c3762020">
        <documentation loc="85:/home/kasper/tinyos-main//tos/chips/cc2420/interfaces/CC2420Power.nc">
          <short>
 Enable RX.</short>
          <long>
 Enable RX.

 @return SUCCESS if receive mode has been enabled, FAIL otherwise.
</long>
        </documentation>
        <interfacedef-ref nicename="CC2420Power" qname="CC2420Power"/>
        <type-function alignment="I:1" size="I:1">
          <type-int alignment="I:1" cname="unsigned char" size="I:1" unsigned="">
            <typename><typedef-ref name="error_t" ref="0x2ac2c29f3780"/></typename>
          </type-int>
          <function-parameters>
          </function-parameters>
        </type-function>
        <parameters>
        </parameters>
      </function>
      <function command="" loc="51:/home/kasper/tinyos-main//tos/chips/cc2420/interfaces/CC2420Power.nc" name="startVReg" provided="0" ref="0x2ac2c3766020">
        <documentation loc="44:/home/kasper/tinyos-main//tos/chips/cc2420/interfaces/CC2420Power.nc">
          <short>
 Start the voltage regulator on the CC2420.</short>
          <long>
 Start the voltage regulator on the CC2420. On SUCCESS,
 &lt;code&gt;startVReg()&lt;/code&gt; will be signalled when the voltage
 regulator is fully on.

 @return SUCCESS if the request was accepted, FAIL otherwise.
</long>
        </documentation>
        <interfacedef-ref nicename="CC2420Power" qname="CC2420Power"/>
        <type-function alignment="I:1" size="I:1">
          <type-int alignment="I:1" cname="unsigned char" size="I:1" unsigned="">
            <typename><typedef-ref name="error_t" ref="0x2ac2c29f3780"/></typename>
          </type-int>
          <function-parameters>
          </function-parameters>
        </type-function>
        <parameters>
        </parameters>
      </function>
      <function command="" loc="63:/home/kasper/tinyos-main//tos/chips/cc2420/interfaces/CC2420Power.nc" name="stopVReg" provided="0" ref="0x2ac2c3765020">
        <documentation loc="58:/home/kasper/tinyos-main//tos/chips/cc2420/interfaces/CC2420Power.nc">
          <short>
 Stop the voltage regulator immediately.</short>
          <long>
 Stop the voltage regulator immediately.

 @return SUCCESS always
</long>
        </documentation>
        <interfacedef-ref nicename="CC2420Power" qname="CC2420Power"/>
        <type-function alignment="I:1" size="I:1">
          <type-int alignment="I:1" cname="unsigned char" size="I:1" unsigned="">
            <typename><typedef-ref name="error_t" ref="0x2ac2c29f3780"/></typename>
          </type-int>
          <function-parameters>
          </function-parameters>
        </type-function>
        <parameters>
        </parameters>
      </function>
      <function event="" loc="76:/home/kasper/tinyos-main//tos/chips/cc2420/interfaces/CC2420Power.nc" name="startOscillatorDone" provided="0" ref="0x2ac2c3764020">
        <documentation loc="73:/home/kasper/tinyos-main//tos/chips/cc2420/interfaces/CC2420Power.nc">
          <short>
 Signals that the oscillator has been started.</short>
          <long>
 Signals that the oscillator has been started.
</long>
        </documentation>
        <interfacedef-ref nicename="CC2420Power" qname="CC2420Power"/>
        <type-function alignment="I:1" size="I:1">
          <type-void alignment="I:1" size="I:1"/>
          <function-parameters>
          </function-parameters>
        </type-function>
        <parameters>
        </parameters>
      </function>
      <function command="" loc="83:/home/kasper/tinyos-main//tos/chips/cc2420/interfaces/CC2420Power.nc" name="stopOscillator" provided="0" ref="0x2ac2c37647d0">
        <documentation loc="78:/home/kasper/tinyos-main//tos/chips/cc2420/interfaces/CC2420Power.nc">
          <short>
 Stop the oscillator.</short>
          <long>
 Stop the oscillator.

 @return SUCCESS if the oscillator was stopped, FAIL otherwise.
</long>
        </documentation>
        <interfacedef-ref nicename="CC2420Power" qname="CC2420Power"/>
        <type-function alignment="I:1" size="I:1">
          <type-int alignment="I:1" cname="unsigned char" size="I:1" unsigned="">
            <typename><typedef-ref name="error_t" ref="0x2ac2c29f3780"/></typename>
          </type-int>
          <function-parameters>
          </function-parameters>
        </type-function>
        <parameters>
        </parameters>
      </function>
      <function event="" loc="56:/home/kasper/tinyos-main//tos/chips/cc2420/interfaces/CC2420Power.nc" name="startVRegDone" provided="0" ref="0x2ac2c3766818">
        <documentation loc="53:/home/kasper/tinyos-main//tos/chips/cc2420/interfaces/CC2420Power.nc">
          <short>
 Signals that the voltage regulator has been started.</short>
        </documentation>
        <interfacedef-ref nicename="CC2420Power" qname="CC2420Power"/>
        <type-function alignment="I:1" size="I:1">
          <type-void alignment="I:1" size="I:1"/>
          <function-parameters>
          </function-parameters>
        </type-function>
        <parameters>
        </parameters>
      </function>
    </interfacedef>