<?xml version="1.0" ?><interfacedef loc="38:/home/kasper/tinyos-main//tos/interfaces/GeneralIO.nc" nicename="GeneralIO" qname="GeneralIO">
      <documentation loc="34:/home/kasper/tinyos-main//tos/interfaces/GeneralIO.nc">
        <short>
 </short>
        <long>
 @author Joe Polastre
</long>
      </documentation>
      <function command="" loc="44:/home/kasper/tinyos-main//tos/interfaces/GeneralIO.nc" name="makeInput" provided="0" ref="0x2ac2c3053020">
        <interfacedef-ref nicename="GeneralIO" qname="GeneralIO"/>
        <type-function alignment="I:1" size="I:1">
          <type-void alignment="I:1" size="I:1"/>
          <function-parameters>
          </function-parameters>
        </type-function>
        <parameters>
        </parameters>
      </function>
      <function command="" loc="45:/home/kasper/tinyos-main//tos/interfaces/GeneralIO.nc" name="isInput" provided="0" ref="0x2ac2c30536e8">
        <interfacedef-ref nicename="GeneralIO" qname="GeneralIO"/>
        <type-function alignment="I:1" size="I:1">
          <type-int alignment="I:1" cname="unsigned char" size="I:1" unsigned="">
            <typename><typedef-ref name="bool" ref="0x2ac2c29e01d0"/></typename>
          </type-int>
          <function-parameters>
          </function-parameters>
        </type-function>
        <parameters>
        </parameters>
      </function>
      <function command="" loc="42:/home/kasper/tinyos-main//tos/interfaces/GeneralIO.nc" name="toggle" provided="0" ref="0x2ac2c3054258">
        <interfacedef-ref nicename="GeneralIO" qname="GeneralIO"/>
        <type-function alignment="I:1" size="I:1">
          <type-void alignment="I:1" size="I:1"/>
          <function-parameters>
          </function-parameters>
        </type-function>
        <parameters>
        </parameters>
      </function>
      <function command="" loc="47:/home/kasper/tinyos-main//tos/interfaces/GeneralIO.nc" name="isOutput" provided="0" ref="0x2ac2c30524a0">
        <interfacedef-ref nicename="GeneralIO" qname="GeneralIO"/>
        <type-function alignment="I:1" size="I:1">
          <type-int alignment="I:1" cname="unsigned char" size="I:1" unsigned="">
            <typename><typedef-ref name="bool" ref="0x2ac2c29e01d0"/></typename>
          </type-int>
          <function-parameters>
          </function-parameters>
        </type-function>
        <parameters>
        </parameters>
      </function>
      <function command="" loc="43:/home/kasper/tinyos-main//tos/interfaces/GeneralIO.nc" name="get" provided="0" ref="0x2ac2c30548f8">
        <interfacedef-ref nicename="GeneralIO" qname="GeneralIO"/>
        <type-function alignment="I:1" size="I:1">
          <type-int alignment="I:1" cname="unsigned char" size="I:1" unsigned="">
            <typename><typedef-ref name="bool" ref="0x2ac2c29e01d0"/></typename>
          </type-int>
          <function-parameters>
          </function-parameters>
        </type-function>
        <parameters>
        </parameters>
      </function>
      <function command="" loc="46:/home/kasper/tinyos-main//tos/interfaces/GeneralIO.nc" name="makeOutput" provided="0" ref="0x2ac2c3053da0">
        <interfacedef-ref nicename="GeneralIO" qname="GeneralIO"/>
        <type-function alignment="I:1" size="I:1">
          <type-void alignment="I:1" size="I:1"/>
          <function-parameters>
          </function-parameters>
        </type-function>
        <parameters>
        </parameters>
      </function>
      <function command="" loc="40:/home/kasper/tinyos-main//tos/interfaces/GeneralIO.nc" name="set" provided="0" ref="0x2ac2c3056500">
        <interfacedef-ref nicename="GeneralIO" qname="GeneralIO"/>
        <type-function alignment="I:1" size="I:1">
          <type-void alignment="I:1" size="I:1"/>
          <function-parameters>
          </function-parameters>
        </type-function>
        <parameters>
        </parameters>
      </function>
      <function command="" loc="41:/home/kasper/tinyos-main//tos/interfaces/GeneralIO.nc" name="clr" provided="0" ref="0x2ac2c3056b70">
        <interfacedef-ref nicename="GeneralIO" qname="GeneralIO"/>
        <type-function alignment="I:1" size="I:1">
          <type-void alignment="I:1" size="I:1"/>
          <function-parameters>
          </function-parameters>
        </type-function>
        <parameters>
        </parameters>
      </function>
    </interfacedef>