<?xml version="1.0" ?><interfacedef loc="43:/home/kasper/tinyos-main//tos/interfaces/GpioInterrupt.nc" nicename="GpioInterrupt" qname="GpioInterrupt">
      <documentation loc="34:/home/kasper/tinyos-main//tos/interfaces/GpioInterrupt.nc">
        <short>
 </short>
        <long>
 @author Jonathan Hui
 @author Joe Polastre
 Revision:  $Revision: 1.5 $

 Provides a microcontroller-independent presentation of interrupts
</long>
      </documentation>
      <function event="" loc="68:/home/kasper/tinyos-main//tos/interfaces/GpioInterrupt.nc" name="fired" provided="0" ref="0x2ac2c32a48c8">
        <documentation loc="63:/home/kasper/tinyos-main//tos/interfaces/GpioInterrupt.nc">
          <short>
 Fired when an edge interrupt occurs.</short>
          <long>
 Fired when an edge interrupt occurs.

 NOTE: Interrupts keep running until &quot;disable()&quot; is called
</long>
        </documentation>
        <interfacedef-ref nicename="GpioInterrupt" qname="GpioInterrupt"/>
        <type-function alignment="I:1" size="I:1">
          <type-void alignment="I:1" size="I:1"/>
          <function-parameters>
          </function-parameters>
        </type-function>
        <parameters>
        </parameters>
      </function>
      <function command="" loc="61:/home/kasper/tinyos-main//tos/interfaces/GpioInterrupt.nc" name="disable" provided="0" ref="0x2ac2c32a4178">
        <documentation loc="56:/home/kasper/tinyos-main//tos/interfaces/GpioInterrupt.nc">
          <short>  
 Diables an edge interrupt or capture interrupt
 
 </short>
          <long>  
 Diables an edge interrupt or capture interrupt
 
 @return SUCCESS if the interrupt has been disabled
</long>
        </documentation>
        <interfacedef-ref nicename="GpioInterrupt" qname="GpioInterrupt"/>
        <type-function alignment="I:1" size="I:1">
          <type-int alignment="I:1" cname="unsigned char" size="I:1" unsigned="">
            <typename><typedef-ref name="error_t" ref="0x2ac2c29f3780"/></typename>
          </type-int>
          <function-parameters>
          </function-parameters>
        </type-function>
        <parameters>
        </parameters>
      </function>
      <function command="" loc="54:/home/kasper/tinyos-main//tos/interfaces/GpioInterrupt.nc" name="enableFallingEdge" provided="0" ref="0x2ac2c32a5a20">
        <interfacedef-ref nicename="GpioInterrupt" qname="GpioInterrupt"/>
        <type-function alignment="I:1" size="I:1">
          <type-int alignment="I:1" cname="unsigned char" size="I:1" unsigned="">
            <typename><typedef-ref name="error_t" ref="0x2ac2c29f3780"/></typename>
          </type-int>
          <function-parameters>
          </function-parameters>
        </type-function>
        <parameters>
        </parameters>
      </function>
      <function command="" loc="53:/home/kasper/tinyos-main//tos/interfaces/GpioInterrupt.nc" name="enableRisingEdge" provided="0" ref="0x2ac2c32a51d8">
        <documentation loc="45:/home/kasper/tinyos-main//tos/interfaces/GpioInterrupt.nc">
          <short> 
 Enable an edge based interrupt.</short>
          <long> 
 Enable an edge based interrupt. Calls to these functions are
 not cumulative: only the transition type of the last called function
 will be monitored for.


 @return SUCCESS if the interrupt has been enabled
</long>
        </documentation>
        <interfacedef-ref nicename="GpioInterrupt" qname="GpioInterrupt"/>
        <type-function alignment="I:1" size="I:1">
          <type-int alignment="I:1" cname="unsigned char" size="I:1" unsigned="">
            <typename><typedef-ref name="error_t" ref="0x2ac2c29f3780"/></typename>
          </type-int>
          <function-parameters>
          </function-parameters>
        </type-function>
        <parameters>
        </parameters>
      </function>
    </interfacedef>