<?xml version="1.0" ?><interfacedef loc="46:/home/kasper/tinyos-main//tos/interfaces/GpioCapture.nc" nicename="GpioCapture" qname="GpioCapture">
      <documentation loc="34:/home/kasper/tinyos-main//tos/types/TinyError.h">
        <short>
 </short>
        <long>
 @author Phil Levis
 @author David Gay
 Revision:  $Revision: 1.12 $

 Defines global error codes for error_t in TinyOS.
</long>
      </documentation>
      <function command="" loc="54:/home/kasper/tinyos-main//tos/interfaces/GpioCapture.nc" name="captureFallingEdge" provided="0" ref="0x2ac2c38f8b48">
        <interfacedef-ref nicename="GpioCapture" qname="GpioCapture"/>
        <type-function alignment="I:1" size="I:1">
          <type-int alignment="I:1" cname="unsigned char" size="I:1" unsigned="">
            <typename><typedef-ref name="error_t" ref="0x2ac2c29f3780"/></typename>
          </type-int>
          <function-parameters>
          </function-parameters>
        </type-function>
        <parameters>
        </parameters>
      </function>
      <function command="" loc="66:/home/kasper/tinyos-main//tos/interfaces/GpioCapture.nc" name="disable" provided="0" ref="0x2ac2c38f7bf0">
        <documentation loc="63:/home/kasper/tinyos-main//tos/interfaces/GpioCapture.nc">
          <short>
 Disable further captures.</short>
          <long>
 Disable further captures.
</long>
        </documentation>
        <interfacedef-ref nicename="GpioCapture" qname="GpioCapture"/>
        <type-function alignment="I:1" size="I:1">
          <type-void alignment="I:1" size="I:1"/>
          <function-parameters>
          </function-parameters>
        </type-function>
        <parameters>
        </parameters>
      </function>
      <function event="" loc="61:/home/kasper/tinyos-main//tos/interfaces/GpioCapture.nc" name="captured" provided="0" ref="0x2ac2c38f74b8">
        <documentation loc="56:/home/kasper/tinyos-main//tos/interfaces/GpioCapture.nc">
          <short>
 Fired when an edge interrupt occurs.</short>
          <long>
 Fired when an edge interrupt occurs.

 @param val The value of the 32kHz timer.
</long>
        </documentation>
        <interfacedef-ref nicename="GpioCapture" qname="GpioCapture"/>
        <type-function alignment="I:1" size="I:1">
          <type-void alignment="I:1" size="I:1"/>
          <function-parameters>
            <type-int alignment="I:2" cname="unsigned int" size="I:2" unsigned="">
              <typename><typedef-ref name="uint16_t" ref="0x2ac2c209ab20"/></typename>
            </type-int>
          </function-parameters>
        </type-function>
        <parameters>
          <variable loc="61:/home/kasper/tinyos-main//tos/interfaces/GpioCapture.nc" name="time" ref="0x2ac2c38f7248">
            <type-int alignment="I:2" cname="unsigned int" size="I:2" unsigned="">
              <typename><typedef-ref name="uint16_t" ref="0x2ac2c209ab20"/></typename>
            </type-int>
          </variable>
        </parameters>
      </function>
      <function command="" loc="53:/home/kasper/tinyos-main//tos/interfaces/GpioCapture.nc" name="captureRisingEdge" provided="0" ref="0x2ac2c38f8360">
        <documentation loc="48:/home/kasper/tinyos-main//tos/interfaces/GpioCapture.nc">
          <short> 
 Enable an edge based timer capture event.</short>
          <long> 
 Enable an edge based timer capture event.

 @return Whether the timer capture has been enabled.
</long>
        </documentation>
        <interfacedef-ref nicename="GpioCapture" qname="GpioCapture"/>
        <type-function alignment="I:1" size="I:1">
          <type-int alignment="I:1" cname="unsigned char" size="I:1" unsigned="">
            <typename><typedef-ref name="error_t" ref="0x2ac2c29f3780"/></typename>
          </type-int>
          <function-parameters>
          </function-parameters>
        </type-function>
        <parameters>
        </parameters>
      </function>
    </interfacedef>