<?xml version="1.0" ?><interfacedef loc="4:/home/kasper/tinyos-main//tos/chips/msp430/usart/HplMsp430I2C.nc" nicename="HplMsp430I2C" qname="HplMsp430I2C">
      <documentation loc="31:/home/kasper/tinyos-main//tos/chips/msp430/usart/msp430usart.h">
        <short>
 </short>
        <long>
 @author Vlado Handziski &lt;handzisk@tkn.tu-berlin.de&gt;
 @author Philipp Huppertz &lt;huppertz@tkn.tu-berlin.de&gt;
</long>
      </documentation>
      <function command="" loc="80:/home/kasper/tinyos-main//tos/chips/msp430/usart/HplMsp430I2C.nc" name="disableOwnAddress" provided="0" ref="0x2ac2c3b1e558">
        <interfacedef-ref nicename="HplMsp430I2C" qname="HplMsp430I2C"/>
        <type-function alignment="I:1" size="I:1">
          <type-void alignment="I:1" size="I:1"/>
          <function-parameters>
          </function-parameters>
        </type-function>
        <parameters>
        </parameters>
      </function>
      <function command="" loc="31:/home/kasper/tinyos-main//tos/chips/msp430/usart/HplMsp430I2C.nc" name="getStartByte" provided="0" ref="0x2ac2c3ae0a28">
        <interfacedef-ref nicename="HplMsp430I2C" qname="HplMsp430I2C"/>
        <type-function alignment="I:1" size="I:1">
          <type-int alignment="I:1" cname="unsigned char" size="I:1" unsigned="">
            <typename><typedef-ref name="bool" ref="0x2ac2c29e01d0"/></typename>
          </type-int>
          <function-parameters>
          </function-parameters>
        </type-function>
        <parameters>
        </parameters>
      </function>
      <function command="" loc="62:/home/kasper/tinyos-main//tos/chips/msp430/usart/HplMsp430I2C.nc" name="setSlaveAddress" provided="0" ref="0x2ac2c3b255c0">
        <interfacedef-ref nicename="HplMsp430I2C" qname="HplMsp430I2C"/>
        <type-function alignment="I:1" size="I:1">
          <type-void alignment="I:1" size="I:1"/>
          <function-parameters>
            <type-int alignment="I:2" cname="unsigned int" size="I:2" unsigned="">
              <typename><typedef-ref name="uint16_t" ref="0x2ac2c209ab20"/></typename>
            </type-int>
          </function-parameters>
        </type-function>
        <parameters>
          <variable loc="62:/home/kasper/tinyos-main//tos/chips/msp430/usart/HplMsp430I2C.nc" name="addr" ref="0x2ac2c3b25350">
            <type-int alignment="I:2" cname="unsigned int" size="I:2" unsigned="">
              <typename><typedef-ref name="uint16_t" ref="0x2ac2c209ab20"/></typename>
            </type-int>
          </variable>
        </parameters>
      </function>
      <function command="" loc="11:/home/kasper/tinyos-main//tos/chips/msp430/usart/HplMsp430I2C.nc" name="setMasterMode" provided="0" ref="0x2ac2c3ae8510">
        <interfacedef-ref nicename="HplMsp430I2C" qname="HplMsp430I2C"/>
        <type-function alignment="I:1" size="I:1">
          <type-void alignment="I:1" size="I:1"/>
          <function-parameters>
          </function-parameters>
        </type-function>
        <parameters>
        </parameters>
      </function>
      <function command="" loc="71:/home/kasper/tinyos-main//tos/chips/msp430/usart/HplMsp430I2C.nc" name="disableTransmitReady" provided="0" ref="0x2ac2c3b22a48">
        <interfacedef-ref nicename="HplMsp430I2C" qname="HplMsp430I2C"/>
        <type-function alignment="I:1" size="I:1">
          <type-void alignment="I:1" size="I:1"/>
          <function-parameters>
          </function-parameters>
        </type-function>
        <parameters>
        </parameters>
      </function>
      <function command="" loc="49:/home/kasper/tinyos-main//tos/chips/msp430/usart/HplMsp430I2C.nc" name="getClockPrescaler" provided="0" ref="0x2ac2c3b2a9f8">
        <interfacedef-ref nicename="HplMsp430I2C" qname="HplMsp430I2C"/>
        <type-function alignment="I:1" size="I:1">
          <type-int alignment="I:1" cname="unsigned char" size="I:1" unsigned="">
            <typename><typedef-ref name="uint8_t" ref="0x2ac2c209a790"/></typename>
          </type-int>
          <function-parameters>
          </function-parameters>
        </type-function>
        <parameters>
        </parameters>
      </function>
      <function command="" loc="28:/home/kasper/tinyos-main//tos/chips/msp430/usart/HplMsp430I2C.nc" name="setTransmitMode" provided="0" ref="0x2ac2c3ae1ba8">
        <interfacedef-ref nicename="HplMsp430I2C" qname="HplMsp430I2C"/>
        <type-function alignment="I:1" size="I:1">
          <type-void alignment="I:1" size="I:1"/>
          <function-parameters>
          </function-parameters>
        </type-function>
        <parameters>
        </parameters>
      </function>
      <function command="" loc="34:/home/kasper/tinyos-main//tos/chips/msp430/usart/HplMsp430I2C.nc" name="getStopBit" provided="0" ref="0x2ac2c3b2f860">
        <interfacedef-ref nicename="HplMsp430I2C" qname="HplMsp430I2C"/>
        <type-function alignment="I:1" size="I:1">
          <type-int alignment="I:1" cname="unsigned char" size="I:1" unsigned="">
            <typename><typedef-ref name="bool" ref="0x2ac2c29e01d0"/></typename>
          </type-int>
          <function-parameters>
          </function-parameters>
        </type-function>
        <parameters>
        </parameters>
      </function>
      <function command="" loc="25:/home/kasper/tinyos-main//tos/chips/msp430/usart/HplMsp430I2C.nc" name="setClockSource" provided="0" ref="0x2ac2c3ae3b78">
        <interfacedef-ref nicename="HplMsp430I2C" qname="HplMsp430I2C"/>
        <type-function alignment="I:1" size="I:1">
          <type-void alignment="I:1" size="I:1"/>
          <function-parameters>
            <type-int alignment="I:1" cname="unsigned char" size="I:1" unsigned="">
              <typename><typedef-ref name="uint8_t" ref="0x2ac2c209a790"/></typename>
            </type-int>
          </function-parameters>
        </type-function>
        <parameters>
          <variable loc="25:/home/kasper/tinyos-main//tos/chips/msp430/usart/HplMsp430I2C.nc" name="src" ref="0x2ac2c3ae3908">
            <type-int alignment="I:1" cname="unsigned char" size="I:1" unsigned="">
              <typename><typedef-ref name="uint8_t" ref="0x2ac2c209a790"/></typename>
            </type-int>
          </variable>
        </parameters>
      </function>
      <function command="" loc="21:/home/kasper/tinyos-main//tos/chips/msp430/usart/HplMsp430I2C.nc" name="getRepeatMode" provided="0" ref="0x2ac2c3ae41d8">
        <interfacedef-ref nicename="HplMsp430I2C" qname="HplMsp430I2C"/>
        <type-function alignment="I:1" size="I:1">
          <type-int alignment="I:1" cname="unsigned char" size="I:1" unsigned="">
            <typename><typedef-ref name="bool" ref="0x2ac2c29e01d0"/></typename>
          </type-int>
          <function-parameters>
          </function-parameters>
        </type-function>
        <parameters>
        </parameters>
      </function>
      <function command="" loc="41:/home/kasper/tinyos-main//tos/chips/msp430/usart/HplMsp430I2C.nc" name="getData" provided="0" ref="0x2ac2c3b2c518">
        <interfacedef-ref nicename="HplMsp430I2C" qname="HplMsp430I2C"/>
        <type-function alignment="I:1" size="I:1">
          <type-int alignment="I:1" cname="unsigned char" size="I:1" unsigned="">
            <typename><typedef-ref name="uint8_t" ref="0x2ac2c209a790"/></typename>
          </type-int>
          <function-parameters>
          </function-parameters>
        </type-function>
        <parameters>
        </parameters>
      </function>
      <function command="" loc="66:/home/kasper/tinyos-main//tos/chips/msp430/usart/HplMsp430I2C.nc" name="enableStartDetect" provided="0" ref="0x2ac2c3b23490">
        <interfacedef-ref nicename="HplMsp430I2C" qname="HplMsp430I2C"/>
        <type-function alignment="I:1" size="I:1">
          <type-void alignment="I:1" size="I:1"/>
          <function-parameters>
          </function-parameters>
        </type-function>
        <parameters>
        </parameters>
      </function>
      <function command="" loc="78:/home/kasper/tinyos-main//tos/chips/msp430/usart/HplMsp430I2C.nc" name="enableAccessReady" provided="0" ref="0x2ac2c3b1fe28">
        <interfacedef-ref nicename="HplMsp430I2C" qname="HplMsp430I2C"/>
        <type-function alignment="I:1" size="I:1">
          <type-void alignment="I:1" size="I:1"/>
          <function-parameters>
          </function-parameters>
        </type-function>
        <parameters>
        </parameters>
      </function>
      <function command="" loc="61:/home/kasper/tinyos-main//tos/chips/msp430/usart/HplMsp430I2C.nc" name="getSlaveAddress" provided="0" ref="0x2ac2c3b26c50">
        <interfacedef-ref nicename="HplMsp430I2C" qname="HplMsp430I2C"/>
        <type-function alignment="I:1" size="I:1">
          <type-int alignment="I:2" cname="unsigned int" size="I:2" unsigned="">
            <typename><typedef-ref name="uint16_t" ref="0x2ac2c209ab20"/></typename>
          </type-int>
          <function-parameters>
          </function-parameters>
        </type-function>
        <parameters>
        </parameters>
      </function>
      <function command="" loc="91:/home/kasper/tinyos-main//tos/chips/msp430/usart/HplMsp430I2C.nc" name="isGeneralCallPending" provided="0" ref="0x2ac2c3b1ac00">
        <interfacedef-ref nicename="HplMsp430I2C" qname="HplMsp430I2C"/>
        <type-function alignment="I:1" size="I:1">
          <type-int alignment="I:1" cname="unsigned char" size="I:1" unsigned="">
            <typename><typedef-ref name="bool" ref="0x2ac2c29e01d0"/></typename>
          </type-int>
          <function-parameters>
          </function-parameters>
        </type-function>
        <parameters>
        </parameters>
      </function>
      <function command="" loc="100:/home/kasper/tinyos-main//tos/chips/msp430/usart/HplMsp430I2C.nc" name="getIV" provided="0" ref="0x2ac2c3b15020">
        <interfacedef-ref nicename="HplMsp430I2C" qname="HplMsp430I2C"/>
        <type-function alignment="I:1" size="I:1">
          <type-int alignment="I:1" cname="unsigned char" size="I:1" unsigned="">
            <typename><typedef-ref name="uint8_t" ref="0x2ac2c209a790"/></typename>
          </type-int>
          <function-parameters>
          </function-parameters>
        </type-function>
        <parameters>
        </parameters>
      </function>
      <function command="" loc="14:/home/kasper/tinyos-main//tos/chips/msp430/usart/HplMsp430I2C.nc" name="enableI2C" provided="0" ref="0x2ac2c3ae7328">
        <interfacedef-ref nicename="HplMsp430I2C" qname="HplMsp430I2C"/>
        <type-function alignment="I:1" size="I:1">
          <type-void alignment="I:1" size="I:1"/>
          <function-parameters>
          </function-parameters>
        </type-function>
        <parameters>
        </parameters>
      </function>
      <function command="" loc="38:/home/kasper/tinyos-main//tos/chips/msp430/usart/HplMsp430I2C.nc" name="setStartBit" provided="0" ref="0x2ac2c3b2ddd0">
        <interfacedef-ref nicename="HplMsp430I2C" qname="HplMsp430I2C"/>
        <type-function alignment="I:1" size="I:1">
          <type-void alignment="I:1" size="I:1"/>
          <function-parameters>
          </function-parameters>
        </type-function>
        <parameters>
        </parameters>
      </function>
      <function command="" loc="45:/home/kasper/tinyos-main//tos/chips/msp430/usart/HplMsp430I2C.nc" name="getTransferByteCount" provided="0" ref="0x2ac2c3b2b5c0">
        <interfacedef-ref nicename="HplMsp430I2C" qname="HplMsp430I2C"/>
        <type-function alignment="I:1" size="I:1">
          <type-int alignment="I:1" cname="unsigned char" size="I:1" unsigned="">
            <typename><typedef-ref name="uint8_t" ref="0x2ac2c209a790"/></typename>
          </type-int>
          <function-parameters>
          </function-parameters>
        </type-function>
        <parameters>
        </parameters>
      </function>
      <function command="" loc="27:/home/kasper/tinyos-main//tos/chips/msp430/usart/HplMsp430I2C.nc" name="getTransmitReceiveMode" provided="0" ref="0x2ac2c3ae14c0">
        <interfacedef-ref nicename="HplMsp430I2C" qname="HplMsp430I2C"/>
        <type-function alignment="I:1" size="I:1">
          <type-int alignment="I:1" cname="unsigned char" size="I:1" unsigned="">
            <typename><typedef-ref name="bool" ref="0x2ac2c29e01d0"/></typename>
          </type-int>
          <function-parameters>
          </function-parameters>
        </type-function>
        <parameters>
        </parameters>
      </function>
      <function command="" loc="7:/home/kasper/tinyos-main//tos/chips/msp430/usart/HplMsp430I2C.nc" name="clearModeI2C" provided="0" ref="0x2ac2c3ae93e0">
        <interfacedef-ref nicename="HplMsp430I2C" qname="HplMsp430I2C"/>
        <type-function alignment="I:1" size="I:1">
          <type-void alignment="I:1" size="I:1"/>
          <function-parameters>
          </function-parameters>
        </type-function>
        <parameters>
        </parameters>
      </function>
      <function command="" loc="58:/home/kasper/tinyos-main//tos/chips/msp430/usart/HplMsp430I2C.nc" name="setOwnAddress" provided="0" ref="0x2ac2c3b264f0">
        <interfacedef-ref nicename="HplMsp430I2C" qname="HplMsp430I2C"/>
        <type-function alignment="I:1" size="I:1">
          <type-void alignment="I:1" size="I:1"/>
          <function-parameters>
            <type-int alignment="I:2" cname="unsigned int" size="I:2" unsigned="">
              <typename><typedef-ref name="uint16_t" ref="0x2ac2c209ab20"/></typename>
            </type-int>
          </function-parameters>
        </type-function>
        <parameters>
          <variable loc="58:/home/kasper/tinyos-main//tos/chips/msp430/usart/HplMsp430I2C.nc" name="addr" ref="0x2ac2c3b26280">
            <type-int alignment="I:2" cname="unsigned int" size="I:2" unsigned="">
              <typename><typedef-ref name="uint16_t" ref="0x2ac2c209ab20"/></typename>
            </type-int>
          </variable>
        </parameters>
      </function>
      <function command="" loc="6:/home/kasper/tinyos-main//tos/chips/msp430/usart/HplMsp430I2C.nc" name="isI2C" provided="0" ref="0x2ac2c3aeccd8">
        <interfacedef-ref nicename="HplMsp430I2C" qname="HplMsp430I2C"/>
        <type-function alignment="I:1" size="I:1">
          <type-int alignment="I:1" cname="unsigned char" size="I:1" unsigned="">
            <typename><typedef-ref name="bool" ref="0x2ac2c29e01d0"/></typename>
          </type-int>
          <function-parameters>
          </function-parameters>
        </type-function>
        <parameters>
        </parameters>
      </function>
      <function command="" loc="69:/home/kasper/tinyos-main//tos/chips/msp430/usart/HplMsp430I2C.nc" name="enableGeneralCall" provided="0" ref="0x2ac2c3b22328">
        <interfacedef-ref nicename="HplMsp430I2C" qname="HplMsp430I2C"/>
        <type-function alignment="I:1" size="I:1">
          <type-void alignment="I:1" size="I:1"/>
          <function-parameters>
          </function-parameters>
        </type-function>
        <parameters>
        </parameters>
      </function>
      <function command="" loc="81:/home/kasper/tinyos-main//tos/chips/msp430/usart/HplMsp430I2C.nc" name="enableOwnAddress" provided="0" ref="0x2ac2c3b1ec50">
        <interfacedef-ref nicename="HplMsp430I2C" qname="HplMsp430I2C"/>
        <type-function alignment="I:1" size="I:1">
          <type-void alignment="I:1" size="I:1"/>
          <function-parameters>
          </function-parameters>
        </type-function>
        <parameters>
        </parameters>
      </function>
      <function command="" loc="94:/home/kasper/tinyos-main//tos/chips/msp430/usart/HplMsp430I2C.nc" name="isAccessReadyPending" provided="0" ref="0x2ac2c3b18290">
        <interfacedef-ref nicename="HplMsp430I2C" qname="HplMsp430I2C"/>
        <type-function alignment="I:1" size="I:1">
          <type-int alignment="I:1" cname="unsigned char" size="I:1" unsigned="">
            <typename><typedef-ref name="bool" ref="0x2ac2c29e01d0"/></typename>
          </type-int>
          <function-parameters>
          </function-parameters>
        </type-function>
        <parameters>
        </parameters>
      </function>
      <function command="" loc="97:/home/kasper/tinyos-main//tos/chips/msp430/usart/HplMsp430I2C.nc" name="isArbitrationLostPending" provided="0" ref="0x2ac2c3b16888">
        <interfacedef-ref nicename="HplMsp430I2C" qname="HplMsp430I2C"/>
        <type-function alignment="I:1" size="I:1">
          <type-int alignment="I:1" cname="unsigned char" size="I:1" unsigned="">
            <typename><typedef-ref name="bool" ref="0x2ac2c29e01d0"/></typename>
          </type-int>
          <function-parameters>
          </function-parameters>
        </type-function>
        <parameters>
        </parameters>
      </function>
      <function command="" loc="74:/home/kasper/tinyos-main//tos/chips/msp430/usart/HplMsp430I2C.nc" name="disableReceiveReady" provided="0" ref="0x2ac2c3b218e8">
        <interfacedef-ref nicename="HplMsp430I2C" qname="HplMsp430I2C"/>
        <type-function alignment="I:1" size="I:1">
          <type-void alignment="I:1" size="I:1"/>
          <function-parameters>
          </function-parameters>
        </type-function>
        <parameters>
        </parameters>
      </function>
      <function command="" loc="83:/home/kasper/tinyos-main//tos/chips/msp430/usart/HplMsp430I2C.nc" name="disableNoAck" provided="0" ref="0x2ac2c3b1d360">
        <interfacedef-ref nicename="HplMsp430I2C" qname="HplMsp430I2C"/>
        <type-function alignment="I:1" size="I:1">
          <type-void alignment="I:1" size="I:1"/>
          <function-parameters>
          </function-parameters>
        </type-function>
        <parameters>
        </parameters>
      </function>
      <function command="" loc="65:/home/kasper/tinyos-main//tos/chips/msp430/usart/HplMsp430I2C.nc" name="disableStartDetect" provided="0" ref="0x2ac2c3b25ce8">
        <interfacedef-ref nicename="HplMsp430I2C" qname="HplMsp430I2C"/>
        <type-function alignment="I:1" size="I:1">
          <type-void alignment="I:1" size="I:1"/>
          <function-parameters>
          </function-parameters>
        </type-function>
        <parameters>
        </parameters>
      </function>
      <function command="" loc="87:/home/kasper/tinyos-main//tos/chips/msp430/usart/HplMsp430I2C.nc" name="enableArbitrationLost" provided="0" ref="0x2ac2c3b1cca0">
        <interfacedef-ref nicename="HplMsp430I2C" qname="HplMsp430I2C"/>
        <type-function alignment="I:1" size="I:1">
          <type-void alignment="I:1" size="I:1"/>
          <function-parameters>
          </function-parameters>
        </type-function>
        <parameters>
        </parameters>
      </function>
      <function command="" loc="15:/home/kasper/tinyos-main//tos/chips/msp430/usart/HplMsp430I2C.nc" name="disableI2C" provided="0" ref="0x2ac2c3ae79e0">
        <interfacedef-ref nicename="HplMsp430I2C" qname="HplMsp430I2C"/>
        <type-function alignment="I:1" size="I:1">
          <type-void alignment="I:1" size="I:1"/>
          <function-parameters>
          </function-parameters>
        </type-function>
        <parameters>
        </parameters>
      </function>
      <function command="" loc="53:/home/kasper/tinyos-main//tos/chips/msp430/usart/HplMsp430I2C.nc" name="getShiftClock" provided="0" ref="0x2ac2c3b28ac8">
        <interfacedef-ref nicename="HplMsp430I2C" qname="HplMsp430I2C"/>
        <type-function alignment="I:1" size="I:1">
          <type-int alignment="I:2" cname="unsigned int" size="I:2" unsigned="">
            <typename><typedef-ref name="uint16_t" ref="0x2ac2c209ab20"/></typename>
          </type-int>
          <function-parameters>
          </function-parameters>
        </type-function>
        <parameters>
        </parameters>
      </function>
      <function command="" loc="86:/home/kasper/tinyos-main//tos/chips/msp430/usart/HplMsp430I2C.nc" name="disableArbitrationLost" provided="0" ref="0x2ac2c3b1c178">
        <interfacedef-ref nicename="HplMsp430I2C" qname="HplMsp430I2C"/>
        <type-function alignment="I:1" size="I:1">
          <type-void alignment="I:1" size="I:1"/>
          <function-parameters>
          </function-parameters>
        </type-function>
        <parameters>
        </parameters>
      </function>
      <function command="" loc="77:/home/kasper/tinyos-main//tos/chips/msp430/usart/HplMsp430I2C.nc" name="disableAccessReady" provided="0" ref="0x2ac2c3b1f728">
        <interfacedef-ref nicename="HplMsp430I2C" qname="HplMsp430I2C"/>
        <type-function alignment="I:1" size="I:1">
          <type-void alignment="I:1" size="I:1"/>
          <function-parameters>
          </function-parameters>
        </type-function>
        <parameters>
        </parameters>
      </function>
      <function command="" loc="46:/home/kasper/tinyos-main//tos/chips/msp430/usart/HplMsp430I2C.nc" name="setTransferByteCount" provided="0" ref="0x2ac2c3b2a290">
        <interfacedef-ref nicename="HplMsp430I2C" qname="HplMsp430I2C"/>
        <type-function alignment="I:1" size="I:1">
          <type-void alignment="I:1" size="I:1"/>
          <function-parameters>
            <type-int alignment="I:1" cname="unsigned char" size="I:1" unsigned="">
              <typename><typedef-ref name="uint8_t" ref="0x2ac2c209a790"/></typename>
            </type-int>
          </function-parameters>
        </type-function>
        <parameters>
          <variable loc="46:/home/kasper/tinyos-main//tos/chips/msp430/usart/HplMsp430I2C.nc" name="count" ref="0x2ac2c3b2a020">
            <type-int alignment="I:1" cname="unsigned char" size="I:1" unsigned="">
              <typename><typedef-ref name="uint8_t" ref="0x2ac2c209a790"/></typename>
            </type-int>
          </variable>
        </parameters>
      </function>
      <function command="" loc="95:/home/kasper/tinyos-main//tos/chips/msp430/usart/HplMsp430I2C.nc" name="isOwnAddressPending" provided="0" ref="0x2ac2c3b189d0">
        <interfacedef-ref nicename="HplMsp430I2C" qname="HplMsp430I2C"/>
        <type-function alignment="I:1" size="I:1">
          <type-int alignment="I:1" cname="unsigned char" size="I:1" unsigned="">
            <typename><typedef-ref name="bool" ref="0x2ac2c29e01d0"/></typename>
          </type-int>
          <function-parameters>
          </function-parameters>
        </type-function>
        <parameters>
        </parameters>
      </function>
      <function command="" loc="57:/home/kasper/tinyos-main//tos/chips/msp430/usart/HplMsp430I2C.nc" name="getOwnAddress" provided="0" ref="0x2ac2c3b27b90">
        <interfacedef-ref nicename="HplMsp430I2C" qname="HplMsp430I2C"/>
        <type-function alignment="I:1" size="I:1">
          <type-int alignment="I:2" cname="unsigned int" size="I:2" unsigned="">
            <typename><typedef-ref name="uint16_t" ref="0x2ac2c209ab20"/></typename>
          </type-int>
          <function-parameters>
          </function-parameters>
        </type-function>
        <parameters>
        </parameters>
      </function>
      <function command="" loc="72:/home/kasper/tinyos-main//tos/chips/msp430/usart/HplMsp430I2C.nc" name="enableTransmitReady" provided="0" ref="0x2ac2c3b211d8">
        <interfacedef-ref nicename="HplMsp430I2C" qname="HplMsp430I2C"/>
        <type-function alignment="I:1" size="I:1">
          <type-void alignment="I:1" size="I:1"/>
          <function-parameters>
          </function-parameters>
        </type-function>
        <parameters>
        </parameters>
      </function>
      <function command="" loc="8:/home/kasper/tinyos-main//tos/chips/msp430/usart/HplMsp430I2C.nc" name="setModeI2C" provided="0" ref="0x2ac2c3ae9de8">
        <interfacedef-ref nicename="HplMsp430I2C" qname="HplMsp430I2C"/>
        <type-function alignment="I:1" size="I:1">
          <type-void alignment="I:1" size="I:1"/>
          <function-parameters>
            <type-pointer alignment="I:2" size="I:2">
              <type-tag alignment="I:2" size="I:8"><union-ref ref="0x2ac2c3a5e500"/>
                <typename><typedef-ref name="msp430_i2c_union_config_t" ref="0x2ac2c3a5e908"/></typename>
              </type-tag>
            </type-pointer>
          </function-parameters>
        </type-function>
        <parameters>
          <variable loc="8:/home/kasper/tinyos-main//tos/chips/msp430/usart/HplMsp430I2C.nc" name="config" ref="0x2ac2c3ae9b78">
            <type-pointer alignment="I:2" size="I:2">
              <type-tag alignment="I:2" size="I:8"><union-ref ref="0x2ac2c3a5e500"/>
                <typename><typedef-ref name="msp430_i2c_union_config_t" ref="0x2ac2c3a5e908"/></typename>
              </type-tag>
            </type-pointer>
          </variable>
        </parameters>
      </function>
      <function command="" loc="37:/home/kasper/tinyos-main//tos/chips/msp430/usart/HplMsp430I2C.nc" name="getStartBit" provided="0" ref="0x2ac2c3b2d710">
        <interfacedef-ref nicename="HplMsp430I2C" qname="HplMsp430I2C"/>
        <type-function alignment="I:1" size="I:1">
          <type-int alignment="I:1" cname="unsigned char" size="I:1" unsigned="">
            <typename><typedef-ref name="bool" ref="0x2ac2c29e01d0"/></typename>
          </type-int>
          <function-parameters>
          </function-parameters>
        </type-function>
        <parameters>
        </parameters>
      </function>
      <function command="" loc="19:/home/kasper/tinyos-main//tos/chips/msp430/usart/HplMsp430I2C.nc" name="setWordMode" provided="0" ref="0x2ac2c3ae5a70">
        <interfacedef-ref nicename="HplMsp430I2C" qname="HplMsp430I2C"/>
        <type-function alignment="I:1" size="I:1">
          <type-void alignment="I:1" size="I:1"/>
          <function-parameters>
            <type-int alignment="I:1" cname="unsigned char" size="I:1" unsigned="">
              <typename><typedef-ref name="bool" ref="0x2ac2c29e01d0"/></typename>
            </type-int>
          </function-parameters>
        </type-function>
        <parameters>
          <variable loc="19:/home/kasper/tinyos-main//tos/chips/msp430/usart/HplMsp430I2C.nc" name="mode" ref="0x2ac2c3ae5800">
            <type-int alignment="I:1" cname="unsigned char" size="I:1" unsigned="">
              <typename><typedef-ref name="bool" ref="0x2ac2c29e01d0"/></typename>
            </type-int>
          </variable>
        </parameters>
      </function>
      <function command="" loc="42:/home/kasper/tinyos-main//tos/chips/msp430/usart/HplMsp430I2C.nc" name="setData" provided="0" ref="0x2ac2c3b2ce00">
        <interfacedef-ref nicename="HplMsp430I2C" qname="HplMsp430I2C"/>
        <type-function alignment="I:1" size="I:1">
          <type-void alignment="I:1" size="I:1"/>
          <function-parameters>
            <type-int alignment="I:1" cname="unsigned char" size="I:1" unsigned="">
              <typename><typedef-ref name="uint8_t" ref="0x2ac2c209a790"/></typename>
            </type-int>
          </function-parameters>
        </type-function>
        <parameters>
          <variable loc="42:/home/kasper/tinyos-main//tos/chips/msp430/usart/HplMsp430I2C.nc" name="data" ref="0x2ac2c3b2cb90">
            <type-int alignment="I:1" cname="unsigned char" size="I:1" unsigned="">
              <typename><typedef-ref name="uint8_t" ref="0x2ac2c209a790"/></typename>
            </type-int>
          </variable>
        </parameters>
      </function>
      <function command="" loc="90:/home/kasper/tinyos-main//tos/chips/msp430/usart/HplMsp430I2C.nc" name="isStartDetectPending" provided="0" ref="0x2ac2c3b1a4b0">
        <interfacedef-ref nicename="HplMsp430I2C" qname="HplMsp430I2C"/>
        <type-function alignment="I:1" size="I:1">
          <type-int alignment="I:1" cname="unsigned char" size="I:1" unsigned="">
            <typename><typedef-ref name="bool" ref="0x2ac2c29e01d0"/></typename>
          </type-int>
          <function-parameters>
          </function-parameters>
        </type-function>
        <parameters>
        </parameters>
      </function>
      <function command="" loc="24:/home/kasper/tinyos-main//tos/chips/msp430/usart/HplMsp430I2C.nc" name="getClockSource" provided="0" ref="0x2ac2c3ae3258">
        <interfacedef-ref nicename="HplMsp430I2C" qname="HplMsp430I2C"/>
        <type-function alignment="I:1" size="I:1">
          <type-int alignment="I:1" cname="unsigned char" size="I:1" unsigned="">
            <typename><typedef-ref name="uint8_t" ref="0x2ac2c209a790"/></typename>
          </type-int>
          <function-parameters>
          </function-parameters>
        </type-function>
        <parameters>
        </parameters>
      </function>
      <function command="" loc="18:/home/kasper/tinyos-main//tos/chips/msp430/usart/HplMsp430I2C.nc" name="getWordMode" provided="0" ref="0x2ac2c3ae5178">
        <interfacedef-ref nicename="HplMsp430I2C" qname="HplMsp430I2C"/>
        <type-function alignment="I:1" size="I:1">
          <type-int alignment="I:1" cname="unsigned char" size="I:1" unsigned="">
            <typename><typedef-ref name="bool" ref="0x2ac2c29e01d0"/></typename>
          </type-int>
          <function-parameters>
          </function-parameters>
        </type-function>
        <parameters>
        </parameters>
      </function>
      <function command="" loc="54:/home/kasper/tinyos-main//tos/chips/msp430/usart/HplMsp430I2C.nc" name="setShiftClock" provided="0" ref="0x2ac2c3b27440">
        <interfacedef-ref nicename="HplMsp430I2C" qname="HplMsp430I2C"/>
        <type-function alignment="I:1" size="I:1">
          <type-void alignment="I:1" size="I:1"/>
          <function-parameters>
            <type-int alignment="I:2" cname="unsigned int" size="I:2" unsigned="">
              <typename><typedef-ref name="uint16_t" ref="0x2ac2c209ab20"/></typename>
            </type-int>
          </function-parameters>
        </type-function>
        <parameters>
          <variable loc="54:/home/kasper/tinyos-main//tos/chips/msp430/usart/HplMsp430I2C.nc" name="shift" ref="0x2ac2c3b271d0">
            <type-int alignment="I:2" cname="unsigned int" size="I:2" unsigned="">
              <typename><typedef-ref name="uint16_t" ref="0x2ac2c209ab20"/></typename>
            </type-int>
          </variable>
        </parameters>
      </function>
      <function command="" loc="12:/home/kasper/tinyos-main//tos/chips/msp430/usart/HplMsp430I2C.nc" name="setSlaveMode" provided="0" ref="0x2ac2c3ae8be0">
        <interfacedef-ref nicename="HplMsp430I2C" qname="HplMsp430I2C"/>
        <type-function alignment="I:1" size="I:1">
          <type-void alignment="I:1" size="I:1"/>
          <function-parameters>
          </function-parameters>
        </type-function>
        <parameters>
        </parameters>
      </function>
      <function command="" loc="84:/home/kasper/tinyos-main//tos/chips/msp430/usart/HplMsp430I2C.nc" name="enableNoAck" provided="0" ref="0x2ac2c3b1da20">
        <interfacedef-ref nicename="HplMsp430I2C" qname="HplMsp430I2C"/>
        <type-function alignment="I:1" size="I:1">
          <type-void alignment="I:1" size="I:1"/>
          <function-parameters>
          </function-parameters>
        </type-function>
        <parameters>
        </parameters>
      </function>
      <function command="" loc="75:/home/kasper/tinyos-main//tos/chips/msp430/usart/HplMsp430I2C.nc" name="enableReceiveReady" provided="0" ref="0x2ac2c3b1f020">
        <interfacedef-ref nicename="HplMsp430I2C" qname="HplMsp430I2C"/>
        <type-function alignment="I:1" size="I:1">
          <type-void alignment="I:1" size="I:1"/>
          <function-parameters>
          </function-parameters>
        </type-function>
        <parameters>
        </parameters>
      </function>
      <function command="" loc="68:/home/kasper/tinyos-main//tos/chips/msp430/usart/HplMsp430I2C.nc" name="disableGeneralCall" provided="0" ref="0x2ac2c3b23b98">
        <interfacedef-ref nicename="HplMsp430I2C" qname="HplMsp430I2C"/>
        <type-function alignment="I:1" size="I:1">
          <type-void alignment="I:1" size="I:1"/>
          <function-parameters>
          </function-parameters>
        </type-function>
        <parameters>
        </parameters>
      </function>
      <function command="" loc="50:/home/kasper/tinyos-main//tos/chips/msp430/usart/HplMsp430I2C.nc" name="setClockPrescaler" provided="0" ref="0x2ac2c3b28378">
        <interfacedef-ref nicename="HplMsp430I2C" qname="HplMsp430I2C"/>
        <type-function alignment="I:1" size="I:1">
          <type-void alignment="I:1" size="I:1"/>
          <function-parameters>
            <type-int alignment="I:1" cname="unsigned char" size="I:1" unsigned="">
              <typename><typedef-ref name="uint8_t" ref="0x2ac2c209a790"/></typename>
            </type-int>
          </function-parameters>
        </type-function>
        <parameters>
          <variable loc="50:/home/kasper/tinyos-main//tos/chips/msp430/usart/HplMsp430I2C.nc" name="scaler" ref="0x2ac2c3b28108">
            <type-int alignment="I:1" cname="unsigned char" size="I:1" unsigned="">
              <typename><typedef-ref name="uint8_t" ref="0x2ac2c209a790"/></typename>
            </type-int>
          </variable>
        </parameters>
      </function>
      <function command="" loc="35:/home/kasper/tinyos-main//tos/chips/msp430/usart/HplMsp430I2C.nc" name="setStopBit" provided="0" ref="0x2ac2c3b2d020">
        <interfacedef-ref nicename="HplMsp430I2C" qname="HplMsp430I2C"/>
        <type-function alignment="I:1" size="I:1">
          <type-void alignment="I:1" size="I:1"/>
          <function-parameters>
          </function-parameters>
        </type-function>
        <parameters>
        </parameters>
      </function>
      <function command="" loc="29:/home/kasper/tinyos-main//tos/chips/msp430/usart/HplMsp430I2C.nc" name="setReceiveMode" provided="0" ref="0x2ac2c3ae0328">
        <interfacedef-ref nicename="HplMsp430I2C" qname="HplMsp430I2C"/>
        <type-function alignment="I:1" size="I:1">
          <type-void alignment="I:1" size="I:1"/>
          <function-parameters>
          </function-parameters>
        </type-function>
        <parameters>
        </parameters>
      </function>
      <function command="" loc="96:/home/kasper/tinyos-main//tos/chips/msp430/usart/HplMsp430I2C.nc" name="isNoAckPending" provided="0" ref="0x2ac2c3b16110">
        <interfacedef-ref nicename="HplMsp430I2C" qname="HplMsp430I2C"/>
        <type-function alignment="I:1" size="I:1">
          <type-int alignment="I:1" cname="unsigned char" size="I:1" unsigned="">
            <typename><typedef-ref name="bool" ref="0x2ac2c29e01d0"/></typename>
          </type-int>
          <function-parameters>
          </function-parameters>
        </type-function>
        <parameters>
        </parameters>
      </function>
      <function command="" loc="22:/home/kasper/tinyos-main//tos/chips/msp430/usart/HplMsp430I2C.nc" name="setRepeatMode" provided="0" ref="0x2ac2c3ae4ae8">
        <interfacedef-ref nicename="HplMsp430I2C" qname="HplMsp430I2C"/>
        <type-function alignment="I:1" size="I:1">
          <type-void alignment="I:1" size="I:1"/>
          <function-parameters>
            <type-int alignment="I:1" cname="unsigned char" size="I:1" unsigned="">
              <typename><typedef-ref name="bool" ref="0x2ac2c29e01d0"/></typename>
            </type-int>
          </function-parameters>
        </type-function>
        <parameters>
          <variable loc="22:/home/kasper/tinyos-main//tos/chips/msp430/usart/HplMsp430I2C.nc" name="mode" ref="0x2ac2c3ae4878">
            <type-int alignment="I:1" cname="unsigned char" size="I:1" unsigned="">
              <typename><typedef-ref name="bool" ref="0x2ac2c29e01d0"/></typename>
            </type-int>
          </variable>
        </parameters>
      </function>
      <function command="" loc="92:/home/kasper/tinyos-main//tos/chips/msp430/usart/HplMsp430I2C.nc" name="isTransmitReadyPending" provided="0" ref="0x2ac2c3b193a0">
        <interfacedef-ref nicename="HplMsp430I2C" qname="HplMsp430I2C"/>
        <type-function alignment="I:1" size="I:1">
          <type-int alignment="I:1" cname="unsigned char" size="I:1" unsigned="">
            <typename><typedef-ref name="bool" ref="0x2ac2c29e01d0"/></typename>
          </type-int>
          <function-parameters>
          </function-parameters>
        </type-function>
        <parameters>
        </parameters>
      </function>
      <function command="" loc="32:/home/kasper/tinyos-main//tos/chips/msp430/usart/HplMsp430I2C.nc" name="setStartByte" provided="0" ref="0x2ac2c3b2f178">
        <interfacedef-ref nicename="HplMsp430I2C" qname="HplMsp430I2C"/>
        <type-function alignment="I:1" size="I:1">
          <type-void alignment="I:1" size="I:1"/>
          <function-parameters>
          </function-parameters>
        </type-function>
        <parameters>
        </parameters>
      </function>
      <function command="" loc="93:/home/kasper/tinyos-main//tos/chips/msp430/usart/HplMsp430I2C.nc" name="isReceiveReadyPending" provided="0" ref="0x2ac2c3b19af8">
        <interfacedef-ref nicename="HplMsp430I2C" qname="HplMsp430I2C"/>
        <type-function alignment="I:1" size="I:1">
          <type-int alignment="I:1" cname="unsigned char" size="I:1" unsigned="">
            <typename><typedef-ref name="bool" ref="0x2ac2c29e01d0"/></typename>
          </type-int>
          <function-parameters>
          </function-parameters>
        </type-function>
        <parameters>
        </parameters>
      </function>
    </interfacedef>