<?xml version="1.0" ?><interfacedef loc="43:/home/kasper/tinyos-main//tos/interfaces/LocalIeeeEui64.nc" nicename="LocalIeeeEui64" qname="LocalIeeeEui64">
      <documentation loc="39:/home/kasper/tinyos-main//tos/interfaces/LocalIeeeEui64.nc">
        <short>
 Interface to read the 64-bit IEEE EUI.</short>
        <long>
 Interface to read the 64-bit IEEE EUI.

</long>
      </documentation>
      <function command="" loc="48:/home/kasper/tinyos-main//tos/interfaces/LocalIeeeEui64.nc" name="getId" provided="0" ref="0x2ac2c37e5020">
        <documentation loc="44:/home/kasper/tinyos-main//tos/interfaces/LocalIeeeEui64.nc">
          <short>
 Get the 64-bit IEEE EUI.</short>
          <long>
 Get the 64-bit IEEE EUI.
 @returns the 64-bit IEEE EUI type, defined in tos/types/IeeeEui64.h
</long>
        </documentation>
        <interfacedef-ref nicename="LocalIeeeEui64" qname="LocalIeeeEui64"/>
        <type-function alignment="I:1" size="I:1">
          <type-tag alignment="I:1" size="I:8"><struct-ref name="ieee_eui64" ref="0x2ac2c36fc340"/>
            <typename><typedef-ref name="ieee_eui64_t" ref="0x2ac2c36fca68"/></typename>
          </type-tag>
          <function-parameters>
          </function-parameters>
        </type-function>
        <parameters>
        </parameters>
      </function>
    </interfacedef>