<?xml version="1.0" ?><interfacedef loc="46:/home/kasper/tinyos-main//tos/interfaces/McuPowerState.nc" nicename="McuPowerState" qname="McuPowerState">
      <documentation loc="35:/home/kasper/tinyos-main//tos/interfaces/McuPowerState.nc">
        <short>
 Interface to instruct TinyOS that the low-power state of the MCU
 may have changed.</short>
        <long>
 Interface to instruct TinyOS that the low-power state of the MCU
 may have changed. TEP 112 describes how an MCU computes this state
 and how the Scheduler uses this interface to manage system power
 draw.
 
 @author Philip Levis
 @date   Oct 26, 2005
 @see    TEP 112: Microcontroller Power Management
</long>
      </documentation>
      <function command="" loc="52:/home/kasper/tinyos-main//tos/interfaces/McuPowerState.nc" name="update" provided="0" ref="0x2ac2c2b4ad18">
        <documentation loc="47:/home/kasper/tinyos-main//tos/interfaces/McuPowerState.nc">
          <short> 
 Called by any component to tell TinyOS that the MCU low
 power state may have changed.</short>
          <long> 
 Called by any component to tell TinyOS that the MCU low
 power state may have changed. Generally, this should be
 called whenever a peripheral/timer is started/stopped. 
</long>
        </documentation>
        <interfacedef-ref nicename="McuPowerState" qname="McuPowerState"/>
        <type-function alignment="I:1" size="I:1">
          <type-void alignment="I:1" size="I:1"/>
          <function-parameters>
          </function-parameters>
        </type-function>
        <parameters>
        </parameters>
      </function>
    </interfacedef>