<?xml version="1.0" ?><interfacedef loc="38:/home/kasper/tinyos-main//tos/chips/msp430/timer/Msp430ClockInit.nc" nicename="Msp430ClockInit" qname="Msp430ClockInit">
      <documentation loc="33:/home/kasper/tinyos-main//tos/chips/msp430/timer/Msp430ClockInit.nc">
        <short>
 </short>
        <long>
 @author Cory Sharp &lt;cssharp@eecs.berkeley.edu&gt;
 @author Vlado Handziski &lt;handzisk@tkn.tu-berlin.de&gt;
</long>
      </documentation>
      <function command="" loc="48:/home/kasper/tinyos-main//tos/chips/msp430/timer/Msp430ClockInit.nc" name="defaultInitTimerB" provided="0" ref="0x2ac2c2e92290">
        <interfacedef-ref nicename="Msp430ClockInit" qname="Msp430ClockInit"/>
        <type-function alignment="I:1" size="I:1">
          <type-void alignment="I:1" size="I:1"/>
          <function-parameters>
          </function-parameters>
        </type-function>
        <parameters>
        </parameters>
      </function>
      <function event="" loc="43:/home/kasper/tinyos-main//tos/chips/msp430/timer/Msp430ClockInit.nc" name="initTimerB" provided="0" ref="0x2ac2c2e946a0">
        <interfacedef-ref nicename="Msp430ClockInit" qname="Msp430ClockInit"/>
        <type-function alignment="I:1" size="I:1">
          <type-void alignment="I:1" size="I:1"/>
          <function-parameters>
          </function-parameters>
        </type-function>
        <parameters>
        </parameters>
      </function>
      <function command="" loc="47:/home/kasper/tinyos-main//tos/chips/msp430/timer/Msp430ClockInit.nc" name="defaultInitTimerA" provided="0" ref="0x2ac2c2e93b90">
        <interfacedef-ref nicename="Msp430ClockInit" qname="Msp430ClockInit"/>
        <type-function alignment="I:1" size="I:1">
          <type-void alignment="I:1" size="I:1"/>
          <function-parameters>
          </function-parameters>
        </type-function>
        <parameters>
        </parameters>
      </function>
      <function event="" loc="42:/home/kasper/tinyos-main//tos/chips/msp430/timer/Msp430ClockInit.nc" name="initTimerA" provided="0" ref="0x2ac2c2e94020">
        <interfacedef-ref nicename="Msp430ClockInit" qname="Msp430ClockInit"/>
        <type-function alignment="I:1" size="I:1">
          <type-void alignment="I:1" size="I:1"/>
          <function-parameters>
          </function-parameters>
        </type-function>
        <parameters>
        </parameters>
      </function>
      <function command="" loc="45:/home/kasper/tinyos-main//tos/chips/msp430/timer/Msp430ClockInit.nc" name="defaultSetupDcoCalibrate" provided="0" ref="0x2ac2c2e94db0">
        <interfacedef-ref nicename="Msp430ClockInit" qname="Msp430ClockInit"/>
        <type-function alignment="I:1" size="I:1">
          <type-void alignment="I:1" size="I:1"/>
          <function-parameters>
          </function-parameters>
        </type-function>
        <parameters>
        </parameters>
      </function>
      <function event="" loc="40:/home/kasper/tinyos-main//tos/chips/msp430/timer/Msp430ClockInit.nc" name="setupDcoCalibrate" provided="0" ref="0x2ac2c2e96290">
        <interfacedef-ref nicename="Msp430ClockInit" qname="Msp430ClockInit"/>
        <type-function alignment="I:1" size="I:1">
          <type-void alignment="I:1" size="I:1"/>
          <function-parameters>
          </function-parameters>
        </type-function>
        <parameters>
        </parameters>
      </function>
      <function event="" loc="41:/home/kasper/tinyos-main//tos/chips/msp430/timer/Msp430ClockInit.nc" name="initClocks" provided="0" ref="0x2ac2c2e96910">
        <interfacedef-ref nicename="Msp430ClockInit" qname="Msp430ClockInit"/>
        <type-function alignment="I:1" size="I:1">
          <type-void alignment="I:1" size="I:1"/>
          <function-parameters>
          </function-parameters>
        </type-function>
        <parameters>
        </parameters>
      </function>
      <function command="" loc="46:/home/kasper/tinyos-main//tos/chips/msp430/timer/Msp430ClockInit.nc" name="defaultInitClocks" provided="0" ref="0x2ac2c2e934c8">
        <interfacedef-ref nicename="Msp430ClockInit" qname="Msp430ClockInit"/>
        <type-function alignment="I:1" size="I:1">
          <type-void alignment="I:1" size="I:1"/>
          <function-parameters>
          </function-parameters>
        </type-function>
        <parameters>
        </parameters>
      </function>
    </interfacedef>