<?xml version="1.0" ?><interfacedef loc="38:/home/kasper/tinyos-main//tos/chips/msp430/timer/Msp430Compare.nc" nicename="Msp430Compare" qname="Msp430Compare">
      <documentation loc="33:/home/kasper/tinyos-main//tos/chips/msp430/timer/Msp430Compare.nc">
        <short>
 </short>
        <long>
 @author Cory Sharp &lt;cssharp@eecs.berkeley.edu&gt;
</long>
      </documentation>
      <function command="" loc="40:/home/kasper/tinyos-main//tos/chips/msp430/timer/Msp430Compare.nc" name="getEvent" provided="0" ref="0x2ac2c2ef6818">
        <interfacedef-ref nicename="Msp430Compare" qname="Msp430Compare"/>
        <type-function alignment="I:1" size="I:1">
          <type-int alignment="I:2" cname="unsigned int" size="I:2" unsigned="">
            <typename><typedef-ref name="uint16_t" ref="0x2ac2c209ab20"/></typename>
          </type-int>
          <function-parameters>
          </function-parameters>
        </type-function>
        <parameters>
        </parameters>
      </function>
      <function command="" loc="41:/home/kasper/tinyos-main//tos/chips/msp430/timer/Msp430Compare.nc" name="setEvent" provided="0" ref="0x2ac2c2ef3290">
        <interfacedef-ref nicename="Msp430Compare" qname="Msp430Compare"/>
        <type-function alignment="I:1" size="I:1">
          <type-void alignment="I:1" size="I:1"/>
          <function-parameters>
            <type-int alignment="I:2" cname="unsigned int" size="I:2" unsigned="">
              <typename><typedef-ref name="uint16_t" ref="0x2ac2c209ab20"/></typename>
            </type-int>
          </function-parameters>
        </type-function>
        <parameters>
          <variable loc="41:/home/kasper/tinyos-main//tos/chips/msp430/timer/Msp430Compare.nc" name="time" ref="0x2ac2c2ef3020">
            <type-int alignment="I:2" cname="unsigned int" size="I:2" unsigned="">
              <typename><typedef-ref name="uint16_t" ref="0x2ac2c209ab20"/></typename>
            </type-int>
          </variable>
        </parameters>
      </function>
      <function command="" loc="42:/home/kasper/tinyos-main//tos/chips/msp430/timer/Msp430Compare.nc" name="setEventFromPrev" provided="0" ref="0x2ac2c2ef3bf0">
        <interfacedef-ref nicename="Msp430Compare" qname="Msp430Compare"/>
        <type-function alignment="I:1" size="I:1">
          <type-void alignment="I:1" size="I:1"/>
          <function-parameters>
            <type-int alignment="I:2" cname="unsigned int" size="I:2" unsigned="">
              <typename><typedef-ref name="uint16_t" ref="0x2ac2c209ab20"/></typename>
            </type-int>
          </function-parameters>
        </type-function>
        <parameters>
          <variable loc="42:/home/kasper/tinyos-main//tos/chips/msp430/timer/Msp430Compare.nc" name="delta" ref="0x2ac2c2ef3980">
            <type-int alignment="I:2" cname="unsigned int" size="I:2" unsigned="">
              <typename><typedef-ref name="uint16_t" ref="0x2ac2c209ab20"/></typename>
            </type-int>
          </variable>
        </parameters>
      </function>
      <function command="" loc="43:/home/kasper/tinyos-main//tos/chips/msp430/timer/Msp430Compare.nc" name="setEventFromNow" provided="0" ref="0x2ac2c2ef2590">
        <interfacedef-ref nicename="Msp430Compare" qname="Msp430Compare"/>
        <type-function alignment="I:1" size="I:1">
          <type-void alignment="I:1" size="I:1"/>
          <function-parameters>
            <type-int alignment="I:2" cname="unsigned int" size="I:2" unsigned="">
              <typename><typedef-ref name="uint16_t" ref="0x2ac2c209ab20"/></typename>
            </type-int>
          </function-parameters>
        </type-function>
        <parameters>
          <variable loc="43:/home/kasper/tinyos-main//tos/chips/msp430/timer/Msp430Compare.nc" name="delta" ref="0x2ac2c2ef2320">
            <type-int alignment="I:2" cname="unsigned int" size="I:2" unsigned="">
              <typename><typedef-ref name="uint16_t" ref="0x2ac2c209ab20"/></typename>
            </type-int>
          </variable>
        </parameters>
      </function>
      <function event="" loc="45:/home/kasper/tinyos-main//tos/chips/msp430/timer/Msp430Compare.nc" name="fired" provided="0" ref="0x2ac2c2ef2c18">
        <interfacedef-ref nicename="Msp430Compare" qname="Msp430Compare"/>
        <type-function alignment="I:1" size="I:1">
          <type-void alignment="I:1" size="I:1"/>
          <function-parameters>
          </function-parameters>
        </type-function>
        <parameters>
        </parameters>
      </function>
    </interfacedef>