<?xml version="1.0" ?><interfacedef loc="43:/home/kasper/tinyos-main//tos/chips/msp430/timer/Msp430Timer.nc" nicename="Msp430Timer" qname="Msp430Timer">
      <documentation loc="33:/home/kasper/tinyos-main//tos/chips/msp430/timer/Msp430Timer.nc">
        <short>
 </short>
        <long>
 @author Cory Sharp &lt;cssharp@eecs.berkeley.edu&gt;
 @author Jan Hauer &lt;hauer@tkn.tu-berlin.de&gt;
</long>
      </documentation>
      <function command="" loc="52:/home/kasper/tinyos-main//tos/chips/msp430/timer/Msp430Timer.nc" name="clear" provided="0" ref="0x2ac2c2ee46f8">
        <interfacedef-ref nicename="Msp430Timer" qname="Msp430Timer"/>
        <type-function alignment="I:1" size="I:1">
          <type-void alignment="I:1" size="I:1"/>
          <function-parameters>
          </function-parameters>
        </type-function>
        <parameters>
        </parameters>
      </function>
      <function command="" loc="55:/home/kasper/tinyos-main//tos/chips/msp430/timer/Msp430Timer.nc" name="setClockSource" provided="0" ref="0x2ac2c2ee2e58">
        <interfacedef-ref nicename="Msp430Timer" qname="Msp430Timer"/>
        <type-function alignment="I:1" size="I:1">
          <type-void alignment="I:1" size="I:1"/>
          <function-parameters>
            <type-int alignment="I:2" cname="unsigned int" size="I:2" unsigned="">
              <typename><typedef-ref name="uint16_t" ref="0x2ac2c209ab20"/></typename>
            </type-int>
          </function-parameters>
        </type-function>
        <parameters>
          <variable loc="55:/home/kasper/tinyos-main//tos/chips/msp430/timer/Msp430Timer.nc" name="clockSource" ref="0x2ac2c2ee2be8">
            <type-int alignment="I:2" cname="unsigned int" size="I:2" unsigned="">
              <typename><typedef-ref name="uint16_t" ref="0x2ac2c209ab20"/></typename>
            </type-int>
          </variable>
        </parameters>
      </function>
      <function command="" loc="53:/home/kasper/tinyos-main//tos/chips/msp430/timer/Msp430Timer.nc" name="enableEvents" provided="0" ref="0x2ac2c2ee4dc8">
        <interfacedef-ref nicename="Msp430Timer" qname="Msp430Timer"/>
        <type-function alignment="I:1" size="I:1">
          <type-void alignment="I:1" size="I:1"/>
          <function-parameters>
          </function-parameters>
        </type-function>
        <parameters>
        </parameters>
      </function>
      <function command="" loc="45:/home/kasper/tinyos-main//tos/chips/msp430/timer/Msp430Timer.nc" name="get" provided="0" ref="0x2ac2c2eeab90">
        <interfacedef-ref nicename="Msp430Timer" qname="Msp430Timer"/>
        <type-function alignment="I:1" size="I:1">
          <type-int alignment="I:2" cname="unsigned int" size="I:2" unsigned="">
            <typename><typedef-ref name="uint16_t" ref="0x2ac2c209ab20"/></typename>
          </type-int>
          <function-parameters>
          </function-parameters>
        </type-function>
        <parameters>
        </parameters>
      </function>
      <function command="" loc="54:/home/kasper/tinyos-main//tos/chips/msp430/timer/Msp430Timer.nc" name="disableEvents" provided="0" ref="0x2ac2c2ee24d8">
        <interfacedef-ref nicename="Msp430Timer" qname="Msp430Timer"/>
        <type-function alignment="I:1" size="I:1">
          <type-void alignment="I:1" size="I:1"/>
          <function-parameters>
          </function-parameters>
        </type-function>
        <parameters>
        </parameters>
      </function>
      <function command="" loc="47:/home/kasper/tinyos-main//tos/chips/msp430/timer/Msp430Timer.nc" name="clearOverflow" provided="0" ref="0x2ac2c2ee6a00">
        <interfacedef-ref nicename="Msp430Timer" qname="Msp430Timer"/>
        <type-function alignment="I:1" size="I:1">
          <type-void alignment="I:1" size="I:1"/>
          <function-parameters>
          </function-parameters>
        </type-function>
        <parameters>
        </parameters>
      </function>
      <function command="" loc="51:/home/kasper/tinyos-main//tos/chips/msp430/timer/Msp430Timer.nc" name="getMode" provided="0" ref="0x2ac2c2ee4070">
        <interfacedef-ref nicename="Msp430Timer" qname="Msp430Timer"/>
        <type-function alignment="I:1" size="I:1">
          <type-int alignment="I:2" cname="int" size="I:2"/>
          <function-parameters>
          </function-parameters>
        </type-function>
        <parameters>
        </parameters>
      </function>
      <function command="" loc="46:/home/kasper/tinyos-main//tos/chips/msp430/timer/Msp430Timer.nc" name="isOverflowPending" provided="0" ref="0x2ac2c2ee6328">
        <interfacedef-ref nicename="Msp430Timer" qname="Msp430Timer"/>
        <type-function alignment="I:1" size="I:1">
          <type-int alignment="I:1" cname="unsigned char" size="I:1" unsigned="">
            <typename><typedef-ref name="bool" ref="0x2ac2c29e01d0"/></typename>
          </type-int>
          <function-parameters>
          </function-parameters>
        </type-function>
        <parameters>
        </parameters>
      </function>
      <function event="" loc="48:/home/kasper/tinyos-main//tos/chips/msp430/timer/Msp430Timer.nc" name="overflow" provided="0" ref="0x2ac2c2ee50d8">
        <interfacedef-ref nicename="Msp430Timer" qname="Msp430Timer"/>
        <type-function alignment="I:1" size="I:1">
          <type-void alignment="I:1" size="I:1"/>
          <function-parameters>
          </function-parameters>
        </type-function>
        <parameters>
        </parameters>
      </function>
      <function command="" loc="50:/home/kasper/tinyos-main//tos/chips/msp430/timer/Msp430Timer.nc" name="setMode" provided="0" ref="0x2ac2c2ee5978">
        <interfacedef-ref nicename="Msp430Timer" qname="Msp430Timer"/>
        <type-function alignment="I:1" size="I:1">
          <type-void alignment="I:1" size="I:1"/>
          <function-parameters>
            <type-int alignment="I:2" cname="int" size="I:2"/>
          </function-parameters>
        </type-function>
        <parameters>
          <variable loc="50:/home/kasper/tinyos-main//tos/chips/msp430/timer/Msp430Timer.nc" name="mode" ref="0x2ac2c2ee5708">
            <type-int alignment="I:2" cname="int" size="I:2"/>
          </variable>
        </parameters>
      </function>
      <function command="" loc="56:/home/kasper/tinyos-main//tos/chips/msp430/timer/Msp430Timer.nc" name="setInputDivider" provided="0" ref="0x2ac2c2ee1830">
        <interfacedef-ref nicename="Msp430Timer" qname="Msp430Timer"/>
        <type-function alignment="I:1" size="I:1">
          <type-void alignment="I:1" size="I:1"/>
          <function-parameters>
            <type-int alignment="I:2" cname="unsigned int" size="I:2" unsigned="">
              <typename><typedef-ref name="uint16_t" ref="0x2ac2c209ab20"/></typename>
            </type-int>
          </function-parameters>
        </type-function>
        <parameters>
          <variable loc="56:/home/kasper/tinyos-main//tos/chips/msp430/timer/Msp430Timer.nc" name="inputDivider" ref="0x2ac2c2ee15c0">
            <type-int alignment="I:2" cname="unsigned int" size="I:2" unsigned="">
              <typename><typedef-ref name="uint16_t" ref="0x2ac2c209ab20"/></typename>
            </type-int>
          </variable>
        </parameters>
      </function>
    </interfacedef>