<?xml version="1.0" ?><interfacedef loc="40:/home/kasper/tinyos-main//tos/chips/msp430/timer/Msp430TimerControl.nc" nicename="Msp430TimerControl" qname="Msp430TimerControl">
      <documentation loc="33:/home/kasper/tinyos-main//tos/chips/msp430/timer/Msp430TimerControl.nc">
        <short>
 </short>
        <long>
 @author Cory Sharp &lt;cssharp@eecs.berkeley.edu&gt;
 @author Joe Polastre
</long>
      </documentation>
      <function command="" loc="55:/home/kasper/tinyos-main//tos/chips/msp430/timer/Msp430TimerControl.nc" name="setControlAsCapture" provided="0" ref="0x2ac2c2efb748">
        <documentation loc="49:/home/kasper/tinyos-main//tos/chips/msp430/timer/Msp430TimerControl.nc">
          <short> 
 Sets the timer in capture mode.</short>
          <long> 
 Sets the timer in capture mode.
 @param cm configures the capture to occur on none, rising, falling or rising_and_falling edges
 Msp430Timer.h has convenience definitions:
 MSP430TIMER_CM_NONE, MSP430TIMER_CM_RISING, MSP430TIMER_CM_FALLING, MSP430TIMER_CM_BOTH
</long>
        </documentation>
        <interfacedef-ref nicename="Msp430TimerControl" qname="Msp430TimerControl"/>
        <type-function alignment="I:1" size="I:1">
          <type-void alignment="I:1" size="I:1"/>
          <function-parameters>
            <type-int alignment="I:1" cname="unsigned char" size="I:1" unsigned="">
              <typename><typedef-ref name="uint8_t" ref="0x2ac2c209a790"/></typename>
            </type-int>
          </function-parameters>
        </type-function>
        <parameters>
          <variable loc="55:/home/kasper/tinyos-main//tos/chips/msp430/timer/Msp430TimerControl.nc" name="cm" ref="0x2ac2c2efb4d8">
            <type-int alignment="I:1" cname="unsigned char" size="I:1" unsigned="">
              <typename><typedef-ref name="uint8_t" ref="0x2ac2c209a790"/></typename>
            </type-int>
          </variable>
        </parameters>
      </function>
      <function command="" loc="42:/home/kasper/tinyos-main//tos/chips/msp430/timer/Msp430TimerControl.nc" name="getControl" provided="0" ref="0x2ac2c2ee7de0">
        <interfacedef-ref nicename="Msp430TimerControl" qname="Msp430TimerControl"/>
        <type-function alignment="I:1" size="I:1">
          <type-tag alignment="I:1" size="I:2"><struct-ref ref="0x2ac2c2ea8978"/>
            <typename><typedef-ref name="msp430_compare_control_t" ref="0x2ac2c2ea7438"/></typename>
          </type-tag>
          <function-parameters>
          </function-parameters>
        </type-function>
        <parameters>
        </parameters>
      </function>
      <function command="" loc="57:/home/kasper/tinyos-main//tos/chips/msp430/timer/Msp430TimerControl.nc" name="enableEvents" provided="0" ref="0x2ac2c2efa020">
        <interfacedef-ref nicename="Msp430TimerControl" qname="Msp430TimerControl"/>
        <type-function alignment="I:1" size="I:1">
          <type-void alignment="I:1" size="I:1"/>
          <function-parameters>
          </function-parameters>
        </type-function>
        <parameters>
        </parameters>
      </function>
      <function command="" loc="59:/home/kasper/tinyos-main//tos/chips/msp430/timer/Msp430TimerControl.nc" name="areEventsEnabled" provided="0" ref="0x2ac2c2efae20">
        <interfacedef-ref nicename="Msp430TimerControl" qname="Msp430TimerControl"/>
        <type-function alignment="I:1" size="I:1">
          <type-int alignment="I:1" cname="unsigned char" size="I:1" unsigned="">
            <typename><typedef-ref name="bool" ref="0x2ac2c29e01d0"/></typename>
          </type-int>
          <function-parameters>
          </function-parameters>
        </type-function>
        <parameters>
        </parameters>
      </function>
      <function command="" loc="47:/home/kasper/tinyos-main//tos/chips/msp430/timer/Msp430TimerControl.nc" name="setControlAsCompare" provided="0" ref="0x2ac2c2efcda0">
        <interfacedef-ref nicename="Msp430TimerControl" qname="Msp430TimerControl"/>
        <type-function alignment="I:1" size="I:1">
          <type-void alignment="I:1" size="I:1"/>
          <function-parameters>
          </function-parameters>
        </type-function>
        <parameters>
        </parameters>
      </function>
      <function command="" loc="58:/home/kasper/tinyos-main//tos/chips/msp430/timer/Msp430TimerControl.nc" name="disableEvents" provided="0" ref="0x2ac2c2efa6f8">
        <interfacedef-ref nicename="Msp430TimerControl" qname="Msp430TimerControl"/>
        <type-function alignment="I:1" size="I:1">
          <type-void alignment="I:1" size="I:1"/>
          <function-parameters>
          </function-parameters>
        </type-function>
        <parameters>
        </parameters>
      </function>
      <function command="" loc="43:/home/kasper/tinyos-main//tos/chips/msp430/timer/Msp430TimerControl.nc" name="isInterruptPending" provided="0" ref="0x2ac2c2ede570">
        <interfacedef-ref nicename="Msp430TimerControl" qname="Msp430TimerControl"/>
        <type-function alignment="I:1" size="I:1">
          <type-int alignment="I:1" cname="unsigned char" size="I:1" unsigned="">
            <typename><typedef-ref name="bool" ref="0x2ac2c29e01d0"/></typename>
          </type-int>
          <function-parameters>
          </function-parameters>
        </type-function>
        <parameters>
        </parameters>
      </function>
      <function command="" loc="44:/home/kasper/tinyos-main//tos/chips/msp430/timer/Msp430TimerControl.nc" name="clearPendingInterrupt" provided="0" ref="0x2ac2c2edec98">
        <interfacedef-ref nicename="Msp430TimerControl" qname="Msp430TimerControl"/>
        <type-function alignment="I:1" size="I:1">
          <type-void alignment="I:1" size="I:1"/>
          <function-parameters>
          </function-parameters>
        </type-function>
        <parameters>
        </parameters>
      </function>
      <function command="" loc="46:/home/kasper/tinyos-main//tos/chips/msp430/timer/Msp430TimerControl.nc" name="setControl" provided="0" ref="0x2ac2c2efc690">
        <interfacedef-ref nicename="Msp430TimerControl" qname="Msp430TimerControl"/>
        <type-function alignment="I:1" size="I:1">
          <type-void alignment="I:1" size="I:1"/>
          <function-parameters>
            <type-tag alignment="I:1" size="I:2"><struct-ref ref="0x2ac2c2ea8978"/>
              <typename><typedef-ref name="msp430_compare_control_t" ref="0x2ac2c2ea7438"/></typename>
            </type-tag>
          </function-parameters>
        </type-function>
        <parameters>
          <variable loc="46:/home/kasper/tinyos-main//tos/chips/msp430/timer/Msp430TimerControl.nc" name="control" ref="0x2ac2c2efc420">
            <type-tag alignment="I:1" size="I:2"><struct-ref ref="0x2ac2c2ea8978"/>
              <typename><typedef-ref name="msp430_compare_control_t" ref="0x2ac2c2ea7438"/></typename>
            </type-tag>
          </variable>
        </parameters>
      </function>
    </interfacedef>