<?xml version="1.0" ?><interfacedef loc="52:/home/kasper/tinyos-main//tos/interfaces/Notify.nc" nicename="Notify" qname="Notify">
      <documentation loc="33:/home/kasper/tinyos-main//tos/interfaces/Notify.nc">
        <short>
 The Notify interface is intended for delivery of values from
 self-triggered devices, at relatively low rates.</short>
        <long>
 The Notify interface is intended for delivery of values from
 self-triggered devices, at relatively low rates. For example, a
 driver for a motion detector or a switch might provide this
 interface. The type of the value is given as a template
 argument. Generally, these values are backed by memory or
 computation. Because no error code is included, both calls must be
 guaranteed to succeed. This interface should be used when a single
 logical unit supports both getting and setting.

 &lt;p&gt;
 See TEP114 - SIDs: Source and Sink Independent Drivers for details.
 
 @param val_t the type of the object that will be stored

 @author Gilman Tolle &lt;gtolle@archrock.com&gt;
 @version $Revision: 1.4 $ $Date: 2006-12-12 18:23:14 $
</long>
      </documentation>
      <parameters>
        <typedef loc="52:/home/kasper/tinyos-main//tos/interfaces/Notify.nc" name="val_t" ref="0x2ac2c32ae470">
          <interfacedef-ref nicename="Notify" qname="Notify"/>
          <type-var alignment="U:" size="U:"><typedef-ref name="val_t" ref="0x2ac2c32ae470" scoped=""/></type-var>
        </typedef>
      </parameters>
      <function command="" loc="67:/home/kasper/tinyos-main//tos/interfaces/Notify.nc" name="disable" provided="0" ref="0x2ac2c32ad4a8">
        <documentation loc="61:/home/kasper/tinyos-main//tos/interfaces/Notify.nc">
          <short>
 Disables delivery of notifications from the device to the calling
 generic client component.</short>
          <long>
 Disables delivery of notifications from the device to the calling
 generic client component.

 @return SUCCESS if notifications were disabled
</long>
        </documentation>
        <interfacedef-ref nicename="Notify" qname="Notify"/>
        <type-function alignment="I:1" size="I:1">
          <type-int alignment="I:1" cname="unsigned char" size="I:1" unsigned="">
            <typename><typedef-ref name="error_t" ref="0x2ac2c29f3780"/></typename>
          </type-int>
          <function-parameters>
          </function-parameters>
        </type-function>
        <parameters>
        </parameters>
      </function>
      <function command="" loc="59:/home/kasper/tinyos-main//tos/interfaces/Notify.nc" name="enable" provided="0" ref="0x2ac2c32aecb8">
        <documentation loc="53:/home/kasper/tinyos-main//tos/interfaces/Notify.nc">
          <short>
 Enables delivery of notifications from the device to the calling
 generic client component.</short>
          <long>
 Enables delivery of notifications from the device to the calling
 generic client component.

 @return SUCCESS if notifications were enabled
</long>
        </documentation>
        <interfacedef-ref nicename="Notify" qname="Notify"/>
        <type-function alignment="I:1" size="I:1">
          <type-int alignment="I:1" cname="unsigned char" size="I:1" unsigned="">
            <typename><typedef-ref name="error_t" ref="0x2ac2c29f3780"/></typename>
          </type-int>
          <function-parameters>
          </function-parameters>
        </type-function>
        <parameters>
        </parameters>
      </function>
      <function event="" loc="74:/home/kasper/tinyos-main//tos/interfaces/Notify.nc" name="notify" provided="0" ref="0x2ac2c32ade48">
        <documentation loc="69:/home/kasper/tinyos-main//tos/interfaces/Notify.nc">
          <short>
 Signals the arrival of a new value from the device.</short>
          <long>
 Signals the arrival of a new value from the device.

 @param val the value arriving from the device
</long>
        </documentation>
        <interfacedef-ref nicename="Notify" qname="Notify"/>
        <type-function alignment="I:1" size="I:1">
          <type-void alignment="I:1" size="I:1"/>
          <function-parameters>
            <type-var alignment="U:" size="U:"><typedef-ref name="val_t" ref="0x2ac2c32ae470" scoped=""/></type-var>
          </function-parameters>
        </type-function>
        <parameters>
          <variable loc="74:/home/kasper/tinyos-main//tos/interfaces/Notify.nc" name="val" ref="0x2ac2c32adbd8">
            <type-var alignment="U:" size="U:"><typedef-ref name="val_t" ref="0x2ac2c32ae470" scoped=""/></type-var>
          </variable>
        </parameters>
      </function>
    </interfacedef>