<?xml version="1.0" ?><interfacedef loc="43:/home/kasper/tinyos-main//tos/chips/cc2420/interfaces/PacketTimeSyncOffset.nc" nicename="PacketTimeSyncOffset" qname="PacketTimeSyncOffset">
      <function command="" loc="58:/home/kasper/tinyos-main//tos/chips/cc2420/interfaces/PacketTimeSyncOffset.nc" name="get" provided="0" ref="0x2ac2c3e51ae8">
        <documentation loc="52:/home/kasper/tinyos-main//tos/chips/cc2420/interfaces/PacketTimeSyncOffset.nc">
          <short>
 </short>
          <long>
 @param 'message_t *ONE msg' message to examine.

 Returns the offset of where the timesync timestamp is sotred in a
 CC2420 packet
</long>
        </documentation>
        <interfacedef-ref nicename="PacketTimeSyncOffset" qname="PacketTimeSyncOffset"/>
        <type-function alignment="I:1" size="I:1">
          <type-int alignment="I:1" cname="unsigned char" size="I:1" unsigned="">
            <typename><typedef-ref name="uint8_t" ref="0x2ac2c209a790"/></typename>
          </type-int>
          <function-parameters>
            <type-pointer alignment="I:2" size="I:2">
              <type-tag alignment="I:1" size="I:137"><nx_struct-ref name="message_t" ref="0x2ac2c35f2cf0"/>
                <typename><typedef-ref name="message_t" ref="0x2ac2c35f02e8"/></typename>
              </type-tag>
            </type-pointer>
          </function-parameters>
        </type-function>
        <parameters>
          <variable loc="58:/home/kasper/tinyos-main//tos/chips/cc2420/interfaces/PacketTimeSyncOffset.nc" name="msg" ref="0x2ac2c3e51878">
            <type-pointer alignment="I:2" size="I:2">
              <type-tag alignment="I:1" size="I:137"><nx_struct-ref name="message_t" ref="0x2ac2c35f2cf0"/>
                <typename><typedef-ref name="message_t" ref="0x2ac2c35f02e8"/></typename>
              </type-tag>
            </type-pointer>
          </variable>
        </parameters>
      </function>
      <function command="" loc="50:/home/kasper/tinyos-main//tos/chips/cc2420/interfaces/PacketTimeSyncOffset.nc" name="isSet" provided="0" ref="0x2ac2c3e55b58">
        <documentation loc="45:/home/kasper/tinyos-main//tos/chips/cc2420/interfaces/PacketTimeSyncOffset.nc">
          <short>
 </short>
          <long>
 @param 'message_t *ONE msg' message to examine.

 Returns TRUE if the current message should be timestamped.
</long>
        </documentation>
        <interfacedef-ref nicename="PacketTimeSyncOffset" qname="PacketTimeSyncOffset"/>
        <type-function alignment="I:1" size="I:1">
          <type-int alignment="I:1" cname="unsigned char" size="I:1" unsigned="">
            <typename><typedef-ref name="bool" ref="0x2ac2c29e01d0"/></typename>
          </type-int>
          <function-parameters>
            <type-pointer alignment="I:2" size="I:2">
              <type-tag alignment="I:1" size="I:137"><nx_struct-ref name="message_t" ref="0x2ac2c35f2cf0"/>
                <typename><typedef-ref name="message_t" ref="0x2ac2c35f02e8"/></typename>
              </type-tag>
            </type-pointer>
          </function-parameters>
        </type-function>
        <parameters>
          <variable loc="50:/home/kasper/tinyos-main//tos/chips/cc2420/interfaces/PacketTimeSyncOffset.nc" name="msg" ref="0x2ac2c3e558e8">
            <type-pointer alignment="I:2" size="I:2">
              <type-tag alignment="I:1" size="I:137"><nx_struct-ref name="message_t" ref="0x2ac2c35f2cf0"/>
                <typename><typedef-ref name="message_t" ref="0x2ac2c35f02e8"/></typename>
              </type-tag>
            </type-pointer>
          </variable>
        </parameters>
      </function>
      <function command="" loc="72:/home/kasper/tinyos-main//tos/chips/cc2420/interfaces/PacketTimeSyncOffset.nc" name="cancel" provided="0" ref="0x2ac2c3e4e938">
        <documentation loc="67:/home/kasper/tinyos-main//tos/chips/cc2420/interfaces/PacketTimeSyncOffset.nc">
          <short>
 </short>
          <long>
 @param 'message_t *ONE msg' message to modify.

 Cancels any pending requests to timestamp the message in MAC.
</long>
        </documentation>
        <interfacedef-ref nicename="PacketTimeSyncOffset" qname="PacketTimeSyncOffset"/>
        <type-function alignment="I:1" size="I:1">
          <type-void alignment="I:1" size="I:1"/>
          <function-parameters>
            <type-pointer alignment="I:2" size="I:2">
              <type-tag alignment="I:1" size="I:137"><nx_struct-ref name="message_t" ref="0x2ac2c35f2cf0"/>
                <typename><typedef-ref name="message_t" ref="0x2ac2c35f02e8"/></typename>
              </type-tag>
            </type-pointer>
          </function-parameters>
        </type-function>
        <parameters>
          <variable loc="72:/home/kasper/tinyos-main//tos/chips/cc2420/interfaces/PacketTimeSyncOffset.nc" name="msg" ref="0x2ac2c3e4e6c8">
            <type-pointer alignment="I:2" size="I:2">
              <type-tag alignment="I:1" size="I:137"><nx_struct-ref name="message_t" ref="0x2ac2c35f2cf0"/>
                <typename><typedef-ref name="message_t" ref="0x2ac2c35f02e8"/></typename>
              </type-tag>
            </type-pointer>
          </variable>
        </parameters>
      </function>
      <function command="" loc="65:/home/kasper/tinyos-main//tos/chips/cc2420/interfaces/PacketTimeSyncOffset.nc" name="set" provided="0" ref="0x2ac2c3e4fa20">
        <documentation loc="60:/home/kasper/tinyos-main//tos/chips/cc2420/interfaces/PacketTimeSyncOffset.nc">
          <short>
 </short>
          <long>
 @param 'message_t *ONE msg' message to modify.

  Sets the current message to be timestamped in the MAC layer.
</long>
        </documentation>
        <interfacedef-ref nicename="PacketTimeSyncOffset" qname="PacketTimeSyncOffset"/>
        <type-function alignment="I:1" size="I:1">
          <type-void alignment="I:1" size="I:1"/>
          <function-parameters>
            <type-pointer alignment="I:2" size="I:2">
              <type-tag alignment="I:1" size="I:137"><nx_struct-ref name="message_t" ref="0x2ac2c35f2cf0"/>
                <typename><typedef-ref name="message_t" ref="0x2ac2c35f02e8"/></typename>
              </type-tag>
            </type-pointer>
          </function-parameters>
        </type-function>
        <parameters>
          <variable loc="65:/home/kasper/tinyos-main//tos/chips/cc2420/interfaces/PacketTimeSyncOffset.nc" name="msg" ref="0x2ac2c3e4f7b0">
            <type-pointer alignment="I:2" size="I:2">
              <type-tag alignment="I:1" size="I:137"><nx_struct-ref name="message_t" ref="0x2ac2c35f2cf0"/>
                <typename><typedef-ref name="message_t" ref="0x2ac2c35f02e8"/></typename>
              </type-tag>
            </type-pointer>
          </variable>
        </parameters>
      </function>
    </interfacedef>