<?xml version="1.0" ?><interfacedef loc="55:/home/kasper/tinyos-main//tos/interfaces/Packet.nc" nicename="Packet" qname="Packet">
      <documentation loc="42:/home/kasper/tinyos-main//tos/interfaces/Packet.nc">
        <short> 
 The basic message data type accessors.</short>
        <long> 
 The basic message data type accessors. Protocols may use
 additional packet interfaces for their protocol specific
 data/metadata.

 @author Philip Levis
 @date   January 5 2005
 @see    TEP 116: Packet Protocols
</long>
      </documentation>
      <function command="" loc="65:/home/kasper/tinyos-main//tos/interfaces/Packet.nc" name="clear" provided="0" ref="0x2ac2c35e1020">
        <documentation loc="58:/home/kasper/tinyos-main//tos/interfaces/Packet.nc">
          <short>
 Clear out this packet.</short>
          <long>
 Clear out this packet.  Note that this is a deep operation and
 total operation: calling clear() on any layer will completely
 clear the packet for reuse.
 @param  'message_t* ONE msg'    the packet to clear
</long>
        </documentation>
        <interfacedef-ref nicename="Packet" qname="Packet"/>
        <type-function alignment="I:1" size="I:1">
          <type-void alignment="I:1" size="I:1"/>
          <function-parameters>
            <type-pointer alignment="I:2" size="I:2">
              <type-tag alignment="I:1" size="I:137"><nx_struct-ref name="message_t" ref="0x2ac2c35f2cf0"/>
                <typename><typedef-ref name="message_t" ref="0x2ac2c35f02e8"/></typename>
              </type-tag>
            </type-pointer>
          </function-parameters>
        </type-function>
        <parameters>
          <variable loc="65:/home/kasper/tinyos-main//tos/interfaces/Packet.nc" name="msg" ref="0x2ac2c358dcf0">
            <type-pointer alignment="I:2" size="I:2">
              <type-tag alignment="I:1" size="I:137"><nx_struct-ref name="message_t" ref="0x2ac2c35f2cf0"/>
                <typename><typedef-ref name="message_t" ref="0x2ac2c35f02e8"/></typename>
              </type-tag>
            </type-pointer>
          </variable>
        </parameters>
      </function>
      <function command="" loc="78:/home/kasper/tinyos-main//tos/interfaces/Packet.nc" name="payloadLength" provided="0" ref="0x2ac2c361b020">
        <documentation loc="67:/home/kasper/tinyos-main//tos/interfaces/Packet.nc">
          <short>
 Return the length of the payload of msg.</short>
          <long>
 Return the length of the payload of msg. This value may be less
 than what maxPayloadLength() returns, if the packet is smaller than
 the MTU. If a communication component does not support variably
 sized data regions, then payloadLength() will always return
 the same value as maxPayloadLength(). 

 @param  'message_t* ONE msg'    the packet to examine
 @return        the length of its current payload
</long>
        </documentation>
        <interfacedef-ref nicename="Packet" qname="Packet"/>
        <type-function alignment="I:1" size="I:1">
          <type-int alignment="I:1" cname="unsigned char" size="I:1" unsigned="">
            <typename><typedef-ref name="uint8_t" ref="0x2ac2c209a790"/></typename>
          </type-int>
          <function-parameters>
            <type-pointer alignment="I:2" size="I:2">
              <type-tag alignment="I:1" size="I:137"><nx_struct-ref name="message_t" ref="0x2ac2c35f2cf0"/>
                <typename><typedef-ref name="message_t" ref="0x2ac2c35f02e8"/></typename>
              </type-tag>
            </type-pointer>
          </function-parameters>
        </type-function>
        <parameters>
          <variable loc="78:/home/kasper/tinyos-main//tos/interfaces/Packet.nc" name="msg" ref="0x2ac2c35e1d58">
            <type-pointer alignment="I:2" size="I:2">
              <type-tag alignment="I:1" size="I:137"><nx_struct-ref name="message_t" ref="0x2ac2c35f2cf0"/>
                <typename><typedef-ref name="message_t" ref="0x2ac2c35f02e8"/></typename>
              </type-tag>
            </type-pointer>
          </variable>
        </parameters>
      </function>
      <function command="" loc="126:/home/kasper/tinyos-main//tos/interfaces/Packet.nc" name="getPayload" provided="0" ref="0x2ac2c3618150">
        <documentation loc="109:/home/kasper/tinyos-main//tos/interfaces/Packet.nc">
          <short>
 Return a pointer to a protocol's payload region in a packet.</short>
          <long>
 Return a pointer to a protocol's payload region in a packet.
 If the caller intends to write to the payload region then
 the &lt;tt&gt;len&lt;/tt&gt; parameter must reflect the maximum required
 length. If the caller (only) wants to read from the payload
 region, then &lt;tt&gt;len&lt;/tt&gt; may be set to the value of
 payloadLength(). If the payload region is smaller than 
 &lt;tt&gt;len&lt;/tt&gt; this command returns NULL. The offset where
 the payload region starts within a packet is fixed, i.e. for
 a given &lt;tt&gt;msg&lt;/tt&gt; this command will always return the same
 pointer or NULL.

 @param 'message_t* ONE msg'   the packet 
 @param len   the length of payload required
 @return 'void* COUNT_NOK(len)'     a pointer to the packet's data payload for this layer
              or NULL if &lt;tt&gt;len&lt;/tt&gt; is too big
</long>
        </documentation>
        <interfacedef-ref nicename="Packet" qname="Packet"/>
        <type-function alignment="I:1" size="I:1">
          <type-pointer alignment="I:2" size="I:2">
            <type-void alignment="I:1" size="I:1"/>
          </type-pointer>
          <function-parameters>
            <type-pointer alignment="I:2" size="I:2">
              <type-tag alignment="I:1" size="I:137"><nx_struct-ref name="message_t" ref="0x2ac2c35f2cf0"/>
                <typename><typedef-ref name="message_t" ref="0x2ac2c35f02e8"/></typename>
              </type-tag>
            </type-pointer>
            <type-int alignment="I:1" cname="unsigned char" size="I:1" unsigned="">
              <typename><typedef-ref name="uint8_t" ref="0x2ac2c209a790"/></typename>
            </type-int>
          </function-parameters>
        </type-function>
        <parameters>
          <variable loc="126:/home/kasper/tinyos-main//tos/interfaces/Packet.nc" name="msg" ref="0x2ac2c3619b20">
            <type-pointer alignment="I:2" size="I:2">
              <type-tag alignment="I:1" size="I:137"><nx_struct-ref name="message_t" ref="0x2ac2c35f2cf0"/>
                <typename><typedef-ref name="message_t" ref="0x2ac2c35f02e8"/></typename>
              </type-tag>
            </type-pointer>
          </variable>
          <variable loc="126:/home/kasper/tinyos-main//tos/interfaces/Packet.nc" name="len" ref="0x2ac2c3619e30">
            <type-int alignment="I:1" cname="unsigned char" size="I:1" unsigned="">
              <typename><typedef-ref name="uint8_t" ref="0x2ac2c209a790"/></typename>
            </type-int>
          </variable>
        </parameters>
      </function>
      <function command="" loc="106:/home/kasper/tinyos-main//tos/interfaces/Packet.nc" name="maxPayloadLength" provided="0" ref="0x2ac2c3619290">
        <documentation loc="96:/home/kasper/tinyos-main//tos/interfaces/Packet.nc">
          <short>
 Return the maximum payload length that this communication layer
 can provide.</short>
          <long>
 Return the maximum payload length that this communication layer
 can provide. Note that, depending on protocol fields, a given
 request to send a packet may not be able to send the maximum
 payload length (e.g., if there are variable length
 fields). Protocols may provide specialized interfaces for these
 circumstances.

 @return   the maximum size payload allowed by this layer
</long>
        </documentation>
        <interfacedef-ref nicename="Packet" qname="Packet"/>
        <type-function alignment="I:1" size="I:1">
          <type-int alignment="I:1" cname="unsigned char" size="I:1" unsigned="">
            <typename><typedef-ref name="uint8_t" ref="0x2ac2c209a790"/></typename>
          </type-int>
          <function-parameters>
          </function-parameters>
        </type-function>
        <parameters>
        </parameters>
      </function>
      <function command="" loc="94:/home/kasper/tinyos-main//tos/interfaces/Packet.nc" name="setPayloadLength" provided="0" ref="0x2ac2c361a3e0">
        <documentation loc="80:/home/kasper/tinyos-main//tos/interfaces/Packet.nc">
          <short>
 Set the length field of the packet.</short>
          <long>
 Set the length field of the packet. This value is not checked
 for validity (e.g., if it is larger than the maximum payload
 size). This command is not used when sending packets, as calls
 to send include a length parameter. Rather, it is used by
 components, such as queues, that need to buffer requests to
 send.  This command allows the component to store the length
 specified in the request and later recover it when actually
 sending.

 @param 'message_t* ONE msg'   the packet
 @param len   the value to set its length field to
</long>
        </documentation>
        <interfacedef-ref nicename="Packet" qname="Packet"/>
        <type-function alignment="I:1" size="I:1">
          <type-void alignment="I:1" size="I:1"/>
          <function-parameters>
            <type-pointer alignment="I:2" size="I:2">
              <type-tag alignment="I:1" size="I:137"><nx_struct-ref name="message_t" ref="0x2ac2c35f2cf0"/>
                <typename><typedef-ref name="message_t" ref="0x2ac2c35f02e8"/></typename>
              </type-tag>
            </type-pointer>
            <type-int alignment="I:1" cname="unsigned char" size="I:1" unsigned="">
              <typename><typedef-ref name="uint8_t" ref="0x2ac2c209a790"/></typename>
            </type-int>
          </function-parameters>
        </type-function>
        <parameters>
          <variable loc="94:/home/kasper/tinyos-main//tos/interfaces/Packet.nc" name="msg" ref="0x2ac2c361be00">
            <type-pointer alignment="I:2" size="I:2">
              <type-tag alignment="I:1" size="I:137"><nx_struct-ref name="message_t" ref="0x2ac2c35f2cf0"/>
                <typename><typedef-ref name="message_t" ref="0x2ac2c35f02e8"/></typename>
              </type-tag>
            </type-pointer>
          </variable>
          <variable loc="94:/home/kasper/tinyos-main//tos/interfaces/Packet.nc" name="len" ref="0x2ac2c361a160">
            <type-int alignment="I:1" cname="unsigned char" size="I:1" unsigned="">
              <typename><typedef-ref name="uint8_t" ref="0x2ac2c209a790"/></typename>
            </type-int>
          </variable>
        </parameters>
      </function>
    </interfacedef>