<?xml version="1.0" ?><interfacedef loc="9:/home/kasper/tinyos-main//tos/platforms/epic/chips/ds2411/ReadId48.nc" nicename="ReadId48" qname="ReadId48">
      <documentation loc="5:/home/kasper/tinyos-main//tos/platforms/epic/chips/ds2411/ReadId48.nc">
        <short>
 </short>
        <long>
 @author: Andreas Koepke (koepke@tkn.tu-berlin.de)
</long>
      </documentation>
      <function command="" loc="12:/home/kasper/tinyos-main//tos/platforms/epic/chips/ds2411/ReadId48.nc" name="read" provided="0" ref="0x2ac2c3ddb700">
        <interfacedef-ref nicename="ReadId48" qname="ReadId48"/>
        <type-function alignment="I:1" size="I:1">
          <type-int alignment="I:1" cname="unsigned char" size="I:1" unsigned="">
            <typename><typedef-ref name="error_t" ref="0x2ac2c29f3780"/></typename>
          </type-int>
          <function-parameters>
            <type-pointer alignment="I:2" size="I:2">
              <type-int alignment="I:1" cname="unsigned char" size="I:1" unsigned="">
                <typename><typedef-ref name="uint8_t" ref="0x2ac2c209a790"/></typename>
              </type-int>
            </type-pointer>
          </function-parameters>
        </type-function>
        <parameters>
          <variable loc="12:/home/kasper/tinyos-main//tos/platforms/epic/chips/ds2411/ReadId48.nc" name="id" ref="0x2ac2c3ddb490">
            <type-pointer alignment="I:2" size="I:2">
              <type-int alignment="I:1" cname="unsigned char" size="I:1" unsigned="">
                <typename><typedef-ref name="uint8_t" ref="0x2ac2c209a790"/></typename>
              </type-int>
            </type-pointer>
          </variable>
        </parameters>
      </function>
    </interfacedef>