<?xml version="1.0" ?><interfacedef loc="46:/home/kasper/tinyos-main//tos/interfaces/ResourceRequested.nc" nicename="ResourceRequested" qname="ResourceRequested">
      <documentation loc="33:/home/kasper/tinyos-main//tos/interfaces/ResourceRequested.nc">
        <short>
 Please refer to TEP 108 for more information about this interface and its
 intended use.&lt;br&gt;&lt;br&gt;

 The ResourceRequested interface can be used in conjunction with the 
 Resource interface in order to receive events based on other users
 requests.</short>
        <long>
 Please refer to TEP 108 for more information about this interface and its
 intended use.&lt;br&gt;&lt;br&gt;

 The ResourceRequested interface can be used in conjunction with the 
 Resource interface in order to receive events based on other users
 requests.
 
 @author Kevin Klues (klueska@cs.wustl.edu)
 @version $Revision: 1.5 $
 @date $Date: 2010-06-29 22:07:46 $
</long>
      </documentation>
      <function event="" loc="53:/home/kasper/tinyos-main//tos/interfaces/ResourceRequested.nc" name="requested" provided="0" ref="0x2ac2c3a53a80">
        <documentation loc="47:/home/kasper/tinyos-main//tos/interfaces/ResourceRequested.nc">
          <short>
 This event is signalled whenever the user of this interface
 currently has control of the resource, and another user requests
 it through the Resource.request() command.</short>
          <long>
 This event is signalled whenever the user of this interface
 currently has control of the resource, and another user requests
 it through the Resource.request() command. You may want to
 consider releasing a resource based on this event
</long>
        </documentation>
        <interfacedef-ref nicename="ResourceRequested" qname="ResourceRequested"/>
        <type-function alignment="I:1" size="I:1">
          <type-void alignment="I:1" size="I:1"/>
          <function-parameters>
          </function-parameters>
        </type-function>
        <parameters>
        </parameters>
      </function>
      <function event="" loc="61:/home/kasper/tinyos-main//tos/interfaces/ResourceRequested.nc" name="immediateRequested" provided="0" ref="0x2ac2c3a50378">
        <documentation loc="55:/home/kasper/tinyos-main//tos/interfaces/ResourceRequested.nc">
          <short>
 This event is signalled whenever the user of this interface
 currently has control of the resource, and another user requests
 it through the Resource.immediateRequest() command.</short>
          <long>
 This event is signalled whenever the user of this interface
 currently has control of the resource, and another user requests
 it through the Resource.immediateRequest() command. You may
 want to consider releasing a resource based on this event
</long>
        </documentation>
        <interfacedef-ref nicename="ResourceRequested" qname="ResourceRequested"/>
        <type-function alignment="I:1" size="I:1">
          <type-void alignment="I:1" size="I:1"/>
          <function-parameters>
          </function-parameters>
        </type-function>
        <parameters>
        </parameters>
      </function>
    </interfacedef>