<?xml version="1.0" ?><interfacedef loc="50:/home/kasper/tinyos-main//tos/interfaces/SendNotifier.nc" nicename="SendNotifier" qname="SendNotifier">
      <documentation loc="32:/home/kasper/tinyos-main//tos/interfaces/SendNotifier.nc">
        <short> 
 The radio stack notifies the entire system that it is about to send
 a packet.</short>
        <long> 
 The radio stack notifies the entire system that it is about to send
 a packet.  Other modules in the system can call back within this event
 to modify the packet's metadata. For example, we can setup a module
 in the system to make every CTP data packet send with low power listening
 enabled:

   event void SendNotifier.aboutToSend[AM_COLLECTION_DATA](uint8_t dest,
       message_t *msg) {
     call LowPowerListening.setRxSleepInterval(msg, 512);
   }
 
 @author David Moss
</long>
      </documentation>
      <function event="" loc="59:/home/kasper/tinyos-main//tos/interfaces/SendNotifier.nc" name="aboutToSend" provided="0" ref="0x2ac2c374d2a0">
        <documentation loc="52:/home/kasper/tinyos-main//tos/interfaces/SendNotifier.nc">
          <short>
 The system is about to send this message.</short>
          <long>
 The system is about to send this message. Fill in any last modifications
 and the message will be sent.
 
 @param dest The destination address of the messsage
 @param 'message_t* ONE msg' The message about to be transmitted
</long>
        </documentation>
        <interfacedef-ref nicename="SendNotifier" qname="SendNotifier"/>
        <type-function alignment="I:1" size="I:1">
          <type-void alignment="I:1" size="I:1"/>
          <function-parameters>
            <type-int alignment="I:2" cname="unsigned int" size="I:2" unsigned="">
              <typename><typedef-ref name="am_addr_t" ref="0x2ac2c35c5878"/></typename>
            </type-int>
            <type-pointer alignment="I:2" size="I:2">
              <type-tag alignment="I:1" size="I:137"><nx_struct-ref name="message_t" ref="0x2ac2c35f2cf0"/>
                <typename><typedef-ref name="message_t" ref="0x2ac2c35f02e8"/></typename>
              </type-tag>
            </type-pointer>
          </function-parameters>
        </type-function>
        <parameters>
          <variable loc="59:/home/kasper/tinyos-main//tos/interfaces/SendNotifier.nc" name="dest" ref="0x2ac2c3717b60">
            <type-int alignment="I:2" cname="unsigned int" size="I:2" unsigned="">
              <typename><typedef-ref name="am_addr_t" ref="0x2ac2c35c5878"/></typename>
            </type-int>
          </variable>
          <variable loc="59:/home/kasper/tinyos-main//tos/interfaces/SendNotifier.nc" name="msg" ref="0x2ac2c374d020">
            <type-pointer alignment="I:2" size="I:2">
              <type-tag alignment="I:1" size="I:137"><nx_struct-ref name="message_t" ref="0x2ac2c35f2cf0"/>
                <typename><typedef-ref name="message_t" ref="0x2ac2c35f02e8"/></typename>
              </type-tag>
            </type-pointer>
          </variable>
        </parameters>
      </function>
    </interfacedef>