<?xml version="1.0" ?><interfacedef loc="49:/home/kasper/tinyos-main//tos/interfaces/Set.nc" nicename="Set" qname="Set">
      <documentation loc="33:/home/kasper/tinyos-main//tos/interfaces/Set.nc">
        <short>
 The Set interface is intended for synchronous writing of small
 values.</short>
        <long>
 The Set interface is intended for synchronous writing of small
 values. The type of the value is given as a template
 argument. Generally, these values are backed by memory or
 computation. Because no error code is included, the set() call must
 be guaranteed to succeed.

 &lt;p&gt;
 See TEP114 - SIDs: Source and Sink Independent Drivers for details.
 
 @param val_t the type of the object that will be stored

 @author Gilman Tolle &lt;gtolle@archrock.com&gt;
 @version $Revision: 1.4 $ $Date: 2006-12-12 18:23:15 $
</long>
      </documentation>
      <parameters>
        <typedef loc="49:/home/kasper/tinyos-main//tos/interfaces/Set.nc" name="val_t" ref="0x2ac2c3628a38">
          <interfacedef-ref nicename="Set" qname="Set"/>
          <type-var alignment="U:" size="U:"><typedef-ref name="val_t" ref="0x2ac2c3628a38" scoped=""/></type-var>
        </typedef>
      </parameters>
      <function command="" loc="55:/home/kasper/tinyos-main//tos/interfaces/Set.nc" name="set" provided="0" ref="0x2ac2c3625488">
        <documentation loc="50:/home/kasper/tinyos-main//tos/interfaces/Set.nc">
          <short>
 Stores a value of type val_t.</short>
          <long>
 Stores a value of type val_t.

 @param val the value to be stored
</long>
        </documentation>
        <interfacedef-ref nicename="Set" qname="Set"/>
        <type-function alignment="I:1" size="I:1">
          <type-void alignment="I:1" size="I:1"/>
          <function-parameters>
            <type-var alignment="U:" size="U:"><typedef-ref name="val_t" ref="0x2ac2c3628a38" scoped=""/></type-var>
          </function-parameters>
        </type-function>
        <parameters>
          <variable loc="55:/home/kasper/tinyos-main//tos/interfaces/Set.nc" name="val" ref="0x2ac2c3625218">
            <type-var alignment="U:" size="U:"><typedef-ref name="val_t" ref="0x2ac2c3628a38" scoped=""/></type-var>
          </variable>
        </parameters>
      </function>
    </interfacedef>