<?xml version="1.0" ?><interfacedef loc="38:/home/kasper/tinyos-main//tos/interfaces/State.nc" nicename="State" qname="State">
      <documentation loc="33:/home/kasper/tinyos-main//tos/interfaces/State.nc">
        <short>
 State machine interface
 </short>
        <long>
 State machine interface
 @author David Moss - dmm@rincon.com
</long>
      </documentation>
      <function command="" loc="71:/home/kasper/tinyos-main//tos/interfaces/State.nc" name="getState" provided="0" ref="0x2ac2c378aa90">
        <documentation loc="68:/home/kasper/tinyos-main//tos/interfaces/State.nc">
          <short>
 Get the current state
</short>
        </documentation>
        <interfacedef-ref nicename="State" qname="State"/>
        <type-function alignment="I:1" size="I:1">
          <type-int alignment="I:1" cname="unsigned char" size="I:1" unsigned="">
            <typename><typedef-ref name="uint8_t" ref="0x2ac2c209a790"/></typename>
          </type-int>
          <function-parameters>
          </function-parameters>
        </type-function>
        <parameters>
        </parameters>
      </function>
      <function command="" loc="56:/home/kasper/tinyos-main//tos/interfaces/State.nc" name="toIdle" provided="0" ref="0x2ac2c378b258">
        <documentation loc="53:/home/kasper/tinyos-main//tos/interfaces/State.nc">
          <short>
 Set the current state back to S_IDLE
</short>
        </documentation>
        <interfacedef-ref nicename="State" qname="State"/>
        <type-function alignment="I:1" size="I:1">
          <type-void alignment="I:1" size="I:1"/>
          <function-parameters>
          </function-parameters>
        </type-function>
        <parameters>
        </parameters>
      </function>
      <function command="" loc="66:/home/kasper/tinyos-main//tos/interfaces/State.nc" name="isState" provided="0" ref="0x2ac2c378a338">
        <documentation loc="63:/home/kasper/tinyos-main//tos/interfaces/State.nc">
          <short>
 </short>
          <long>
 @return TRUE if the state machine is in the given state
</long>
        </documentation>
        <interfacedef-ref nicename="State" qname="State"/>
        <type-function alignment="I:1" size="I:1">
          <type-int alignment="I:1" cname="unsigned char" size="I:1" unsigned="">
            <typename><typedef-ref name="bool" ref="0x2ac2c29e01d0"/></typename>
          </type-int>
          <function-parameters>
            <type-int alignment="I:1" cname="unsigned char" size="I:1" unsigned="">
              <typename><typedef-ref name="uint8_t" ref="0x2ac2c209a790"/></typename>
            </type-int>
          </function-parameters>
        </type-function>
        <parameters>
          <variable loc="66:/home/kasper/tinyos-main//tos/interfaces/State.nc" name="myState" ref="0x2ac2c378a0c8">
            <type-int alignment="I:1" cname="unsigned char" size="I:1" unsigned="">
              <typename><typedef-ref name="uint8_t" ref="0x2ac2c209a790"/></typename>
            </type-int>
          </variable>
        </parameters>
      </function>
      <function command="" loc="61:/home/kasper/tinyos-main//tos/interfaces/State.nc" name="isIdle" provided="0" ref="0x2ac2c378b960">
        <documentation loc="58:/home/kasper/tinyos-main//tos/interfaces/State.nc">
          <short>
 </short>
          <long>
 @return TRUE if the state machine is in S_IDLE
</long>
        </documentation>
        <interfacedef-ref nicename="State" qname="State"/>
        <type-function alignment="I:1" size="I:1">
          <type-int alignment="I:1" cname="unsigned char" size="I:1" unsigned="">
            <typename><typedef-ref name="bool" ref="0x2ac2c29e01d0"/></typename>
          </type-int>
          <function-parameters>
          </function-parameters>
        </type-function>
        <parameters>
        </parameters>
      </function>
      <function command="" loc="45:/home/kasper/tinyos-main//tos/interfaces/State.nc" name="requestState" provided="0" ref="0x2ac2c378d020">
        <documentation loc="40:/home/kasper/tinyos-main//tos/interfaces/State.nc">
          <short>
 This will allow a state change so long as the current
 state is S_IDLE.</short>
          <long>
 This will allow a state change so long as the current
 state is S_IDLE.
 @return SUCCESS if the state is change, FAIL if it isn't
</long>
        </documentation>
        <interfacedef-ref nicename="State" qname="State"/>
        <type-function alignment="I:1" size="I:1">
          <type-int alignment="I:1" cname="unsigned char" size="I:1" unsigned="">
            <typename><typedef-ref name="error_t" ref="0x2ac2c29f3780"/></typename>
          </type-int>
          <function-parameters>
            <type-int alignment="I:1" cname="unsigned char" size="I:1" unsigned="">
              <typename><typedef-ref name="uint8_t" ref="0x2ac2c209a790"/></typename>
            </type-int>
          </function-parameters>
        </type-function>
        <parameters>
          <variable loc="45:/home/kasper/tinyos-main//tos/interfaces/State.nc" name="reqState" ref="0x2ac2c3794d78">
            <type-int alignment="I:1" cname="unsigned char" size="I:1" unsigned="">
              <typename><typedef-ref name="uint8_t" ref="0x2ac2c209a790"/></typename>
            </type-int>
          </variable>
        </parameters>
      </function>
      <function command="" loc="51:/home/kasper/tinyos-main//tos/interfaces/State.nc" name="forceState" provided="0" ref="0x2ac2c378da48">
        <documentation loc="47:/home/kasper/tinyos-main//tos/interfaces/State.nc">
          <short>
 Force the state machine to go into a certain state,
 regardless of the current state it's in.</short>
          <long>
 Force the state machine to go into a certain state,
 regardless of the current state it's in.
</long>
        </documentation>
        <interfacedef-ref nicename="State" qname="State"/>
        <type-function alignment="I:1" size="I:1">
          <type-void alignment="I:1" size="I:1"/>
          <function-parameters>
            <type-int alignment="I:1" cname="unsigned char" size="I:1" unsigned="">
              <typename><typedef-ref name="uint8_t" ref="0x2ac2c209a790"/></typename>
            </type-int>
          </function-parameters>
        </type-function>
        <parameters>
          <variable loc="51:/home/kasper/tinyos-main//tos/interfaces/State.nc" name="reqState" ref="0x2ac2c378d7d8">
            <type-int alignment="I:1" cname="unsigned char" size="I:1" unsigned="">
              <typename><typedef-ref name="uint8_t" ref="0x2ac2c209a790"/></typename>
            </type-int>
          </variable>
        </parameters>
      </function>
    </interfacedef>