<?xml version="1.0" ?><interfacedef loc="41:/home/kasper/tinyos-main//tos/chips/stm25p/Stm25pVolume.nc" nicename="Stm25pVolume" qname="Stm25pVolume">
      <documentation loc="1:/home/kasper/tinyos-main//tos/chips/stm25p/Stm25p.h">
        <short>
 Copyright (c) 2005-2006 Arch Rock Corporation
 All rights reserved.</short>
        <long>
 Copyright (c) 2005-2006 Arch Rock Corporation
 All rights reserved.

 Redistribution and use in source and binary forms, with or without
 modification, are permitted provided that the following conditions
 are met:
 - Redistributions of source code must retain the above copyright
   notice, this list of conditions and the following disclaimer.
 - Redistributions in binary form must reproduce the above copyright
   notice, this list of conditions and the following disclaimer in the
   documentation and/or other materials provided with the
   distribution.
 - Neither the name of the Arch Rock Corporation nor the names of
   its contributors may be used to endorse or promote products derived
   from this software without specific prior written permission.

 THIS SOFTWARE IS PROVIDED BY THE COPYRIGHT HOLDERS AND CONTRIBUTORS
 ``AS IS'' AND ANY EXPRESS OR IMPLIED WARRANTIES, INCLUDING, BUT NOT
 LIMITED TO, THE IMPLIED WARRANTIES OF MERCHANTABILITY AND FITNESS
 FOR A PARTICULAR PURPOSE ARE DISCLAIMED.  IN NO EVENT SHALL THE
 ARCHED ROCK OR ITS CONTRIBUTORS BE LIABLE FOR ANY DIRECT, INDIRECT,
 INCIDENTAL, SPECIAL, EXEMPLARY, OR CONSEQUENTIAL DAMAGES
 (INCLUDING, BUT NOT LIMITED TO, PROCUREMENT OF SUBSTITUTE GOODS OR
 SERVICES; LOSS OF USE, DATA, OR PROFITS; OR BUSINESS INTERRUPTION)
 HOWEVER CAUSED AND ON ANY THEORY OF LIABILITY, WHETHER IN CONTRACT,
 STRICT LIABILITY, OR TORT (INCLUDING NEGLIGENCE OR OTHERWISE)
 ARISING IN ANY WAY OUT OF THE USE OF THIS SOFTWARE, EVEN IF ADVISED
 OF THE POSSIBILITY OF SUCH DAMAGE

 @author Jonathan Hui &lt;jhui@archrock.com&gt;
 @version $Revision: 1.4 $ $Date: 2006-12-12 18:23:12 $
</long>
      </documentation>
      <function event="" loc="48:/home/kasper/tinyos-main//tos/chips/stm25p/Stm25pVolume.nc" name="getVolumeId" provided="0" ref="0x2ac2c4702c10">
        <documentation loc="43:/home/kasper/tinyos-main//tos/chips/stm25p/Stm25pVolume.nc">
          <short>
 Signals a request to provide the id of a volume.</short>
          <long>
 Signals a request to provide the id of a volume.

 @return the id of the volume.
</long>
        </documentation>
        <interfacedef-ref nicename="Stm25pVolume" qname="Stm25pVolume"/>
        <type-function alignment="I:1" size="I:1">
          <type-int alignment="I:1" cname="unsigned char" size="I:1" unsigned="">
            <typename><typedef-ref name="volume_id_t" ref="0x2ac2c2e72138"/></typename>
          </type-int>
          <function-parameters>
          </function-parameters>
        </type-function>
        <parameters>
        </parameters>
      </function>
    </interfacedef>