<?xml version="1.0" ?><component abstract="" loc="41:/home/kasper/tinyos-main//tos/chips/msp430/timer/Alarm32khz16C.nc" nicename="Alarm32khz16C" qname="Alarm32khz16C">
      <documentation loc="33:/home/kasper/tinyos-main//tos/chips/msp430/timer/Alarm32khz16C.nc">
        <short>
 Alarm32khzC is the alarm for async 32khz alarms

 </short>
        <long>
 Alarm32khzC is the alarm for async 32khz alarms

 @author Cory Sharp &lt;cssharp@eecs.berkeley.edu&gt;
 @see  Please refer to TEP 102 for more information about this component and its
          intended use.
</long>
      </documentation>
      <parameters>
      </parameters>
      <configuration/>
      <wiring>
        <wire loc="52:/home/kasper/tinyos-main//tos/chips/msp430/timer/Alarm32khz16C.nc">
          <from><interface-ref name="Alarm" ref="0x2ac2c3411368" scoped=""/></from>
          <to><interface-ref name="Alarm" ref="0x2ac2c34661e8" scoped=""/></to>
        </wire>
        <wire loc="51:/home/kasper/tinyos-main//tos/chips/msp430/timer/Alarm32khz16C.nc">
          <from><interface-ref name="Init" ref="0x2ac2c3415a78" scoped=""/></from>
          <to><interface-ref name="Init" ref="0x2ac2c344e980" scoped=""/></to>
        </wire>
        <wire loc="54:/home/kasper/tinyos-main//tos/chips/msp430/timer/Alarm32khz16C.nc">
          <from><interface-ref name="Msp430Timer" ref="0x2ac2c3463200" scoped=""/></from>
          <to><interface-ref name="Msp430Timer" ref="0x2ac2c3455938" scoped=""/></to>
        </wire>
        <wire loc="55:/home/kasper/tinyos-main//tos/chips/msp430/timer/Alarm32khz16C.nc">
          <from><interface-ref name="Msp430TimerControl" ref="0x2ac2c3462750" scoped=""/></from>
          <to><interface-ref name="Msp430TimerControl" ref="0x2ac2c3453020" scoped=""/></to>
        </wire>
        <wire loc="56:/home/kasper/tinyos-main//tos/chips/msp430/timer/Alarm32khz16C.nc">
          <from><interface-ref name="Msp430Compare" ref="0x2ac2c3460a50" scoped=""/></from>
          <to><interface-ref name="Msp430Compare" ref="0x2ac2c34522a8" scoped=""/></to>
        </wire>
      </wiring>
    <specification><interface loc="44:/home/kasper/tinyos-main//tos/chips/msp430/timer/Alarm32khz16C.nc" name="Alarm" provided="1" ref="0x2ac2c3411368">
      <component-ref nicename="Alarm32khz16C" qname="Alarm32khz16C"/>
      <type-interface alignment="I:2" size="I:2"><interface-ref name="Alarm" ref="0x2ac2c3411368" scoped=""/></type-interface>
      <instance>
        <interfacedef-ref nicename="Alarm" qname="Alarm"/>
        <arguments>
          <type-tag alignment="I:2" size="I:2"><struct-ref ref="0x2ac2c33df788"/>
            <typename><typedef-ref name="T32khz" ref="0x2ac2c33dfae0"/></typename>
          </type-tag>
          <type-int alignment="I:2" cname="unsigned int" size="I:2" unsigned="">
            <typename><typedef-ref name="uint16_t" ref="0x2ac2c209ab20"/></typename>
          </type-int>
        </arguments>
      </instance>
      <interface-functions>
        <function-ref name="getNow" ref="0x2ac2c340eab0" scoped=""/>
        <function-ref name="fired" ref="0x2ac2c3410a58" scoped=""/>
        <function-ref name="startAt" ref="0x2ac2c340e4a8" scoped=""/>
        <function-ref name="isRunning" ref="0x2ac2c340e020" scoped=""/>
        <function-ref name="getAlarm" ref="0x2ac2c340d020" scoped=""/>
        <function-ref name="start" ref="0x2ac2c34100f8" scoped=""/>
        <function-ref name="stop" ref="0x2ac2c34105d0" scoped=""/>
      </interface-functions>
    </interface><interface loc="43:/home/kasper/tinyos-main//tos/chips/msp430/timer/Alarm32khz16C.nc" name="Init" provided="1" ref="0x2ac2c3415a78">
      <component-ref nicename="Alarm32khz16C" qname="Alarm32khz16C"/>
      <type-interface alignment="I:2" size="I:2"><interface-ref name="Init" ref="0x2ac2c3415a78" scoped=""/></type-interface>
      <instance>
        <interfacedef-ref nicename="Init" qname="Init"/>
      </instance>
      <interface-functions>
        <function-ref name="init" ref="0x2ac2c3415dc8" scoped=""/>
      </interface-functions>
    </interface></specification><referenced><interface loc="46:/home/kasper/tinyos-main//tos/chips/msp430/timer/Msp430AlarmC.nc" name="Alarm" provided="1" ref="0x2ac2c34661e8">
      <component-ref nicename="Alarm32khz16C.Msp430Alarm" qname="Alarm32khz16C.Msp430Alarm"/>
      <type-interface alignment="I:2" size="I:2"><interface-ref name="Alarm" ref="0x2ac2c34661e8" scoped=""/></type-interface>
      <instance>
        <interfacedef-ref nicename="Alarm" qname="Alarm"/>
        <arguments>
          <type-tag alignment="I:2" size="I:2"><struct-ref ref="0x2ac2c33df788"/>
            <typename><typedef-ref name="T32khz" ref="0x2ac2c33dfae0"/></typename>
          </type-tag>
          <type-int alignment="I:2" cname="unsigned int" size="I:2" unsigned="">
            <typename><typedef-ref name="uint16_t" ref="0x2ac2c209ab20"/></typename>
          </type-int>
        </arguments>
      </instance>
      <interface-functions>
        <function-ref name="getNow" ref="0x2ac2c3464918" scoped=""/>
        <function-ref name="fired" ref="0x2ac2c3465980" scoped=""/>
        <function-ref name="startAt" ref="0x2ac2c3464310" scoped=""/>
        <function-ref name="isRunning" ref="0x2ac2c3465e08" scoped=""/>
        <function-ref name="getAlarm" ref="0x2ac2c3464da0" scoped=""/>
        <function-ref name="start" ref="0x2ac2c3465020" scoped=""/>
        <function-ref name="stop" ref="0x2ac2c34654f8" scoped=""/>
      </interface-functions>
    </interface><interface loc="40:/home/kasper/tinyos-main//tos/chips/msp430/timer/Msp430Timer32khzC.nc" name="Msp430TimerControl" provided="1" ref="0x2ac2c3453020">
      <component-ref nicename="Alarm32khz16C.Msp430Timer" qname="Alarm32khz16C.Msp430Timer"/>
      <type-interface alignment="I:2" size="I:2"><interface-ref name="Msp430TimerControl" ref="0x2ac2c3453020" scoped=""/></type-interface>
      <instance>
        <interfacedef-ref nicename="Msp430TimerControl" qname="Msp430TimerControl"/>
      </instance>
      <interface-functions>
        <function-ref name="setControlAsCapture" ref="0x2ac2c3453370" scoped=""/>
        <function-ref name="getControl" ref="0x2ac2c34534f8" scoped=""/>
        <function-ref name="enableEvents" ref="0x2ac2c3453680" scoped=""/>
        <function-ref name="areEventsEnabled" ref="0x2ac2c3453808" scoped=""/>
        <function-ref name="setControlAsCompare" ref="0x2ac2c3453990" scoped=""/>
        <function-ref name="disableEvents" ref="0x2ac2c3453b18" scoped=""/>
        <function-ref name="isInterruptPending" ref="0x2ac2c3453ca0" scoped=""/>
        <function-ref name="clearPendingInterrupt" ref="0x2ac2c3453e28" scoped=""/>
        <function-ref name="setControl" ref="0x2ac2c3452020" scoped=""/>
      </interface-functions>
    </interface><interface loc="45:/home/kasper/tinyos-main//tos/chips/msp430/timer/Msp430AlarmC.nc" name="Init" provided="1" ref="0x2ac2c344e980">
      <component-ref nicename="Alarm32khz16C.Msp430Alarm" qname="Alarm32khz16C.Msp430Alarm"/>
      <type-interface alignment="I:2" size="I:2"><interface-ref name="Init" ref="0x2ac2c344e980" scoped=""/></type-interface>
      <instance>
        <interfacedef-ref nicename="Init" qname="Init"/>
      </instance>
      <interface-functions>
        <function-ref name="init" ref="0x2ac2c344ecd0" scoped=""/>
      </interface-functions>
    </interface><interface loc="39:/home/kasper/tinyos-main//tos/chips/msp430/timer/Msp430Timer32khzC.nc" name="Msp430Timer" provided="1" ref="0x2ac2c3455938">
      <component-ref nicename="Alarm32khz16C.Msp430Timer" qname="Alarm32khz16C.Msp430Timer"/>
      <type-interface alignment="I:2" size="I:2"><interface-ref name="Msp430Timer" ref="0x2ac2c3455938" scoped=""/></type-interface>
      <instance>
        <interfacedef-ref nicename="Msp430Timer" qname="Msp430Timer"/>
      </instance>
      <interface-functions>
        <function-ref name="clear" ref="0x2ac2c3455c88" scoped=""/>
        <function-ref name="setClockSource" ref="0x2ac2c3455e10" scoped=""/>
        <function-ref name="enableEvents" ref="0x2ac2c3454020" scoped=""/>
        <function-ref name="get" ref="0x2ac2c34541a8" scoped=""/>
        <function-ref name="disableEvents" ref="0x2ac2c3454330" scoped=""/>
        <function-ref name="clearOverflow" ref="0x2ac2c34544b8" scoped=""/>
        <function-ref name="getMode" ref="0x2ac2c3454640" scoped=""/>
        <function-ref name="isOverflowPending" ref="0x2ac2c34547c8" scoped=""/>
        <function-ref name="overflow" ref="0x2ac2c3454950" scoped=""/>
        <function-ref name="setMode" ref="0x2ac2c3454ad8" scoped=""/>
        <function-ref name="setInputDivider" ref="0x2ac2c3454c60" scoped=""/>
      </interface-functions>
    </interface><interface loc="49:/home/kasper/tinyos-main//tos/chips/msp430/timer/Msp430AlarmC.nc" name="Msp430Compare" provided="0" ref="0x2ac2c3460a50">
      <component-ref nicename="Alarm32khz16C.Msp430Alarm" qname="Alarm32khz16C.Msp430Alarm"/>
      <type-interface alignment="I:2" size="I:2"><interface-ref name="Msp430Compare" ref="0x2ac2c3460a50" scoped=""/></type-interface>
      <instance>
        <interfacedef-ref nicename="Msp430Compare" qname="Msp430Compare"/>
      </instance>
      <interface-functions>
        <function-ref name="getEvent" ref="0x2ac2c3460da0" scoped=""/>
        <function-ref name="setEvent" ref="0x2ac2c345f020" scoped=""/>
        <function-ref name="setEventFromPrev" ref="0x2ac2c345f1a8" scoped=""/>
        <function-ref name="setEventFromNow" ref="0x2ac2c345f330" scoped=""/>
        <function-ref name="fired" ref="0x2ac2c345f4b8" scoped=""/>
      </interface-functions>
    </interface><interface loc="47:/home/kasper/tinyos-main//tos/chips/msp430/timer/Msp430AlarmC.nc" name="Msp430Timer" provided="0" ref="0x2ac2c3463200">
      <component-ref nicename="Alarm32khz16C.Msp430Alarm" qname="Alarm32khz16C.Msp430Alarm"/>
      <type-interface alignment="I:2" size="I:2"><interface-ref name="Msp430Timer" ref="0x2ac2c3463200" scoped=""/></type-interface>
      <instance>
        <interfacedef-ref nicename="Msp430Timer" qname="Msp430Timer"/>
      </instance>
      <interface-functions>
        <function-ref name="clear" ref="0x2ac2c3463550" scoped=""/>
        <function-ref name="setClockSource" ref="0x2ac2c34636d8" scoped=""/>
        <function-ref name="enableEvents" ref="0x2ac2c3463860" scoped=""/>
        <function-ref name="get" ref="0x2ac2c34639e8" scoped=""/>
        <function-ref name="disableEvents" ref="0x2ac2c3463b70" scoped=""/>
        <function-ref name="clearOverflow" ref="0x2ac2c3463cf8" scoped=""/>
        <function-ref name="getMode" ref="0x2ac2c3463e80" scoped=""/>
        <function-ref name="isOverflowPending" ref="0x2ac2c3462030" scoped=""/>
        <function-ref name="overflow" ref="0x2ac2c34621b8" scoped=""/>
        <function-ref name="setMode" ref="0x2ac2c3462340" scoped=""/>
        <function-ref name="setInputDivider" ref="0x2ac2c34624c8" scoped=""/>
      </interface-functions>
    </interface><interface loc="41:/home/kasper/tinyos-main//tos/chips/msp430/timer/Msp430Timer32khzC.nc" name="Msp430Compare" provided="1" ref="0x2ac2c34522a8">
      <component-ref nicename="Alarm32khz16C.Msp430Timer" qname="Alarm32khz16C.Msp430Timer"/>
      <type-interface alignment="I:2" size="I:2"><interface-ref name="Msp430Compare" ref="0x2ac2c34522a8" scoped=""/></type-interface>
      <instance>
        <interfacedef-ref nicename="Msp430Compare" qname="Msp430Compare"/>
      </instance>
      <interface-functions>
        <function-ref name="getEvent" ref="0x2ac2c34525f8" scoped=""/>
        <function-ref name="setEvent" ref="0x2ac2c3452780" scoped=""/>
        <function-ref name="setEventFromPrev" ref="0x2ac2c3452908" scoped=""/>
        <function-ref name="setEventFromNow" ref="0x2ac2c3452a90" scoped=""/>
        <function-ref name="fired" ref="0x2ac2c3452c18" scoped=""/>
      </interface-functions>
    </interface><interface loc="48:/home/kasper/tinyos-main//tos/chips/msp430/timer/Msp430AlarmC.nc" name="Msp430TimerControl" provided="0" ref="0x2ac2c3462750">
      <component-ref nicename="Alarm32khz16C.Msp430Alarm" qname="Alarm32khz16C.Msp430Alarm"/>
      <type-interface alignment="I:2" size="I:2"><interface-ref name="Msp430TimerControl" ref="0x2ac2c3462750" scoped=""/></type-interface>
      <instance>
        <interfacedef-ref nicename="Msp430TimerControl" qname="Msp430TimerControl"/>
      </instance>
      <interface-functions>
        <function-ref name="setControlAsCapture" ref="0x2ac2c3462aa0" scoped=""/>
        <function-ref name="getControl" ref="0x2ac2c3462c28" scoped=""/>
        <function-ref name="enableEvents" ref="0x2ac2c3462db0" scoped=""/>
        <function-ref name="areEventsEnabled" ref="0x2ac2c3460020" scoped=""/>
        <function-ref name="setControlAsCompare" ref="0x2ac2c34601a8" scoped=""/>
        <function-ref name="disableEvents" ref="0x2ac2c3460330" scoped=""/>
        <function-ref name="isInterruptPending" ref="0x2ac2c34604b8" scoped=""/>
        <function-ref name="clearPendingInterrupt" ref="0x2ac2c3460640" scoped=""/>
        <function-ref name="setControl" ref="0x2ac2c34607c8" scoped=""/>
      </interface-functions>
    </interface><component abstract="" loc="43(Alarm32khz16C.Msp430Alarm):/home/kasper/tinyos-main//tos/chips/msp430/timer/Msp430AlarmC.nc" nicename="Alarm32khz16C.Msp430Alarm" qname="Alarm32khz16C.Msp430Alarm">
      <documentation loc="34:/home/kasper/tinyos-main//tos/chips/msp430/timer/Msp430AlarmC.nc">
        <short>
 Msp430Alarm is a generic component that wraps the MSP430 HPL timers and
 compares into a TinyOS Alarm.</short>
        <long>
 Msp430Alarm is a generic component that wraps the MSP430 HPL timers and
 compares into a TinyOS Alarm.

 @author Cory Sharp &lt;cssharp@eecs.berkeley.edu&gt;
 @see  Please refer to TEP 102 for more information about this component and its
          intended use.
</long>
      </documentation>
      <instance>
        <component-ref nicename="Msp430AlarmC" qname="Msp430AlarmC"/>
        <arguments>
          <type-tag alignment="I:2" size="I:2"><struct-ref ref="0x2ac2c33df788"/>
            <typename><typedef-ref name="T32khz" ref="0x2ac2c33dfae0"/></typename>
          </type-tag>
        </arguments>
      </instance>
      <module/>
    </component><component abstract="" loc="37(Alarm32khz16C.Msp430Timer):/home/kasper/tinyos-main//tos/chips/msp430/timer/Msp430Timer32khzC.nc" nicename="Alarm32khz16C.Msp430Timer" qname="Alarm32khz16C.Msp430Timer">
      <documentation loc="33:/home/kasper/tinyos-main//tos/chips/msp430/timer/Msp430Timer32khzC.nc">
        <short>
 </short>
        <long>
 @author Cory Sharp &lt;cssharp@eecs.berkeley.edu&gt;
</long>
      </documentation>
      <instance>
        <component-ref nicename="Msp430Timer32khzC" qname="Msp430Timer32khzC"/>
      </instance>
      <configuration/>
    </component></referenced></component>