<?xml version="1.0" ?><component abstract="" loc="41:/home/kasper/tinyos-main//tos/chips/msp430/timer/AlarmMilli32C.nc" nicename="AlarmMilli32C" qname="AlarmMilli32C">
      <documentation loc="33:/home/kasper/tinyos-main//tos/chips/msp430/timer/AlarmMilli32C.nc">
        <short>
 AlarmMilliC is the alarm for async millisecond alarms

 </short>
        <long>
 AlarmMilliC is the alarm for async millisecond alarms

 @author Cory Sharp &lt;cssharp@eecs.berkeley.edu&gt;
 @see  Please refer to TEP 102 for more information about this component and its
          intended use.
</long>
      </documentation>
      <parameters>
      </parameters>
      <configuration/>
      <wiring>
        <wire loc="53:/home/kasper/tinyos-main//tos/chips/msp430/timer/AlarmMilli32C.nc">
          <from><interface-ref name="Alarm" ref="0x2ac2c3418e08" scoped=""/></from>
          <to><interface-ref name="Alarm" ref="0x2ac2c34f82d0" scoped=""/></to>
        </wire>
        <wire loc="52:/home/kasper/tinyos-main//tos/chips/msp430/timer/AlarmMilli32C.nc">
          <from><interface-ref name="Init" ref="0x2ac2c34204d8" scoped=""/></from>
          <to><interface-ref name="Init" ref="0x2ac2c345b1a8" scoped=""/></to>
        </wire>
        <wire loc="55:/home/kasper/tinyos-main//tos/chips/msp430/timer/AlarmMilli32C.nc">
          <from><interface-ref name="AlarmFrom" ref="0x2ac2c34f1688" scoped=""/></from>
          <to><interface-ref name="Alarm" ref="0x2ac2c345b990" scoped=""/></to>
        </wire>
        <wire loc="56:/home/kasper/tinyos-main//tos/chips/msp430/timer/AlarmMilli32C.nc">
          <from><interface-ref name="Counter" ref="0x2ac2c34f3410" scoped=""/></from>
          <to><interface-ref name="Counter" ref="0x2ac2c3485d70" scoped=""/></to>
        </wire>
      </wiring>
    <specification><interface loc="44:/home/kasper/tinyos-main//tos/chips/msp430/timer/AlarmMilli32C.nc" name="Alarm" provided="1" ref="0x2ac2c3418e08">
      <component-ref nicename="AlarmMilli32C" qname="AlarmMilli32C"/>
      <type-interface alignment="I:2" size="I:2"><interface-ref name="Alarm" ref="0x2ac2c3418e08" scoped=""/></type-interface>
      <instance>
        <interfacedef-ref nicename="Alarm" qname="Alarm"/>
        <arguments>
          <type-tag alignment="I:2" size="I:2"><struct-ref ref="0x2ac2c33df020"/>
            <typename><typedef-ref name="TMilli" ref="0x2ac2c33df378"/></typename>
          </type-tag>
          <type-int alignment="I:2" cname="unsigned long" size="I:4" unsigned="">
            <typename><typedef-ref name="uint32_t" ref="0x2ac2c209b020"/></typename>
          </type-int>
        </arguments>
      </instance>
      <interface-functions>
        <function-ref name="getNow" ref="0x2ac2c3416628" scoped=""/>
        <function-ref name="fired" ref="0x2ac2c341e580" scoped=""/>
        <function-ref name="startAt" ref="0x2ac2c3416020" scoped=""/>
        <function-ref name="isRunning" ref="0x2ac2c341ea08" scoped=""/>
        <function-ref name="getAlarm" ref="0x2ac2c3416ab0" scoped=""/>
        <function-ref name="start" ref="0x2ac2c341fbe8" scoped=""/>
        <function-ref name="stop" ref="0x2ac2c341e0f8" scoped=""/>
      </interface-functions>
    </interface><interface loc="43:/home/kasper/tinyos-main//tos/chips/msp430/timer/AlarmMilli32C.nc" name="Init" provided="1" ref="0x2ac2c34204d8">
      <component-ref nicename="AlarmMilli32C" qname="AlarmMilli32C"/>
      <type-interface alignment="I:2" size="I:2"><interface-ref name="Init" ref="0x2ac2c34204d8" scoped=""/></type-interface>
      <instance>
        <interfacedef-ref nicename="Init" qname="Init"/>
      </instance>
      <interface-functions>
        <function-ref name="init" ref="0x2ac2c3420828" scoped=""/>
      </interface-functions>
    </interface></specification><referenced><interface loc="73:/home/kasper/tinyos-main//tos/lib/timer/TransformAlarmC.nc" name="AlarmFrom" provided="0" ref="0x2ac2c34f1688">
      <component-ref nicename="AlarmMilli32C.Transform" qname="AlarmMilli32C.Transform"/>
      <type-interface alignment="I:2" size="I:2"><interface-ref name="AlarmFrom" ref="0x2ac2c34f1688" scoped=""/></type-interface>
      <instance>
        <interfacedef-ref nicename="Alarm" qname="Alarm"/>
        <arguments>
          <type-tag alignment="I:2" size="I:2"><struct-ref ref="0x2ac2c33df788"/>
            <typename><typedef-ref name="T32khz" ref="0x2ac2c33dfae0"/></typename>
          </type-tag>
          <type-int alignment="I:2" cname="unsigned int" size="I:2" unsigned="">
            <typename><typedef-ref name="uint16_t" ref="0x2ac2c209ab20"/></typename>
          </type-int>
        </arguments>
      </instance>
      <interface-functions>
        <function-ref name="getNow" ref="0x2ac2c34eecc0" scoped=""/>
        <function-ref name="fired" ref="0x2ac2c34efd60" scoped=""/>
        <function-ref name="startAt" ref="0x2ac2c34ee6b8" scoped=""/>
        <function-ref name="isRunning" ref="0x2ac2c34ee230" scoped=""/>
        <function-ref name="getAlarm" ref="0x2ac2c34ed190" scoped=""/>
        <function-ref name="start" ref="0x2ac2c34ef400" scoped=""/>
        <function-ref name="stop" ref="0x2ac2c34ef8d8" scoped=""/>
      </interface-functions>
    </interface><interface loc="43:/home/kasper/tinyos-main//tos/chips/msp430/timer/Alarm32khz16C.nc" name="Init" provided="1" ref="0x2ac2c345b1a8">
      <component-ref nicename="AlarmMilli32C.AlarmFrom" qname="AlarmMilli32C.AlarmFrom"/>
      <type-interface alignment="I:2" size="I:2"><interface-ref name="Init" ref="0x2ac2c345b1a8" scoped=""/></type-interface>
      <instance>
        <interfacedef-ref nicename="Init" qname="Init"/>
      </instance>
      <interface-functions>
        <function-ref name="init" ref="0x2ac2c345b4f8" scoped=""/>
      </interface-functions>
    </interface><interface loc="43:/home/kasper/tinyos-main//tos/chips/msp430/timer/CounterMilli32C.nc" name="Counter" provided="1" ref="0x2ac2c3485d70">
      <component-ref nicename="CounterMilli32C" qname="CounterMilli32C"/>
      <type-interface alignment="I:2" size="I:2"><interface-ref name="Counter" ref="0x2ac2c3485d70" scoped=""/></type-interface>
      <instance>
        <interfacedef-ref nicename="Counter" qname="Counter"/>
        <arguments>
          <type-tag alignment="I:2" size="I:2"><struct-ref ref="0x2ac2c33df020"/>
            <typename><typedef-ref name="TMilli" ref="0x2ac2c33df378"/></typename>
          </type-tag>
          <type-int alignment="I:2" cname="unsigned long" size="I:4" unsigned="">
            <typename><typedef-ref name="uint32_t" ref="0x2ac2c209b020"/></typename>
          </type-int>
        </arguments>
      </instance>
      <interface-functions>
        <function-ref name="get" ref="0x2ac2c348aaf8" scoped=""/>
        <function-ref name="clearOverflow" ref="0x2ac2c34894a8" scoped=""/>
        <function-ref name="isOverflowPending" ref="0x2ac2c3489020" scoped=""/>
        <function-ref name="overflow" ref="0x2ac2c3489930" scoped=""/>
      </interface-functions>
    </interface><interface loc="68:/home/kasper/tinyos-main//tos/lib/timer/TransformAlarmC.nc" name="Counter" provided="0" ref="0x2ac2c34f3410">
      <component-ref nicename="AlarmMilli32C.Transform" qname="AlarmMilli32C.Transform"/>
      <type-interface alignment="I:2" size="I:2"><interface-ref name="Counter" ref="0x2ac2c34f3410" scoped=""/></type-interface>
      <instance>
        <interfacedef-ref nicename="Counter" qname="Counter"/>
        <arguments>
          <type-tag alignment="I:2" size="I:2"><struct-ref ref="0x2ac2c33df020"/>
            <typename><typedef-ref name="TMilli" ref="0x2ac2c33df378"/></typename>
          </type-tag>
          <type-int alignment="I:2" cname="unsigned long" size="I:4" unsigned="">
            <typename><typedef-ref name="uint32_t" ref="0x2ac2c209b020"/></typename>
          </type-int>
        </arguments>
      </instance>
      <interface-functions>
        <function-ref name="get" ref="0x2ac2c34f2190" scoped=""/>
        <function-ref name="clearOverflow" ref="0x2ac2c34f2aa0" scoped=""/>
        <function-ref name="isOverflowPending" ref="0x2ac2c34f2618" scoped=""/>
        <function-ref name="overflow" ref="0x2ac2c34f1020" scoped=""/>
      </interface-functions>
    </interface><interface loc="44:/home/kasper/tinyos-main//tos/chips/msp430/timer/Alarm32khz16C.nc" name="Alarm" provided="1" ref="0x2ac2c345b990">
      <component-ref nicename="AlarmMilli32C.AlarmFrom" qname="AlarmMilli32C.AlarmFrom"/>
      <type-interface alignment="I:2" size="I:2"><interface-ref name="Alarm" ref="0x2ac2c345b990" scoped=""/></type-interface>
      <instance>
        <interfacedef-ref nicename="Alarm" qname="Alarm"/>
        <arguments>
          <type-tag alignment="I:2" size="I:2"><struct-ref ref="0x2ac2c33df788"/>
            <typename><typedef-ref name="T32khz" ref="0x2ac2c33dfae0"/></typename>
          </type-tag>
          <type-int alignment="I:2" cname="unsigned int" size="I:2" unsigned="">
            <typename><typedef-ref name="uint16_t" ref="0x2ac2c209ab20"/></typename>
          </type-int>
        </arguments>
      </instance>
      <interface-functions>
        <function-ref name="getNow" ref="0x2ac2c3458020" scoped=""/>
        <function-ref name="fired" ref="0x2ac2c34590c0" scoped=""/>
        <function-ref name="startAt" ref="0x2ac2c34599d0" scoped=""/>
        <function-ref name="isRunning" ref="0x2ac2c3459548" scoped=""/>
        <function-ref name="getAlarm" ref="0x2ac2c34584a8" scoped=""/>
        <function-ref name="start" ref="0x2ac2c345a730" scoped=""/>
        <function-ref name="stop" ref="0x2ac2c345ac08" scoped=""/>
      </interface-functions>
    </interface><interface loc="61:/home/kasper/tinyos-main//tos/lib/timer/TransformAlarmC.nc" name="Alarm" provided="1" ref="0x2ac2c34f82d0">
      <component-ref nicename="AlarmMilli32C.Transform" qname="AlarmMilli32C.Transform"/>
      <type-interface alignment="I:2" size="I:2"><interface-ref name="Alarm" ref="0x2ac2c34f82d0" scoped=""/></type-interface>
      <instance>
        <interfacedef-ref nicename="Alarm" qname="Alarm"/>
        <arguments>
          <type-tag alignment="I:2" size="I:2"><struct-ref ref="0x2ac2c33df020"/>
            <typename><typedef-ref name="TMilli" ref="0x2ac2c33df378"/></typename>
          </type-tag>
          <type-int alignment="I:2" cname="unsigned long" size="I:4" unsigned="">
            <typename><typedef-ref name="uint32_t" ref="0x2ac2c209b020"/></typename>
          </type-int>
        </arguments>
      </instance>
      <interface-functions>
        <function-ref name="getNow" ref="0x2ac2c34f5928" scoped=""/>
        <function-ref name="fired" ref="0x2ac2c34f69e8" scoped=""/>
        <function-ref name="startAt" ref="0x2ac2c34f5320" scoped=""/>
        <function-ref name="isRunning" ref="0x2ac2c34f6e70" scoped=""/>
        <function-ref name="getAlarm" ref="0x2ac2c34f5db0" scoped=""/>
        <function-ref name="start" ref="0x2ac2c34f6088" scoped=""/>
        <function-ref name="stop" ref="0x2ac2c34f6560" scoped=""/>
      </interface-functions>
    </interface><component abstract="" loc="41(AlarmMilli32C.AlarmFrom):/home/kasper/tinyos-main//tos/chips/msp430/timer/Alarm32khz16C.nc" nicename="AlarmMilli32C.AlarmFrom" qname="AlarmMilli32C.AlarmFrom">
      <documentation loc="33:/home/kasper/tinyos-main//tos/chips/msp430/timer/Alarm32khz16C.nc">
        <short>
 Alarm32khzC is the alarm for async 32khz alarms

 </short>
        <long>
 Alarm32khzC is the alarm for async 32khz alarms

 @author Cory Sharp &lt;cssharp@eecs.berkeley.edu&gt;
 @see  Please refer to TEP 102 for more information about this component and its
          intended use.
</long>
      </documentation>
      <instance>
        <component-ref nicename="Alarm32khz16C" qname="Alarm32khz16C"/>
      </instance>
      <configuration/>
    </component><component loc="41:/home/kasper/tinyos-main//tos/chips/msp430/timer/CounterMilli32C.nc" nicename="CounterMilli32C" qname="CounterMilli32C">
      <documentation loc="33:/home/kasper/tinyos-main//tos/chips/msp430/timer/CounterMilli32C.nc">
        <short>
 CounterMilli32C provides at 32-bit counter at 1024 ticks per second.</short>
        <long>
 CounterMilli32C provides at 32-bit counter at 1024 ticks per second.

 @author Cory Sharp &lt;cssharp@eecs.berkeley.edu&gt;
 @see  Please refer to TEP 102 for more information about this component and its
          intended use.
</long>
      </documentation>
      <configuration/>
      <wiring>
        <wire loc="50:/home/kasper/tinyos-main//tos/chips/msp430/timer/CounterMilli32C.nc">
          <from><interface-ref name="Counter" ref="0x2ac2c3485d70" scoped=""/></from>
          <to><interface-ref name="Counter" ref="0x2ac2c349fc50" scoped=""/></to>
        </wire>
        <wire loc="52:/home/kasper/tinyos-main//tos/chips/msp430/timer/CounterMilli32C.nc">
          <from><interface-ref name="CounterFrom" ref="0x2ac2c34bae20" scoped=""/></from>
          <to><interface-ref name="Msp430Counter32khz" ref="0x2ac2c3483b98" scoped=""/></to>
        </wire>
      </wiring>
    </component><component abstract="" loc="51(AlarmMilli32C.Transform):/home/kasper/tinyos-main//tos/lib/timer/TransformAlarmC.nc" nicename="AlarmMilli32C.Transform" qname="AlarmMilli32C.Transform">
      <documentation loc="34:/home/kasper/tinyos-main//tos/lib/timer/TransformAlarmC.nc">
        <short>
 TransformAlarmC decreases precision and/or widens an Alarm.</short>
        <long>
 TransformAlarmC decreases precision and/or widens an Alarm.  An already
 widened Counter component is used to help.

 &lt;p&gt;See TEP102 for more details.
 @param to_precision_tag A type indicating the precision of the transformed
   Alarm.
 @param to_size_type The type for the width of the transformed Alarm.
 @param from_precision_tag A type indicating the precision of the original
   Alarm.
 @param from_size_type The type for the width of the original Alarm.
 @param bit_shift_right Original time units will be 2 to the power 
   &lt;code&gt;bit_shift_right&lt;/code&gt; larger than transformed time units.

 @author Cory Sharp &lt;cssharp@eecs.berkeley.edu&gt;
</long>
      </documentation>
      <instance>
        <component-ref nicename="TransformAlarmC" qname="TransformAlarmC"/>
        <arguments>
          <type-tag alignment="I:2" size="I:2"><struct-ref ref="0x2ac2c33df020"/>
            <typename><typedef-ref name="TMilli" ref="0x2ac2c33df378"/></typename>
          </type-tag>
          <type-int alignment="I:2" cname="unsigned long" size="I:4" unsigned="">
            <typename><typedef-ref name="uint32_t" ref="0x2ac2c209b020"/></typename>
          </type-int>
          <type-tag alignment="I:2" size="I:2"><struct-ref ref="0x2ac2c33df788"/>
            <typename><typedef-ref name="T32khz" ref="0x2ac2c33dfae0"/></typename>
          </type-tag>
          <type-int alignment="I:2" cname="unsigned int" size="I:2" unsigned="">
            <typename><typedef-ref name="uint16_t" ref="0x2ac2c209ab20"/></typename>
          </type-int>
          <value cst="I:5">
            <type-int alignment="I:2" cname="int" size="I:2"/>
          </value>
        </arguments>
      </instance>
      <module/>
    </component></referenced></component>