<?xml version="1.0" ?><component abstract="" loc="43:/home/kasper/tinyos-main//tos/system/AMReceiverC.nc" nicename="AMReceiverC" qname="AMReceiverC">
      <documentation loc="33:/home/kasper/tinyos-main//tos/system/AMReceiverC.nc">
        <short>
 The virtualized AM reception abstraction.</short>
        <long>
 The virtualized AM reception abstraction.

 @author Philip Levis
 @date   Jan 16 2006
 @see    TEP 116: Packet Protocols
</long>
      </documentation>
      <parameters>
        <constant loc="43:/home/kasper/tinyos-main//tos/system/AMReceiverC.nc" name="amId" ref="0x2ac2c4629e48">
          <component-ref nicename="AMReceiverC" qname="AMReceiverC"/>
          <type-int alignment="I:1" cname="unsigned char" size="I:1" unsigned="">
            <typename><typedef-ref name="am_id_t" ref="0x2ac2c35c5110"/></typename>
          </type-int>
        </constant>
      </parameters>
      <configuration/>
      <wiring>
        <wire loc="55:/home/kasper/tinyos-main//tos/system/AMReceiverC.nc">
          <from><interface-ref name="Packet" ref="0x2ac2c46258c0" scoped=""/></from>
          <to><interface-ref name="Packet" ref="0x2ac2c36db448" scoped=""/></to>
        </wire>
        <wire loc="54:/home/kasper/tinyos-main//tos/system/AMReceiverC.nc">
          <from><interface-ref name="Receive" ref="0x2ac2c46252e8" scoped=""/></from>
          <to><interface-ref name="Receive" ref="0x2ac2c36dd300" scoped=""/>
          <arguments>
            <value cst="U:">
              <type-int alignment="I:1" cname="unsigned char" size="I:1" unsigned="">
                <typename><typedef-ref name="am_id_t" ref="0x2ac2c35c5110"/></typename>
              </type-int>
            </value>
          </arguments>
          </to>
        </wire>
        <wire loc="56:/home/kasper/tinyos-main//tos/system/AMReceiverC.nc">
          <from><interface-ref name="AMPacket" ref="0x2ac2c46245d0" scoped=""/></from>
          <to><interface-ref name="AMPacket" ref="0x2ac2c36da080" scoped=""/></to>
        </wire>
      </wiring>
    <specification><interface loc="46:/home/kasper/tinyos-main//tos/system/AMReceiverC.nc" name="Packet" provided="1" ref="0x2ac2c46258c0">
      <component-ref nicename="AMReceiverC" qname="AMReceiverC"/>
      <type-interface alignment="I:2" size="I:2"><interface-ref name="Packet" ref="0x2ac2c46258c0" scoped=""/></type-interface>
      <instance>
        <interfacedef-ref nicename="Packet" qname="Packet"/>
      </instance>
      <interface-functions>
        <function-ref name="clear" ref="0x2ac2c4625c10" scoped=""/>
        <function-ref name="payloadLength" ref="0x2ac2c4625d98" scoped=""/>
        <function-ref name="getPayload" ref="0x2ac2c4624020" scoped=""/>
        <function-ref name="maxPayloadLength" ref="0x2ac2c46241a8" scoped=""/>
        <function-ref name="setPayloadLength" ref="0x2ac2c4624330" scoped=""/>
      </interface-functions>
    </interface><interface loc="45:/home/kasper/tinyos-main//tos/system/AMReceiverC.nc" name="Receive" provided="1" ref="0x2ac2c46252e8">
      <component-ref nicename="AMReceiverC" qname="AMReceiverC"/>
      <type-interface alignment="I:2" size="I:2"><interface-ref name="Receive" ref="0x2ac2c46252e8" scoped=""/></type-interface>
      <instance>
        <interfacedef-ref nicename="Receive" qname="Receive"/>
      </instance>
      <interface-functions>
        <function-ref name="receive" ref="0x2ac2c4625638" scoped=""/>
      </interface-functions>
    </interface><interface loc="47:/home/kasper/tinyos-main//tos/system/AMReceiverC.nc" name="AMPacket" provided="1" ref="0x2ac2c46245d0">
      <component-ref nicename="AMReceiverC" qname="AMReceiverC"/>
      <type-interface alignment="I:2" size="I:2"><interface-ref name="AMPacket" ref="0x2ac2c46245d0" scoped=""/></type-interface>
      <instance>
        <interfacedef-ref nicename="AMPacket" qname="AMPacket"/>
      </instance>
      <interface-functions>
        <function-ref name="group" ref="0x2ac2c4624920" scoped=""/>
        <function-ref name="source" ref="0x2ac2c4624aa8" scoped=""/>
        <function-ref name="address" ref="0x2ac2c4624c30" scoped=""/>
        <function-ref name="destination" ref="0x2ac2c4624db8" scoped=""/>
        <function-ref name="setSource" ref="0x2ac2c4623020" scoped=""/>
        <function-ref name="setDestination" ref="0x2ac2c46231a8" scoped=""/>
        <function-ref name="type" ref="0x2ac2c4623330" scoped=""/>
        <function-ref name="setType" ref="0x2ac2c46234b8" scoped=""/>
        <function-ref name="isForMe" ref="0x2ac2c4623640" scoped=""/>
        <function-ref name="setGroup" ref="0x2ac2c46237c8" scoped=""/>
        <function-ref name="localGroup" ref="0x2ac2c4623950" scoped=""/>
      </interface-functions>
    </interface></specification><referenced><interface loc="68:/home/kasper/tinyos-main//tos/platforms/telosa/ActiveMessageC.nc" name="AMPacket" provided="1" ref="0x2ac2c36da080">
      <component-ref nicename="ActiveMessageC" qname="ActiveMessageC"/>
      <type-interface alignment="I:2" size="I:2"><interface-ref name="AMPacket" ref="0x2ac2c36da080" scoped=""/></type-interface>
      <instance>
        <interfacedef-ref nicename="AMPacket" qname="AMPacket"/>
      </instance>
      <interface-functions>
        <function-ref name="group" ref="0x2ac2c36da3d0" scoped=""/>
        <function-ref name="source" ref="0x2ac2c36da558" scoped=""/>
        <function-ref name="address" ref="0x2ac2c36da6e0" scoped=""/>
        <function-ref name="destination" ref="0x2ac2c36da868" scoped=""/>
        <function-ref name="setSource" ref="0x2ac2c36da9f0" scoped=""/>
        <function-ref name="setDestination" ref="0x2ac2c36dab78" scoped=""/>
        <function-ref name="type" ref="0x2ac2c36dad00" scoped=""/>
        <function-ref name="setType" ref="0x2ac2c36d9020" scoped=""/>
        <function-ref name="isForMe" ref="0x2ac2c36d91a8" scoped=""/>
        <function-ref name="setGroup" ref="0x2ac2c36d9330" scoped=""/>
        <function-ref name="localGroup" ref="0x2ac2c36d94b8" scoped=""/>
      </interface-functions>
    </interface><interface loc="67:/home/kasper/tinyos-main//tos/platforms/telosa/ActiveMessageC.nc" name="Packet" provided="1" ref="0x2ac2c36db448">
      <component-ref nicename="ActiveMessageC" qname="ActiveMessageC"/>
      <type-interface alignment="I:2" size="I:2"><interface-ref name="Packet" ref="0x2ac2c36db448" scoped=""/></type-interface>
      <instance>
        <interfacedef-ref nicename="Packet" qname="Packet"/>
      </instance>
      <interface-functions>
        <function-ref name="clear" ref="0x2ac2c36db798" scoped=""/>
        <function-ref name="payloadLength" ref="0x2ac2c36db920" scoped=""/>
        <function-ref name="getPayload" ref="0x2ac2c36dbaa8" scoped=""/>
        <function-ref name="maxPayloadLength" ref="0x2ac2c36dbc30" scoped=""/>
        <function-ref name="setPayloadLength" ref="0x2ac2c36dbdb8" scoped=""/>
      </interface-functions>
    </interface><interface loc="64:/home/kasper/tinyos-main//tos/platforms/telosa/ActiveMessageC.nc" name="Receive" provided="1" ref="0x2ac2c36dd300">
      <component-ref nicename="ActiveMessageC" qname="ActiveMessageC"/>
      <type-interface alignment="I:2" size="I:2"><interface-ref name="Receive" ref="0x2ac2c36dd300" scoped=""/></type-interface>
      <instance>
        <interfacedef-ref nicename="Receive" qname="Receive"/>
      </instance>
      <interface-parameters>
        <type-int alignment="I:1" cname="unsigned char" size="I:1" unsigned="">
          <typename><typedef-ref name="am_id_t" ref="0x2ac2c35c5110"/></typename>
        </type-int>
      </interface-parameters>
      <interface-functions>
        <function-ref name="receive" ref="0x2ac2c36dd650" scoped=""/>
      </interface-functions>
    </interface><component loc="59:/home/kasper/tinyos-main//tos/platforms/telosa/ActiveMessageC.nc" nicename="ActiveMessageC" qname="ActiveMessageC">
      <documentation loc="49:/home/kasper/tinyos-main//tos/platforms/telosa/ActiveMessageC.nc">
        <short>

 The Active Message layer on the Telos platform.</short>
        <long>

 The Active Message layer on the Telos platform. This is a naming wrapper
 around the CC2420 Active Message layer.

 @author Philip Levis
 @version $Revision: 1.9 $ $Date: 2010-06-29 22:07:55 $
</long>
      </documentation>
      <configuration/>
      <wiring>
        <wire loc="78:/home/kasper/tinyos-main//tos/platforms/telosa/ActiveMessageC.nc">
          <from><interface-ref name="SplitControl" ref="0x2ac2c36df140" scoped=""/></from>
          <to><interface-ref name="SplitControl" ref="0x2ac2c3731310" scoped=""/></to>
        </wire>
        <wire loc="80:/home/kasper/tinyos-main//tos/platforms/telosa/ActiveMessageC.nc">
          <from><interface-ref name="AMSend" ref="0x2ac2c36de1c8" scoped=""/></from>
          <to><interface-ref name="AMSend" ref="0x2ac2c37302b0" scoped=""/></to>
        </wire>
        <wire loc="82:/home/kasper/tinyos-main//tos/platforms/telosa/ActiveMessageC.nc">
          <from><interface-ref name="Snoop" ref="0x2ac2c36dde48" scoped=""/></from>
          <to><interface-ref name="Snoop" ref="0x2ac2c372e020" scoped=""/></to>
        </wire>
        <wire loc="83:/home/kasper/tinyos-main//tos/platforms/telosa/ActiveMessageC.nc">
          <from><interface-ref name="Packet" ref="0x2ac2c36db448" scoped=""/></from>
          <to><interface-ref name="Packet" ref="0x2ac2c372dbd8" scoped=""/></to>
        </wire>
        <wire loc="89:/home/kasper/tinyos-main//tos/platforms/telosa/ActiveMessageC.nc">
          <from><interface-ref name="PacketTimeStamp32khz" ref="0x2ac2c36d8020" scoped=""/></from>
          <to><interface-ref name="PacketTimeStamp32khz" ref="0x2ac2c3fa3130" scoped=""/></to>
        </wire>
        <wire loc="86:/home/kasper/tinyos-main//tos/platforms/telosa/ActiveMessageC.nc">
          <from><interface-ref name="LowPowerListening" ref="0x2ac2c36fe848" scoped=""/></from>
          <to><interface-ref name="LowPowerListening" ref="0x2ac2c371f628" scoped=""/></to>
        </wire>
        <wire loc="81:/home/kasper/tinyos-main//tos/platforms/telosa/ActiveMessageC.nc">
          <from><interface-ref name="Receive" ref="0x2ac2c36dd300" scoped=""/></from>
          <to><interface-ref name="Receive" ref="0x2ac2c372f3c8" scoped=""/></to>
        </wire>
        <wire loc="85:/home/kasper/tinyos-main//tos/platforms/telosa/ActiveMessageC.nc">
          <from><interface-ref name="PacketAcknowledgements" ref="0x2ac2c37120d0" scoped=""/></from>
          <to><interface-ref name="PacketAcknowledgements" ref="0x2ac2c372b7e0" scoped=""/></to>
        </wire>
        <wire loc="84:/home/kasper/tinyos-main//tos/platforms/telosa/ActiveMessageC.nc">
          <from><interface-ref name="AMPacket" ref="0x2ac2c36da080" scoped=""/></from>
          <to><interface-ref name="AMPacket" ref="0x2ac2c372e610" scoped=""/></to>
        </wire>
        <wire loc="90:/home/kasper/tinyos-main//tos/platforms/telosa/ActiveMessageC.nc">
          <from><interface-ref name="PacketTimeStampMilli" ref="0x2ac2c370be48" scoped=""/></from>
          <to><interface-ref name="PacketTimeStampMilli" ref="0x2ac2c3f9f020" scoped=""/></to>
        </wire>
      </wiring>
    </component></referenced></component>