<?xml version="1.0" ?><component loc="45:/home/kasper/tinyos-main//tos/chips/cc2420/receive/CC2420ReceiveP.nc" nicename="CC2420ReceiveP" qname="CC2420ReceiveP" safe="">
      <documentation loc="32:/home/kasper/tinyos-main//tos/chips/cc2420/receive/CC2420ReceiveP.nc">
        <short>
 </short>
        <long>
 @author Jonathan Hui &lt;jhui@archrock.com&gt;
 @author David Moss
 @author Jung Il Choi
 @author JeongGil Ko
 @author Razvan Musaloiu-E
 @version $Revision: 1.21 $ $Date: 2009/09/17 23:36:36 $
</long>
      </documentation>
      <module/>
    <specification><interface loc="54:/home/kasper/tinyos-main//tos/chips/cc2420/receive/CC2420ReceiveP.nc" name="FIFO" provided="0" ref="0x2ac2c3f5c998">
      <component-ref nicename="CC2420ReceiveP" qname="CC2420ReceiveP"/>
      <type-interface alignment="I:2" size="I:2"><interface-ref name="FIFO" ref="0x2ac2c3f5c998" scoped=""/></type-interface>
      <instance>
        <interfacedef-ref nicename="GeneralIO" qname="GeneralIO"/>
      </instance>
      <interface-functions>
        <function-ref name="makeInput" ref="0x2ac2c3f5cce8" scoped=""/>
        <function-ref name="isInput" ref="0x2ac2c3f5ce70" scoped=""/>
        <function-ref name="toggle" ref="0x2ac2c3f5b020" scoped=""/>
        <function-ref name="isOutput" ref="0x2ac2c3f5b1a8" scoped=""/>
        <function-ref name="get" ref="0x2ac2c3f5b330" scoped=""/>
        <function-ref name="makeOutput" ref="0x2ac2c3f5b4b8" scoped=""/>
        <function-ref name="set" ref="0x2ac2c3f5b640" scoped=""/>
        <function-ref name="clr" ref="0x2ac2c3f5b7c8" scoped=""/>
      </interface-functions>
    </interface><interface loc="64:/home/kasper/tinyos-main//tos/chips/cc2420/receive/CC2420ReceiveP.nc" name="CC2420Config" provided="0" ref="0x2ac2c3f55cb8">
      <component-ref nicename="CC2420ReceiveP" qname="CC2420ReceiveP"/>
      <type-interface alignment="I:2" size="I:2"><interface-ref name="CC2420Config" ref="0x2ac2c3f55cb8" scoped=""/></type-interface>
      <instance>
        <interfacedef-ref nicename="CC2420Config" qname="CC2420Config"/>
      </instance>
      <interface-functions>
        <function-ref name="setAutoAck" ref="0x2ac2c3f540a0" scoped=""/>
        <function-ref name="isAddressRecognitionEnabled" ref="0x2ac2c3f54228" scoped=""/>
        <function-ref name="setAddressRecognition" ref="0x2ac2c3f543b0" scoped=""/>
        <function-ref name="syncDone" ref="0x2ac2c3f54538" scoped=""/>
        <function-ref name="isHwAddressRecognitionDefault" ref="0x2ac2c3f546c0" scoped=""/>
        <function-ref name="setShortAddr" ref="0x2ac2c3f54848" scoped=""/>
        <function-ref name="setChannel" ref="0x2ac2c3f549d0" scoped=""/>
        <function-ref name="isAutoAckEnabled" ref="0x2ac2c3f54b58" scoped=""/>
        <function-ref name="setPanAddr" ref="0x2ac2c3f54ce0" scoped=""/>
        <function-ref name="isHwAutoAckDefault" ref="0x2ac2c3f54e68" scoped=""/>
        <function-ref name="getExtAddr" ref="0x2ac2c3f53020" scoped=""/>
        <function-ref name="getShortAddr" ref="0x2ac2c3f531a8" scoped=""/>
        <function-ref name="sync" ref="0x2ac2c3f53330" scoped=""/>
        <function-ref name="getChannel" ref="0x2ac2c3f535b8" scoped=""/>
        <function-ref name="getPanAddr" ref="0x2ac2c3f53740" scoped=""/>
      </interface-functions>
    </interface><interface loc="148:/home/kasper/tinyos-main//tos/chips/cc2420/receive/CC2420ReceiveP.nc" name="receiveDone_task" provided="0" ref="0x2ac2c3f3d020">
      <component-ref nicename="CC2420ReceiveP" qname="CC2420ReceiveP"/>
      <type-interface alignment="I:2" size="I:2"><interface-ref name="receiveDone_task" ref="0x2ac2c3f3d020" scoped=""/></type-interface>
      <instance>
        <interfacedef-ref nicename="TaskBasic" qname="TaskBasic"/>
      </instance>
      <interface-functions>
        <function-ref name="postTask" ref="0x2ac2c3f3d370" scoped=""/>
        <function-ref name="runTask" ref="0x2ac2c3f3d4f8" scoped=""/>
      </interface-functions>
    </interface><interface loc="65:/home/kasper/tinyos-main//tos/chips/cc2420/receive/CC2420ReceiveP.nc" name="PacketTimeStamp" provided="0" ref="0x2ac2c3f53d08">
      <component-ref nicename="CC2420ReceiveP" qname="CC2420ReceiveP"/>
      <type-interface alignment="I:2" size="I:2"><interface-ref name="PacketTimeStamp" ref="0x2ac2c3f53d08" scoped=""/></type-interface>
      <instance>
        <interfacedef-ref nicename="PacketTimeStamp" qname="PacketTimeStamp"/>
        <arguments>
          <type-tag alignment="I:2" size="I:2"><struct-ref ref="0x2ac2c33df788"/>
            <typename><typedef-ref name="T32khz" ref="0x2ac2c33dfae0"/></typename>
          </type-tag>
          <type-int alignment="I:2" cname="unsigned long" size="I:4" unsigned="">
            <typename><typedef-ref name="uint32_t" ref="0x2ac2c209b020"/></typename>
          </type-int>
        </arguments>
      </instance>
      <interface-functions>
        <function-ref name="timestamp" ref="0x2ac2c3f501f0" scoped=""/>
        <function-ref name="clear" ref="0x2ac2c3f508d0" scoped=""/>
        <function-ref name="isValid" ref="0x2ac2c3f52ac0" scoped=""/>
        <function-ref name="set" ref="0x2ac2c3f4f020" scoped=""/>
      </interface-functions>
    </interface><interface loc="55:/home/kasper/tinyos-main//tos/chips/cc2420/receive/CC2420ReceiveP.nc" name="FIFOP" provided="0" ref="0x2ac2c3f5bb28">
      <component-ref nicename="CC2420ReceiveP" qname="CC2420ReceiveP"/>
      <type-interface alignment="I:2" size="I:2"><interface-ref name="FIFOP" ref="0x2ac2c3f5bb28" scoped=""/></type-interface>
      <instance>
        <interfacedef-ref nicename="GeneralIO" qname="GeneralIO"/>
      </instance>
      <interface-functions>
        <function-ref name="makeInput" ref="0x2ac2c3f5be78" scoped=""/>
        <function-ref name="isInput" ref="0x2ac2c3f5a030" scoped=""/>
        <function-ref name="toggle" ref="0x2ac2c3f5a1b8" scoped=""/>
        <function-ref name="isOutput" ref="0x2ac2c3f5a340" scoped=""/>
        <function-ref name="get" ref="0x2ac2c3f5a4c8" scoped=""/>
        <function-ref name="makeOutput" ref="0x2ac2c3f5a650" scoped=""/>
        <function-ref name="set" ref="0x2ac2c3f5a7d8" scoped=""/>
        <function-ref name="clr" ref="0x2ac2c3f5a960" scoped=""/>
      </interface-functions>
    </interface><interface loc="69:/home/kasper/tinyos-main//tos/chips/cc2420/receive/CC2420ReceiveP.nc" name="SECCTRL1" provided="0" ref="0x2ac2c3f4e8a8">
      <component-ref nicename="CC2420ReceiveP" qname="CC2420ReceiveP"/>
      <type-interface alignment="I:2" size="I:2"><interface-ref name="SECCTRL1" ref="0x2ac2c3f4e8a8" scoped=""/></type-interface>
      <instance>
        <interfacedef-ref nicename="CC2420Register" qname="CC2420Register"/>
      </instance>
      <interface-functions>
        <function-ref name="read" ref="0x2ac2c3f4ebf8" scoped=""/>
        <function-ref name="write" ref="0x2ac2c3f4ed80" scoped=""/>
      </interface-functions>
    </interface><interface loc="70:/home/kasper/tinyos-main//tos/chips/cc2420/receive/CC2420ReceiveP.nc" name="KEY0" provided="0" ref="0x2ac2c3f4c130">
      <component-ref nicename="CC2420ReceiveP" qname="CC2420ReceiveP"/>
      <type-interface alignment="I:2" size="I:2"><interface-ref name="KEY0" ref="0x2ac2c3f4c130" scoped=""/></type-interface>
      <instance>
        <interfacedef-ref nicename="CC2420Ram" qname="CC2420Ram"/>
      </instance>
      <interface-functions>
        <function-ref name="read" ref="0x2ac2c3f4c480" scoped=""/>
        <function-ref name="write" ref="0x2ac2c3f4c608" scoped=""/>
      </interface-functions>
    </interface><interface loc="72:/home/kasper/tinyos-main//tos/chips/cc2420/receive/CC2420ReceiveP.nc" name="RXNONCE" provided="0" ref="0x2ac2c3f4b208">
      <component-ref nicename="CC2420ReceiveP" qname="CC2420ReceiveP"/>
      <type-interface alignment="I:2" size="I:2"><interface-ref name="RXNONCE" ref="0x2ac2c3f4b208" scoped=""/></type-interface>
      <instance>
        <interfacedef-ref nicename="CC2420Ram" qname="CC2420Ram"/>
      </instance>
      <interface-functions>
        <function-ref name="read" ref="0x2ac2c3f4b558" scoped=""/>
        <function-ref name="write" ref="0x2ac2c3f4b6e0" scoped=""/>
      </interface-functions>
    </interface><interface loc="62:/home/kasper/tinyos-main//tos/chips/cc2420/receive/CC2420ReceiveP.nc" name="CC2420Packet" provided="0" ref="0x2ac2c3f563a8">
      <component-ref nicename="CC2420ReceiveP" qname="CC2420ReceiveP"/>
      <type-interface alignment="I:2" size="I:2"><interface-ref name="CC2420Packet" ref="0x2ac2c3f563a8" scoped=""/></type-interface>
      <instance>
        <interfacedef-ref nicename="CC2420Packet" qname="CC2420Packet"/>
      </instance>
      <interface-functions>
        <function-ref name="setPower" ref="0x2ac2c3f566f8" scoped=""/>
        <function-ref name="setNetwork" ref="0x2ac2c3f56880" scoped=""/>
        <function-ref name="getRssi" ref="0x2ac2c3f56a08" scoped=""/>
        <function-ref name="getNetwork" ref="0x2ac2c3f56b90" scoped=""/>
        <function-ref name="getPower" ref="0x2ac2c3f56d18" scoped=""/>
        <function-ref name="getLqi" ref="0x2ac2c3f55020" scoped=""/>
      </interface-functions>
    </interface><interface loc="49:/home/kasper/tinyos-main//tos/chips/cc2420/receive/CC2420ReceiveP.nc" name="CC2420Receive" provided="1" ref="0x2ac2c3effe48">
      <component-ref nicename="CC2420ReceiveP" qname="CC2420ReceiveP"/>
      <type-interface alignment="I:2" size="I:2"><interface-ref name="CC2420Receive" ref="0x2ac2c3effe48" scoped=""/></type-interface>
      <instance>
        <interfacedef-ref nicename="CC2420Receive" qname="CC2420Receive"/>
      </instance>
      <interface-functions>
        <function-ref name="receive" ref="0x2ac2c3f5e1c0" scoped=""/>
        <function-ref name="sfd_dropped" ref="0x2ac2c3f5e348" scoped=""/>
        <function-ref name="sfd" ref="0x2ac2c3f5e4d0" scoped=""/>
      </interface-functions>
    </interface><interface loc="60:/home/kasper/tinyos-main//tos/chips/cc2420/receive/CC2420ReceiveP.nc" name="SACK" provided="0" ref="0x2ac2c3f57520">
      <component-ref nicename="CC2420ReceiveP" qname="CC2420ReceiveP"/>
      <type-interface alignment="I:2" size="I:2"><interface-ref name="SACK" ref="0x2ac2c3f57520" scoped=""/></type-interface>
      <instance>
        <interfacedef-ref nicename="CC2420Strobe" qname="CC2420Strobe"/>
      </instance>
      <interface-functions>
        <function-ref name="strobe" ref="0x2ac2c3f57870" scoped=""/>
      </interface-functions>
    </interface><interface loc="53:/home/kasper/tinyos-main//tos/chips/cc2420/receive/CC2420ReceiveP.nc" name="CSN" provided="0" ref="0x2ac2c3f5d6b8">
      <component-ref nicename="CC2420ReceiveP" qname="CC2420ReceiveP"/>
      <type-interface alignment="I:2" size="I:2"><interface-ref name="CSN" ref="0x2ac2c3f5d6b8" scoped=""/></type-interface>
      <instance>
        <interfacedef-ref nicename="GeneralIO" qname="GeneralIO"/>
      </instance>
      <interface-functions>
        <function-ref name="makeInput" ref="0x2ac2c3f5da08" scoped=""/>
        <function-ref name="isInput" ref="0x2ac2c3f5db90" scoped=""/>
        <function-ref name="toggle" ref="0x2ac2c3f5dd18" scoped=""/>
        <function-ref name="isOutput" ref="0x2ac2c3f5c020" scoped=""/>
        <function-ref name="get" ref="0x2ac2c3f5c1a8" scoped=""/>
        <function-ref name="makeOutput" ref="0x2ac2c3f5c330" scoped=""/>
        <function-ref name="set" ref="0x2ac2c3f5c4b8" scoped=""/>
        <function-ref name="clr" ref="0x2ac2c3f5c640" scoped=""/>
      </interface-functions>
    </interface><interface loc="73:/home/kasper/tinyos-main//tos/chips/cc2420/receive/CC2420ReceiveP.nc" name="RXFIFO_RAM" provided="0" ref="0x2ac2c3f4ba70">
      <component-ref nicename="CC2420ReceiveP" qname="CC2420ReceiveP"/>
      <type-interface alignment="I:2" size="I:2"><interface-ref name="RXFIFO_RAM" ref="0x2ac2c3f4ba70" scoped=""/></type-interface>
      <instance>
        <interfacedef-ref nicename="CC2420Ram" qname="CC2420Ram"/>
      </instance>
      <interface-functions>
        <function-ref name="read" ref="0x2ac2c3f4bdc0" scoped=""/>
        <function-ref name="write" ref="0x2ac2c3f4a020" scoped=""/>
      </interface-functions>
    </interface><interface loc="47:/home/kasper/tinyos-main//tos/chips/cc2420/receive/CC2420ReceiveP.nc" name="Init" provided="1" ref="0x2ac2c3eff020">
      <component-ref nicename="CC2420ReceiveP" qname="CC2420ReceiveP"/>
      <type-interface alignment="I:2" size="I:2"><interface-ref name="Init" ref="0x2ac2c3eff020" scoped=""/></type-interface>
      <instance>
        <interfacedef-ref nicename="Init" qname="Init"/>
      </instance>
      <interface-functions>
        <function-ref name="init" ref="0x2ac2c3eff370" scoped=""/>
      </interface-functions>
    </interface><interface loc="63:/home/kasper/tinyos-main//tos/chips/cc2420/receive/CC2420ReceiveP.nc" name="CC2420PacketBody" provided="0" ref="0x2ac2c3f55350">
      <component-ref nicename="CC2420ReceiveP" qname="CC2420ReceiveP"/>
      <type-interface alignment="I:2" size="I:2"><interface-ref name="CC2420PacketBody" ref="0x2ac2c3f55350" scoped=""/></type-interface>
      <instance>
        <interfacedef-ref nicename="CC2420PacketBody" qname="CC2420PacketBody"/>
      </instance>
      <interface-functions>
        <function-ref name="getPayload" ref="0x2ac2c3f556a0" scoped=""/>
        <function-ref name="getHeader" ref="0x2ac2c3f55828" scoped=""/>
        <function-ref name="getMetadata" ref="0x2ac2c3f559b0" scoped=""/>
      </interface-functions>
    </interface><interface loc="50:/home/kasper/tinyos-main//tos/chips/cc2420/receive/CC2420ReceiveP.nc" name="Receive" provided="1" ref="0x2ac2c3f5e7a0">
      <component-ref nicename="CC2420ReceiveP" qname="CC2420ReceiveP"/>
      <type-interface alignment="I:2" size="I:2"><interface-ref name="Receive" ref="0x2ac2c3f5e7a0" scoped=""/></type-interface>
      <instance>
        <interfacedef-ref nicename="Receive" qname="Receive"/>
      </instance>
      <interface-functions>
        <function-ref name="receive" ref="0x2ac2c3f5eaf0" scoped=""/>
      </interface-functions>
    </interface><interface loc="58:/home/kasper/tinyos-main//tos/chips/cc2420/receive/CC2420ReceiveP.nc" name="SpiResource" provided="0" ref="0x2ac2c3f59900">
      <component-ref nicename="CC2420ReceiveP" qname="CC2420ReceiveP"/>
      <type-interface alignment="I:2" size="I:2"><interface-ref name="SpiResource" ref="0x2ac2c3f59900" scoped=""/></type-interface>
      <instance>
        <interfacedef-ref nicename="Resource" qname="Resource"/>
      </instance>
      <interface-functions>
        <function-ref name="release" ref="0x2ac2c3f59c50" scoped=""/>
        <function-ref name="immediateRequest" ref="0x2ac2c3f59dd8" scoped=""/>
        <function-ref name="request" ref="0x2ac2c3f58020" scoped=""/>
        <function-ref name="granted" ref="0x2ac2c3f581a8" scoped=""/>
        <function-ref name="isOwner" ref="0x2ac2c3f58330" scoped=""/>
      </interface-functions>
    </interface><interface loc="71:/home/kasper/tinyos-main//tos/chips/cc2420/receive/CC2420ReceiveP.nc" name="KEY1" provided="0" ref="0x2ac2c3f4c960">
      <component-ref nicename="CC2420ReceiveP" qname="CC2420ReceiveP"/>
      <type-interface alignment="I:2" size="I:2"><interface-ref name="KEY1" ref="0x2ac2c3f4c960" scoped=""/></type-interface>
      <instance>
        <interfacedef-ref nicename="CC2420Ram" qname="CC2420Ram"/>
      </instance>
      <interface-functions>
        <function-ref name="read" ref="0x2ac2c3f4ccb0" scoped=""/>
        <function-ref name="write" ref="0x2ac2c3f4ce38" scoped=""/>
      </interface-functions>
    </interface><interface loc="59:/home/kasper/tinyos-main//tos/chips/cc2420/receive/CC2420ReceiveP.nc" name="RXFIFO" provided="0" ref="0x2ac2c3f586a0">
      <component-ref nicename="CC2420ReceiveP" qname="CC2420ReceiveP"/>
      <type-interface alignment="I:2" size="I:2"><interface-ref name="RXFIFO" ref="0x2ac2c3f586a0" scoped=""/></type-interface>
      <instance>
        <interfacedef-ref nicename="CC2420Fifo" qname="CC2420Fifo"/>
      </instance>
      <interface-functions>
        <function-ref name="continueRead" ref="0x2ac2c3f589f0" scoped=""/>
        <function-ref name="writeDone" ref="0x2ac2c3f58b78" scoped=""/>
        <function-ref name="write" ref="0x2ac2c3f58d00" scoped=""/>
        <function-ref name="beginRead" ref="0x2ac2c3f57020" scoped=""/>
        <function-ref name="readDone" ref="0x2ac2c3f571a8" scoped=""/>
      </interface-functions>
    </interface><interface loc="74:/home/kasper/tinyos-main//tos/chips/cc2420/receive/CC2420ReceiveP.nc" name="SNOP" provided="0" ref="0x2ac2c3f4a398">
      <component-ref nicename="CC2420ReceiveP" qname="CC2420ReceiveP"/>
      <type-interface alignment="I:2" size="I:2"><interface-ref name="SNOP" ref="0x2ac2c3f4a398" scoped=""/></type-interface>
      <instance>
        <interfacedef-ref nicename="CC2420Strobe" qname="CC2420Strobe"/>
      </instance>
      <interface-functions>
        <function-ref name="strobe" ref="0x2ac2c3f4a8e8" scoped=""/>
      </interface-functions>
    </interface><interface loc="51:/home/kasper/tinyos-main//tos/chips/cc2420/receive/CC2420ReceiveP.nc" name="PacketIndicator" provided="1" ref="0x2ac2c3f5d020">
      <component-ref nicename="CC2420ReceiveP" qname="CC2420ReceiveP"/>
      <type-interface alignment="I:2" size="I:2"><interface-ref name="PacketIndicator" ref="0x2ac2c3f5d020" scoped=""/></type-interface>
      <instance>
        <interfacedef-ref nicename="ReceiveIndicator" qname="ReceiveIndicator"/>
      </instance>
      <interface-functions>
        <function-ref name="isReceiving" ref="0x2ac2c3f5d370" scoped=""/>
      </interface-functions>
    </interface><interface loc="76:/home/kasper/tinyos-main//tos/chips/cc2420/receive/CC2420ReceiveP.nc" name="Leds" provided="0" ref="0x2ac2c3f4aba0">
      <component-ref nicename="CC2420ReceiveP" qname="CC2420ReceiveP"/>
      <type-interface alignment="I:2" size="I:2"><interface-ref name="Leds" ref="0x2ac2c3f4aba0" scoped=""/></type-interface>
      <instance>
        <interfacedef-ref nicename="Leds" qname="Leds"/>
      </instance>
      <interface-functions>
        <function-ref name="led0Off" ref="0x2ac2c3f49020" scoped=""/>
        <function-ref name="led0Toggle" ref="0x2ac2c3f491a8" scoped=""/>
        <function-ref name="led1On" ref="0x2ac2c3f49330" scoped=""/>
        <function-ref name="led1Toggle" ref="0x2ac2c3f494b8" scoped=""/>
        <function-ref name="led2Toggle" ref="0x2ac2c3f49640" scoped=""/>
        <function-ref name="get" ref="0x2ac2c3f497c8" scoped=""/>
        <function-ref name="led1Off" ref="0x2ac2c3f49950" scoped=""/>
        <function-ref name="led2Off" ref="0x2ac2c3f48020" scoped=""/>
        <function-ref name="set" ref="0x2ac2c3f49ad8" scoped=""/>
        <function-ref name="led0On" ref="0x2ac2c3f49c60" scoped=""/>
        <function-ref name="led2On" ref="0x2ac2c3f49de8" scoped=""/>
      </interface-functions>
    </interface><interface loc="68:/home/kasper/tinyos-main//tos/chips/cc2420/receive/CC2420ReceiveP.nc" name="SECCTRL0" provided="0" ref="0x2ac2c3f4e020">
      <component-ref nicename="CC2420ReceiveP" qname="CC2420ReceiveP"/>
      <type-interface alignment="I:2" size="I:2"><interface-ref name="SECCTRL0" ref="0x2ac2c3f4e020" scoped=""/></type-interface>
      <instance>
        <interfacedef-ref nicename="CC2420Register" qname="CC2420Register"/>
      </instance>
      <interface-functions>
        <function-ref name="read" ref="0x2ac2c3f4e370" scoped=""/>
        <function-ref name="write" ref="0x2ac2c3f4e4f8" scoped=""/>
      </interface-functions>
    </interface><interface loc="67:/home/kasper/tinyos-main//tos/chips/cc2420/receive/CC2420ReceiveP.nc" name="SRXDEC" provided="0" ref="0x2ac2c3f4f8e0">
      <component-ref nicename="CC2420ReceiveP" qname="CC2420ReceiveP"/>
      <type-interface alignment="I:2" size="I:2"><interface-ref name="SRXDEC" ref="0x2ac2c3f4f8e0" scoped=""/></type-interface>
      <instance>
        <interfacedef-ref nicename="CC2420Strobe" qname="CC2420Strobe"/>
      </instance>
      <interface-functions>
        <function-ref name="strobe" ref="0x2ac2c3f4fc30" scoped=""/>
      </interface-functions>
    </interface><interface loc="56:/home/kasper/tinyos-main//tos/chips/cc2420/receive/CC2420ReceiveP.nc" name="InterruptFIFOP" provided="0" ref="0x2ac2c3f5ad40">
      <component-ref nicename="CC2420ReceiveP" qname="CC2420ReceiveP"/>
      <type-interface alignment="I:2" size="I:2"><interface-ref name="InterruptFIFOP" ref="0x2ac2c3f5ad40" scoped=""/></type-interface>
      <instance>
        <interfacedef-ref nicename="GpioInterrupt" qname="GpioInterrupt"/>
      </instance>
      <interface-functions>
        <function-ref name="fired" ref="0x2ac2c3f590d8" scoped=""/>
        <function-ref name="disable" ref="0x2ac2c3f59260" scoped=""/>
        <function-ref name="enableFallingEdge" ref="0x2ac2c3f593e8" scoped=""/>
        <function-ref name="enableRisingEdge" ref="0x2ac2c3f59570" scoped=""/>
      </interface-functions>
    </interface><interface loc="61:/home/kasper/tinyos-main//tos/chips/cc2420/receive/CC2420ReceiveP.nc" name="SFLUSHRX" provided="0" ref="0x2ac2c3f57c10">
      <component-ref nicename="CC2420ReceiveP" qname="CC2420ReceiveP"/>
      <type-interface alignment="I:2" size="I:2"><interface-ref name="SFLUSHRX" ref="0x2ac2c3f57c10" scoped=""/></type-interface>
      <instance>
        <interfacedef-ref nicename="CC2420Strobe" qname="CC2420Strobe"/>
      </instance>
      <interface-functions>
        <function-ref name="strobe" ref="0x2ac2c3f560a0" scoped=""/>
      </interface-functions>
    </interface><interface loc="48:/home/kasper/tinyos-main//tos/chips/cc2420/receive/CC2420ReceiveP.nc" name="StdControl" provided="1" ref="0x2ac2c3eff660">
      <component-ref nicename="CC2420ReceiveP" qname="CC2420ReceiveP"/>
      <type-interface alignment="I:2" size="I:2"><interface-ref name="StdControl" ref="0x2ac2c3eff660" scoped=""/></type-interface>
      <instance>
        <interfacedef-ref nicename="StdControl" qname="StdControl"/>
      </instance>
      <interface-functions>
        <function-ref name="start" ref="0x2ac2c3eff9b0" scoped=""/>
        <function-ref name="stop" ref="0x2ac2c3effb38" scoped=""/>
      </interface-functions>
    </interface></specification><referenced/></component>