<?xml version="1.0" ?><component loc="37:/home/kasper/tinyos-main//tos/chips/cc2420/csma/CC2420CsmaP.nc" nicename="CC2420CsmaP" qname="CC2420CsmaP" safe="">
      <documentation loc="32:/home/kasper/tinyos-main//tos/chips/cc2420/csma/CC2420CsmaP.nc">
        <short>
 </short>
        <long>
 @author Jonathan Hui &lt;jhui@archrock.com&gt;
 @version $Revision: 1.12 $ $Date: 2009/09/17 23:36:36 $
</long>
      </documentation>
      <module/>
    <specification><interface loc="39:/home/kasper/tinyos-main//tos/chips/cc2420/csma/CC2420CsmaP.nc" name="SplitControl" provided="1" ref="0x2ac2c376c140">
      <component-ref nicename="CC2420CsmaP" qname="CC2420CsmaP"/>
      <type-interface alignment="I:2" size="I:2"><interface-ref name="SplitControl" ref="0x2ac2c376c140" scoped=""/></type-interface>
      <instance>
        <interfacedef-ref nicename="SplitControl" qname="SplitControl"/>
      </instance>
      <interface-functions>
        <function-ref name="startDone" ref="0x2ac2c376c490" scoped=""/>
        <function-ref name="stopDone" ref="0x2ac2c376c618" scoped=""/>
        <function-ref name="start" ref="0x2ac2c376c7a0" scoped=""/>
        <function-ref name="stop" ref="0x2ac2c376c928" scoped=""/>
      </interface-functions>
    </interface><interface loc="41:/home/kasper/tinyos-main//tos/chips/cc2420/csma/CC2420CsmaP.nc" name="RadioBackoff" provided="1" ref="0x2ac2c376b948">
      <component-ref nicename="CC2420CsmaP" qname="CC2420CsmaP"/>
      <type-interface alignment="I:2" size="I:2"><interface-ref name="RadioBackoff" ref="0x2ac2c376b948" scoped=""/></type-interface>
      <instance>
        <interfacedef-ref nicename="RadioBackoff" qname="RadioBackoff"/>
      </instance>
      <interface-functions>
        <function-ref name="requestCca" ref="0x2ac2c376bc98" scoped=""/>
        <function-ref name="requestInitialBackoff" ref="0x2ac2c376be20" scoped=""/>
        <function-ref name="setCongestionBackoff" ref="0x2ac2c376a020" scoped=""/>
        <function-ref name="setInitialBackoff" ref="0x2ac2c376a1a8" scoped=""/>
        <function-ref name="setCca" ref="0x2ac2c376a330" scoped=""/>
        <function-ref name="requestCongestionBackoff" ref="0x2ac2c376a4b8" scoped=""/>
      </interface-functions>
    </interface><interface loc="47:/home/kasper/tinyos-main//tos/chips/cc2420/csma/CC2420CsmaP.nc" name="SubBackoff" provided="0" ref="0x2ac2c3760558">
      <component-ref nicename="CC2420CsmaP" qname="CC2420CsmaP"/>
      <type-interface alignment="I:2" size="I:2"><interface-ref name="SubBackoff" ref="0x2ac2c3760558" scoped=""/></type-interface>
      <instance>
        <interfacedef-ref nicename="RadioBackoff" qname="RadioBackoff"/>
      </instance>
      <interface-functions>
        <function-ref name="requestCca" ref="0x2ac2c37608a8" scoped=""/>
        <function-ref name="requestInitialBackoff" ref="0x2ac2c3760a30" scoped=""/>
        <function-ref name="setCongestionBackoff" ref="0x2ac2c3760bb8" scoped=""/>
        <function-ref name="setInitialBackoff" ref="0x2ac2c3760d40" scoped=""/>
        <function-ref name="setCca" ref="0x2ac2c375e020" scoped=""/>
        <function-ref name="requestCongestionBackoff" ref="0x2ac2c375e1a8" scoped=""/>
      </interface-functions>
    </interface><interface loc="50:/home/kasper/tinyos-main//tos/chips/cc2420/csma/CC2420CsmaP.nc" name="CC2420Packet" provided="0" ref="0x2ac2c37557c0">
      <component-ref nicename="CC2420CsmaP" qname="CC2420CsmaP"/>
      <type-interface alignment="I:2" size="I:2"><interface-ref name="CC2420Packet" ref="0x2ac2c37557c0" scoped=""/></type-interface>
      <instance>
        <interfacedef-ref nicename="CC2420Packet" qname="CC2420Packet"/>
      </instance>
      <interface-functions>
        <function-ref name="setPower" ref="0x2ac2c3755b10" scoped=""/>
        <function-ref name="setNetwork" ref="0x2ac2c3755c98" scoped=""/>
        <function-ref name="getRssi" ref="0x2ac2c3755e20" scoped=""/>
        <function-ref name="getNetwork" ref="0x2ac2c3795020" scoped=""/>
        <function-ref name="getPower" ref="0x2ac2c37951a8" scoped=""/>
        <function-ref name="getLqi" ref="0x2ac2c3795330" scoped=""/>
      </interface-functions>
    </interface><interface loc="46:/home/kasper/tinyos-main//tos/chips/cc2420/csma/CC2420CsmaP.nc" name="CC2420Transmit" provided="0" ref="0x2ac2c37586a0">
      <component-ref nicename="CC2420CsmaP" qname="CC2420CsmaP"/>
      <type-interface alignment="I:2" size="I:2"><interface-ref name="CC2420Transmit" ref="0x2ac2c37586a0" scoped=""/></type-interface>
      <instance>
        <interfacedef-ref nicename="CC2420Transmit" qname="CC2420Transmit"/>
      </instance>
      <interface-functions>
        <function-ref name="send" ref="0x2ac2c37589f0" scoped=""/>
        <function-ref name="cancel" ref="0x2ac2c3758b78" scoped=""/>
        <function-ref name="modify" ref="0x2ac2c3758d00" scoped=""/>
        <function-ref name="sendDone" ref="0x2ac2c3760020" scoped=""/>
        <function-ref name="resend" ref="0x2ac2c37601a8" scoped=""/>
      </interface-functions>
    </interface><interface loc="40:/home/kasper/tinyos-main//tos/chips/cc2420/csma/CC2420CsmaP.nc" name="Send" provided="1" ref="0x2ac2c376cbe0">
      <component-ref nicename="CC2420CsmaP" qname="CC2420CsmaP"/>
      <type-interface alignment="I:2" size="I:2"><interface-ref name="Send" ref="0x2ac2c376cbe0" scoped=""/></type-interface>
      <instance>
        <interfacedef-ref nicename="Send" qname="Send"/>
      </instance>
      <interface-functions>
        <function-ref name="send" ref="0x2ac2c376b020" scoped=""/>
        <function-ref name="getPayload" ref="0x2ac2c376b1a8" scoped=""/>
        <function-ref name="maxPayloadLength" ref="0x2ac2c376b330" scoped=""/>
        <function-ref name="cancel" ref="0x2ac2c376b4b8" scoped=""/>
        <function-ref name="sendDone" ref="0x2ac2c376b640" scoped=""/>
      </interface-functions>
    </interface><interface loc="48:/home/kasper/tinyos-main//tos/chips/cc2420/csma/CC2420CsmaP.nc" name="Random" provided="0" ref="0x2ac2c37548d0">
      <component-ref nicename="CC2420CsmaP" qname="CC2420CsmaP"/>
      <type-interface alignment="I:2" size="I:2"><interface-ref name="Random" ref="0x2ac2c37548d0" scoped=""/></type-interface>
      <instance>
        <interfacedef-ref nicename="Random" qname="Random"/>
      </instance>
      <interface-functions>
        <function-ref name="rand16" ref="0x2ac2c3754c20" scoped=""/>
        <function-ref name="rand32" ref="0x2ac2c3754da8" scoped=""/>
      </interface-functions>
    </interface><interface loc="45:/home/kasper/tinyos-main//tos/chips/cc2420/csma/CC2420CsmaP.nc" name="SubControl" provided="0" ref="0x2ac2c375fdf8">
      <component-ref nicename="CC2420CsmaP" qname="CC2420CsmaP"/>
      <type-interface alignment="I:2" size="I:2"><interface-ref name="SubControl" ref="0x2ac2c375fdf8" scoped=""/></type-interface>
      <instance>
        <interfacedef-ref nicename="StdControl" qname="StdControl"/>
      </instance>
      <interface-functions>
        <function-ref name="start" ref="0x2ac2c3761170" scoped=""/>
        <function-ref name="stop" ref="0x2ac2c37612f8" scoped=""/>
      </interface-functions>
    </interface><interface loc="51:/home/kasper/tinyos-main//tos/chips/cc2420/csma/CC2420CsmaP.nc" name="CC2420PacketBody" provided="0" ref="0x2ac2c378fa30">
      <component-ref nicename="CC2420CsmaP" qname="CC2420CsmaP"/>
      <type-interface alignment="I:2" size="I:2"><interface-ref name="CC2420PacketBody" ref="0x2ac2c378fa30" scoped=""/></type-interface>
      <instance>
        <interfacedef-ref nicename="CC2420PacketBody" qname="CC2420PacketBody"/>
      </instance>
      <interface-functions>
        <function-ref name="getPayload" ref="0x2ac2c378fd80" scoped=""/>
        <function-ref name="getHeader" ref="0x2ac2c3794020" scoped=""/>
        <function-ref name="getMetadata" ref="0x2ac2c37941a8" scoped=""/>
      </interface-functions>
    </interface><interface loc="44:/home/kasper/tinyos-main//tos/chips/cc2420/csma/CC2420CsmaP.nc" name="CC2420Power" provided="0" ref="0x2ac2c3762a78">
      <component-ref nicename="CC2420CsmaP" qname="CC2420CsmaP"/>
      <type-interface alignment="I:2" size="I:2"><interface-ref name="CC2420Power" ref="0x2ac2c3762a78" scoped=""/></type-interface>
      <instance>
        <interfacedef-ref nicename="CC2420Power" qname="CC2420Power"/>
      </instance>
      <interface-functions>
        <function-ref name="startOscillator" ref="0x2ac2c3762dc8" scoped=""/>
        <function-ref name="rfOff" ref="0x2ac2c3768020" scoped=""/>
        <function-ref name="rxOn" ref="0x2ac2c37681a8" scoped=""/>
        <function-ref name="startVReg" ref="0x2ac2c3768330" scoped=""/>
        <function-ref name="stopVReg" ref="0x2ac2c37684b8" scoped=""/>
        <function-ref name="startOscillatorDone" ref="0x2ac2c3768640" scoped=""/>
        <function-ref name="stopOscillator" ref="0x2ac2c37687c8" scoped=""/>
        <function-ref name="startVRegDone" ref="0x2ac2c3768950" scoped=""/>
      </interface-functions>
    </interface><interface loc="49:/home/kasper/tinyos-main//tos/chips/cc2420/csma/CC2420CsmaP.nc" name="Leds" provided="0" ref="0x2ac2c37560c0">
      <component-ref nicename="CC2420CsmaP" qname="CC2420CsmaP"/>
      <type-interface alignment="I:2" size="I:2"><interface-ref name="Leds" ref="0x2ac2c37560c0" scoped=""/></type-interface>
      <instance>
        <interfacedef-ref nicename="Leds" qname="Leds"/>
      </instance>
      <interface-functions>
        <function-ref name="led0Off" ref="0x2ac2c3756410" scoped=""/>
        <function-ref name="led0Toggle" ref="0x2ac2c3756598" scoped=""/>
        <function-ref name="led1On" ref="0x2ac2c3756720" scoped=""/>
        <function-ref name="led1Toggle" ref="0x2ac2c37568a8" scoped=""/>
        <function-ref name="led2Toggle" ref="0x2ac2c3756a30" scoped=""/>
        <function-ref name="get" ref="0x2ac2c3756bb8" scoped=""/>
        <function-ref name="led1Off" ref="0x2ac2c3756d40" scoped=""/>
        <function-ref name="led2Off" ref="0x2ac2c37554b8" scoped=""/>
        <function-ref name="set" ref="0x2ac2c3755020" scoped=""/>
        <function-ref name="led0On" ref="0x2ac2c37551a8" scoped=""/>
        <function-ref name="led2On" ref="0x2ac2c3755330" scoped=""/>
      </interface-functions>
    </interface><interface loc="43:/home/kasper/tinyos-main//tos/chips/cc2420/csma/CC2420CsmaP.nc" name="Resource" provided="0" ref="0x2ac2c376a798">
      <component-ref nicename="CC2420CsmaP" qname="CC2420CsmaP"/>
      <type-interface alignment="I:2" size="I:2"><interface-ref name="Resource" ref="0x2ac2c376a798" scoped=""/></type-interface>
      <instance>
        <interfacedef-ref nicename="Resource" qname="Resource"/>
      </instance>
      <interface-functions>
        <function-ref name="release" ref="0x2ac2c376aae8" scoped=""/>
        <function-ref name="immediateRequest" ref="0x2ac2c376ac70" scoped=""/>
        <function-ref name="request" ref="0x2ac2c376adf8" scoped=""/>
        <function-ref name="granted" ref="0x2ac2c3769020" scoped=""/>
        <function-ref name="isOwner" ref="0x2ac2c37691a8" scoped=""/>
      </interface-functions>
    </interface><interface loc="52:/home/kasper/tinyos-main//tos/chips/cc2420/csma/CC2420CsmaP.nc" name="SplitControlState" provided="0" ref="0x2ac2c378ae58">
      <component-ref nicename="CC2420CsmaP" qname="CC2420CsmaP"/>
      <type-interface alignment="I:2" size="I:2"><interface-ref name="SplitControlState" ref="0x2ac2c378ae58" scoped=""/></type-interface>
      <instance>
        <interfacedef-ref nicename="State" qname="State"/>
      </instance>
      <interface-functions>
        <function-ref name="getState" ref="0x2ac2c37932e8" scoped=""/>
        <function-ref name="toIdle" ref="0x2ac2c3793470" scoped=""/>
        <function-ref name="isState" ref="0x2ac2c37935f8" scoped=""/>
        <function-ref name="isIdle" ref="0x2ac2c3793780" scoped=""/>
        <function-ref name="requestState" ref="0x2ac2c3793908" scoped=""/>
        <function-ref name="forceState" ref="0x2ac2c3793a90" scoped=""/>
      </interface-functions>
    </interface><interface loc="76:/home/kasper/tinyos-main//tos/chips/cc2420/csma/CC2420CsmaP.nc" name="sendDone_task" provided="0" ref="0x2ac2c3785450">
      <component-ref nicename="CC2420CsmaP" qname="CC2420CsmaP"/>
      <type-interface alignment="I:2" size="I:2"><interface-ref name="sendDone_task" ref="0x2ac2c3785450" scoped=""/></type-interface>
      <instance>
        <interfacedef-ref nicename="TaskBasic" qname="TaskBasic"/>
      </instance>
      <interface-functions>
        <function-ref name="postTask" ref="0x2ac2c37857a0" scoped=""/>
        <function-ref name="runTask" ref="0x2ac2c3785928" scoped=""/>
      </interface-functions>
    </interface><interface loc="75:/home/kasper/tinyos-main//tos/chips/cc2420/csma/CC2420CsmaP.nc" name="stopDone_task" provided="0" ref="0x2ac2c37865a0">
      <component-ref nicename="CC2420CsmaP" qname="CC2420CsmaP"/>
      <type-interface alignment="I:2" size="I:2"><interface-ref name="stopDone_task" ref="0x2ac2c37865a0" scoped=""/></type-interface>
      <instance>
        <interfacedef-ref nicename="TaskBasic" qname="TaskBasic"/>
      </instance>
      <interface-functions>
        <function-ref name="postTask" ref="0x2ac2c37868f0" scoped=""/>
        <function-ref name="runTask" ref="0x2ac2c3786a78" scoped=""/>
      </interface-functions>
    </interface><interface loc="74:/home/kasper/tinyos-main//tos/chips/cc2420/csma/CC2420CsmaP.nc" name="startDone_task" provided="0" ref="0x2ac2c37886e8">
      <component-ref nicename="CC2420CsmaP" qname="CC2420CsmaP"/>
      <type-interface alignment="I:2" size="I:2"><interface-ref name="startDone_task" ref="0x2ac2c37886e8" scoped=""/></type-interface>
      <instance>
        <interfacedef-ref nicename="TaskBasic" qname="TaskBasic"/>
      </instance>
      <interface-functions>
        <function-ref name="postTask" ref="0x2ac2c3788a38" scoped=""/>
        <function-ref name="runTask" ref="0x2ac2c3788bc0" scoped=""/>
      </interface-functions>
    </interface></specification><referenced/></component>