<?xml version="1.0" ?><component loc="38:/home/kasper/tinyos-main//tos/chips/cc2420/packet/CC2420PacketC.nc" nicename="CC2420PacketC" qname="CC2420PacketC">
      <documentation loc="32:/home/kasper/tinyos-main//tos/chips/cc2420/packet/CC2420PacketC.nc">
        <short>
 </short>
        <long>
 @author Jonathan Hui &lt;jhui@archrock.com&gt;
 @author David Moss
 @author Chad Metcalf
</long>
      </documentation>
      <configuration/>
      <wiring>
        <wire loc="58:/home/kasper/tinyos-main//tos/chips/cc2420/packet/CC2420PacketC.nc">
          <from><interface-ref name="LinkPacketMetadata" ref="0x2ac2c3fa46b0" scoped=""/></from>
          <to><interface-ref name="LinkPacketMetadata" ref="0x2ac2c3f96630" scoped=""/></to>
        </wire>
        <wire loc="55:/home/kasper/tinyos-main//tos/chips/cc2420/packet/CC2420PacketC.nc">
          <from><interface-ref name="CC2420Packet" ref="0x2ac2c3fa84b0" scoped=""/></from>
          <to><interface-ref name="CC2420Packet" ref="0x2ac2c3f982e8" scoped=""/></to>
        </wire>
        <wire loc="59:/home/kasper/tinyos-main//tos/chips/cc2420/packet/CC2420PacketC.nc">
          <from><interface-ref name="PacketTimeStamp32khz" ref="0x2ac2c3fa3130" scoped=""/></from>
          <to><interface-ref name="PacketTimeStamp32khz" ref="0x2ac2c3f94060" scoped=""/></to>
        </wire>
        <wire loc="57:/home/kasper/tinyos-main//tos/chips/cc2420/packet/CC2420PacketC.nc">
          <from><interface-ref name="CC2420PacketBody" ref="0x2ac2c3fa5d08" scoped=""/></from>
          <to><interface-ref name="CC2420PacketBody" ref="0x2ac2c3f97b60" scoped=""/></to>
        </wire>
        <wire loc="61:/home/kasper/tinyos-main//tos/chips/cc2420/packet/CC2420PacketC.nc">
          <from><interface-ref name="PacketTimeSyncOffset" ref="0x2ac2c3f9cac8" scoped=""/></from>
          <to><interface-ref name="PacketTimeSyncOffset" ref="0x2ac2c3ff0ac8" scoped=""/></to>
        </wire>
        <wire loc="60:/home/kasper/tinyos-main//tos/chips/cc2420/packet/CC2420PacketC.nc">
          <from><interface-ref name="PacketTimeStampMilli" ref="0x2ac2c3f9f020" scoped=""/></from>
          <to><interface-ref name="PacketTimeStampMilli" ref="0x2ac2c3f90020" scoped=""/></to>
        </wire>
        <wire loc="56:/home/kasper/tinyos-main//tos/chips/cc2420/packet/CC2420PacketC.nc">
          <from><interface-ref name="Acks" ref="0x2ac2c3fa53b8" scoped=""/></from>
          <to><interface-ref name="Acks" ref="0x2ac2c3f97210" scoped=""/></to>
        </wire>
        <wire loc="64:/home/kasper/tinyos-main//tos/chips/cc2420/packet/CC2420PacketC.nc">
          <from><interface-ref name="Counter" ref="0x2ac2c4000720" scoped=""/></from>
          <to><interface-ref name="Counter" ref="0x2ac2c3888730" scoped=""/></to>
        </wire>
        <wire loc="65:/home/kasper/tinyos-main//tos/chips/cc2420/packet/CC2420PacketC.nc">
          <from><interface-ref name="LocalTime32khz" ref="0x2ac2c3fed520" scoped=""/></from>
          <to><interface-ref name="LocalTime" ref="0x2ac2c4002528" scoped=""/></to>
        </wire>
        <wire loc="69:/home/kasper/tinyos-main//tos/chips/cc2420/packet/CC2420PacketC.nc">
          <from><interface-ref name="LocalTimeMilli" ref="0x2ac2c3fec788" scoped=""/></from>
          <to><interface-ref name="LocalTime" ref="0x2ac2c33ee980" scoped=""/></to>
        </wire>
      </wiring>
    <specification><interface loc="44:/home/kasper/tinyos-main//tos/chips/cc2420/packet/CC2420PacketC.nc" name="LinkPacketMetadata" provided="1" ref="0x2ac2c3fa46b0">
      <component-ref nicename="CC2420PacketC" qname="CC2420PacketC"/>
      <type-interface alignment="I:2" size="I:2"><interface-ref name="LinkPacketMetadata" ref="0x2ac2c3fa46b0" scoped=""/></type-interface>
      <instance>
        <interfacedef-ref nicename="LinkPacketMetadata" qname="LinkPacketMetadata"/>
      </instance>
      <interface-functions>
        <function-ref name="highChannelQuality" ref="0x2ac2c3fa4a00" scoped=""/>
      </interface-functions>
    </interface><interface loc="41:/home/kasper/tinyos-main//tos/chips/cc2420/packet/CC2420PacketC.nc" name="CC2420Packet" provided="1" ref="0x2ac2c3fa84b0">
      <component-ref nicename="CC2420PacketC" qname="CC2420PacketC"/>
      <type-interface alignment="I:2" size="I:2"><interface-ref name="CC2420Packet" ref="0x2ac2c3fa84b0" scoped=""/></type-interface>
      <instance>
        <interfacedef-ref nicename="CC2420Packet" qname="CC2420Packet"/>
      </instance>
      <interface-functions>
        <function-ref name="setPower" ref="0x2ac2c3fa8800" scoped=""/>
        <function-ref name="setNetwork" ref="0x2ac2c3fa8988" scoped=""/>
        <function-ref name="getRssi" ref="0x2ac2c3fa8b10" scoped=""/>
        <function-ref name="getNetwork" ref="0x2ac2c3fa8c98" scoped=""/>
        <function-ref name="getPower" ref="0x2ac2c3fa8e20" scoped=""/>
        <function-ref name="getLqi" ref="0x2ac2c3fa5020" scoped=""/>
      </interface-functions>
    </interface><interface loc="46:/home/kasper/tinyos-main//tos/chips/cc2420/packet/CC2420PacketC.nc" name="PacketTimeStamp32khz" provided="1" ref="0x2ac2c3fa3130">
      <component-ref nicename="CC2420PacketC" qname="CC2420PacketC"/>
      <type-interface alignment="I:2" size="I:2"><interface-ref name="PacketTimeStamp32khz" ref="0x2ac2c3fa3130" scoped=""/></type-interface>
      <instance>
        <interfacedef-ref nicename="PacketTimeStamp" qname="PacketTimeStamp"/>
        <arguments>
          <type-tag alignment="I:2" size="I:2"><struct-ref ref="0x2ac2c33df788"/>
            <typename><typedef-ref name="T32khz" ref="0x2ac2c33dfae0"/></typename>
          </type-tag>
          <type-int alignment="I:2" cname="unsigned long" size="I:4" unsigned="">
            <typename><typedef-ref name="uint32_t" ref="0x2ac2c209b020"/></typename>
          </type-int>
        </arguments>
      </instance>
      <interface-functions>
        <function-ref name="timestamp" ref="0x2ac2c3fa2588" scoped=""/>
        <function-ref name="clear" ref="0x2ac2c3fa2c68" scoped=""/>
        <function-ref name="isValid" ref="0x2ac2c3fa3e80" scoped=""/>
        <function-ref name="set" ref="0x2ac2c3fa0380" scoped=""/>
      </interface-functions>
    </interface><interface loc="43:/home/kasper/tinyos-main//tos/chips/cc2420/packet/CC2420PacketC.nc" name="CC2420PacketBody" provided="1" ref="0x2ac2c3fa5d08">
      <component-ref nicename="CC2420PacketC" qname="CC2420PacketC"/>
      <type-interface alignment="I:2" size="I:2"><interface-ref name="CC2420PacketBody" ref="0x2ac2c3fa5d08" scoped=""/></type-interface>
      <instance>
        <interfacedef-ref nicename="CC2420PacketBody" qname="CC2420PacketBody"/>
      </instance>
      <interface-functions>
        <function-ref name="getPayload" ref="0x2ac2c3fa40a0" scoped=""/>
        <function-ref name="getHeader" ref="0x2ac2c3fa4228" scoped=""/>
        <function-ref name="getMetadata" ref="0x2ac2c3fa43b0" scoped=""/>
      </interface-functions>
    </interface><interface loc="48:/home/kasper/tinyos-main//tos/chips/cc2420/packet/CC2420PacketC.nc" name="PacketTimeSyncOffset" provided="1" ref="0x2ac2c3f9cac8">
      <component-ref nicename="CC2420PacketC" qname="CC2420PacketC"/>
      <type-interface alignment="I:2" size="I:2"><interface-ref name="PacketTimeSyncOffset" ref="0x2ac2c3f9cac8" scoped=""/></type-interface>
      <instance>
        <interfacedef-ref nicename="PacketTimeSyncOffset" qname="PacketTimeSyncOffset"/>
      </instance>
      <interface-functions>
        <function-ref name="get" ref="0x2ac2c3f9ce18" scoped=""/>
        <function-ref name="isSet" ref="0x2ac2c3f9b020" scoped=""/>
        <function-ref name="cancel" ref="0x2ac2c3f9b1a8" scoped=""/>
        <function-ref name="set" ref="0x2ac2c3f9b330" scoped=""/>
      </interface-functions>
    </interface><interface loc="47:/home/kasper/tinyos-main//tos/chips/cc2420/packet/CC2420PacketC.nc" name="PacketTimeStampMilli" provided="1" ref="0x2ac2c3f9f020">
      <component-ref nicename="CC2420PacketC" qname="CC2420PacketC"/>
      <type-interface alignment="I:2" size="I:2"><interface-ref name="PacketTimeStampMilli" ref="0x2ac2c3f9f020" scoped=""/></type-interface>
      <instance>
        <interfacedef-ref nicename="PacketTimeStamp" qname="PacketTimeStamp"/>
        <arguments>
          <type-tag alignment="I:2" size="I:2"><struct-ref ref="0x2ac2c33df020"/>
            <typename><typedef-ref name="TMilli" ref="0x2ac2c33df378"/></typename>
          </type-tag>
          <type-int alignment="I:2" cname="unsigned long" size="I:4" unsigned="">
            <typename><typedef-ref name="uint32_t" ref="0x2ac2c209b020"/></typename>
          </type-int>
        </arguments>
      </instance>
      <interface-functions>
        <function-ref name="timestamp" ref="0x2ac2c3f9d478" scoped=""/>
        <function-ref name="clear" ref="0x2ac2c3f9db58" scoped=""/>
        <function-ref name="isValid" ref="0x2ac2c3f9fd70" scoped=""/>
        <function-ref name="set" ref="0x2ac2c3f9c278" scoped=""/>
      </interface-functions>
    </interface><interface loc="42:/home/kasper/tinyos-main//tos/chips/cc2420/packet/CC2420PacketC.nc" name="Acks" provided="1" ref="0x2ac2c3fa53b8">
      <component-ref nicename="CC2420PacketC" qname="CC2420PacketC"/>
      <type-interface alignment="I:2" size="I:2"><interface-ref name="Acks" ref="0x2ac2c3fa53b8" scoped=""/></type-interface>
      <instance>
        <interfacedef-ref nicename="PacketAcknowledgements" qname="PacketAcknowledgements"/>
      </instance>
      <interface-functions>
        <function-ref name="requestAck" ref="0x2ac2c3fa5708" scoped=""/>
        <function-ref name="noAck" ref="0x2ac2c3fa5890" scoped=""/>
        <function-ref name="wasAcked" ref="0x2ac2c3fa5a18" scoped=""/>
      </interface-functions>
    </interface></specification><referenced><interface loc="48:/home/kasper/tinyos-main//tos/chips/cc2420/packet/CC2420PacketP.nc" name="CC2420PacketBody" provided="1" ref="0x2ac2c3f97b60">
      <component-ref nicename="CC2420PacketP" qname="CC2420PacketP"/>
      <type-interface alignment="I:2" size="I:2"><interface-ref name="CC2420PacketBody" ref="0x2ac2c3f97b60" scoped=""/></type-interface>
      <instance>
        <interfacedef-ref nicename="CC2420PacketBody" qname="CC2420PacketBody"/>
      </instance>
      <interface-functions>
        <function-ref name="getPayload" ref="0x2ac2c3f96020" scoped=""/>
        <function-ref name="getHeader" ref="0x2ac2c3f961a8" scoped=""/>
        <function-ref name="getMetadata" ref="0x2ac2c3f96330" scoped=""/>
      </interface-functions>
    </interface><interface loc="47:/home/kasper/tinyos-main//tos/chips/msp430/timer/HilTimerMilliC.nc" name="LocalTime" provided="1" ref="0x2ac2c33ee980">
      <component-ref nicename="HilTimerMilliC" qname="HilTimerMilliC"/>
      <type-interface alignment="I:2" size="I:2"><interface-ref name="LocalTime" ref="0x2ac2c33ee980" scoped=""/></type-interface>
      <instance>
        <interfacedef-ref nicename="LocalTime" qname="LocalTime"/>
        <arguments>
          <type-tag alignment="I:2" size="I:2"><struct-ref ref="0x2ac2c33df020"/>
            <typename><typedef-ref name="TMilli" ref="0x2ac2c33df378"/></typename>
          </type-tag>
        </arguments>
      </instance>
      <interface-functions>
        <function-ref name="get" ref="0x2ac2c33f0560" scoped=""/>
      </interface-functions>
    </interface><interface loc="48:/home/kasper/tinyos-main//tos/lib/timer/CounterToLocalTimeC.nc" name="LocalTime" provided="1" ref="0x2ac2c4002528">
      <component-ref nicename="CC2420PacketC.CounterToLocalTimeC" qname="CC2420PacketC.CounterToLocalTimeC"/>
      <type-interface alignment="I:2" size="I:2"><interface-ref name="LocalTime" ref="0x2ac2c4002528" scoped=""/></type-interface>
      <instance>
        <interfacedef-ref nicename="LocalTime" qname="LocalTime"/>
        <arguments>
          <type-tag alignment="I:2" size="I:2"><struct-ref ref="0x2ac2c33df788"/>
            <typename><typedef-ref name="T32khz" ref="0x2ac2c33dfae0"/></typename>
          </type-tag>
        </arguments>
      </instance>
      <interface-functions>
        <function-ref name="get" ref="0x2ac2c40000f8" scoped=""/>
      </interface-functions>
    </interface><interface loc="51:/home/kasper/tinyos-main//tos/chips/cc2420/packet/CC2420PacketP.nc" name="PacketTimeStamp32khz" provided="1" ref="0x2ac2c3f94060">
      <component-ref nicename="CC2420PacketP" qname="CC2420PacketP"/>
      <type-interface alignment="I:2" size="I:2"><interface-ref name="PacketTimeStamp32khz" ref="0x2ac2c3f94060" scoped=""/></type-interface>
      <instance>
        <interfacedef-ref nicename="PacketTimeStamp" qname="PacketTimeStamp"/>
        <arguments>
          <type-tag alignment="I:2" size="I:2"><struct-ref ref="0x2ac2c33df788"/>
            <typename><typedef-ref name="T32khz" ref="0x2ac2c33dfae0"/></typename>
          </type-tag>
          <type-int alignment="I:2" cname="unsigned long" size="I:4" unsigned="">
            <typename><typedef-ref name="uint32_t" ref="0x2ac2c209b020"/></typename>
          </type-int>
        </arguments>
      </instance>
      <interface-functions>
        <function-ref name="timestamp" ref="0x2ac2c3f934b8" scoped=""/>
        <function-ref name="clear" ref="0x2ac2c3f93b98" scoped=""/>
        <function-ref name="isValid" ref="0x2ac2c3f94db0" scoped=""/>
        <function-ref name="set" ref="0x2ac2c3f922b8" scoped=""/>
      </interface-functions>
    </interface><interface loc="49:/home/kasper/tinyos-main//tos/chips/cc2420/packet/CC2420PacketP.nc" name="LinkPacketMetadata" provided="1" ref="0x2ac2c3f96630">
      <component-ref nicename="CC2420PacketP" qname="CC2420PacketP"/>
      <type-interface alignment="I:2" size="I:2"><interface-ref name="LinkPacketMetadata" ref="0x2ac2c3f96630" scoped=""/></type-interface>
      <instance>
        <interfacedef-ref nicename="LinkPacketMetadata" qname="LinkPacketMetadata"/>
      </instance>
      <interface-functions>
        <function-ref name="highChannelQuality" ref="0x2ac2c3f96980" scoped=""/>
      </interface-functions>
    </interface><interface loc="52:/home/kasper/tinyos-main//tos/chips/cc2420/packet/CC2420PacketP.nc" name="PacketTimeStampMilli" provided="1" ref="0x2ac2c3f90020">
      <component-ref nicename="CC2420PacketP" qname="CC2420PacketP"/>
      <type-interface alignment="I:2" size="I:2"><interface-ref name="PacketTimeStampMilli" ref="0x2ac2c3f90020" scoped=""/></type-interface>
      <instance>
        <interfacedef-ref nicename="PacketTimeStamp" qname="PacketTimeStamp"/>
        <arguments>
          <type-tag alignment="I:2" size="I:2"><struct-ref ref="0x2ac2c33df020"/>
            <typename><typedef-ref name="TMilli" ref="0x2ac2c33df378"/></typename>
          </type-tag>
          <type-int alignment="I:2" cname="unsigned long" size="I:4" unsigned="">
            <typename><typedef-ref name="uint32_t" ref="0x2ac2c209b020"/></typename>
          </type-int>
        </arguments>
      </instance>
      <interface-functions>
        <function-ref name="timestamp" ref="0x2ac2c3ff1478" scoped=""/>
        <function-ref name="clear" ref="0x2ac2c3ff1b58" scoped=""/>
        <function-ref name="isValid" ref="0x2ac2c3f90d70" scoped=""/>
        <function-ref name="set" ref="0x2ac2c3ff0278" scoped=""/>
      </interface-functions>
    </interface><interface loc="49:/home/kasper/tinyos-main//tos/lib/timer/CounterToLocalTimeC.nc" name="Counter" provided="0" ref="0x2ac2c4000720">
      <component-ref nicename="CC2420PacketC.CounterToLocalTimeC" qname="CC2420PacketC.CounterToLocalTimeC"/>
      <type-interface alignment="I:2" size="I:2"><interface-ref name="Counter" ref="0x2ac2c4000720" scoped=""/></type-interface>
      <instance>
        <interfacedef-ref nicename="Counter" qname="Counter"/>
        <arguments>
          <type-tag alignment="I:2" size="I:2"><struct-ref ref="0x2ac2c33df788"/>
            <typename><typedef-ref name="T32khz" ref="0x2ac2c33dfae0"/></typename>
          </type-tag>
          <type-int alignment="I:2" cname="unsigned long" size="I:4" unsigned="">
            <typename><typedef-ref name="uint32_t" ref="0x2ac2c209b020"/></typename>
          </type-int>
        </arguments>
      </instance>
      <interface-functions>
        <function-ref name="get" ref="0x2ac2c3fff578" scoped=""/>
        <function-ref name="clearOverflow" ref="0x2ac2c3ffe020" scoped=""/>
        <function-ref name="isOverflowPending" ref="0x2ac2c3fffa00" scoped=""/>
        <function-ref name="overflow" ref="0x2ac2c3ffe4a8" scoped=""/>
      </interface-functions>
    </interface><interface loc="57:/home/kasper/tinyos-main//tos/chips/cc2420/packet/CC2420PacketP.nc" name="LocalTime32khz" provided="0" ref="0x2ac2c3fed520">
      <component-ref nicename="CC2420PacketP" qname="CC2420PacketP"/>
      <type-interface alignment="I:2" size="I:2"><interface-ref name="LocalTime32khz" ref="0x2ac2c3fed520" scoped=""/></type-interface>
      <instance>
        <interfacedef-ref nicename="LocalTime" qname="LocalTime"/>
        <arguments>
          <type-tag alignment="I:2" size="I:2"><struct-ref ref="0x2ac2c33df788"/>
            <typename><typedef-ref name="T32khz" ref="0x2ac2c33dfae0"/></typename>
          </type-tag>
        </arguments>
      </instance>
      <interface-functions>
        <function-ref name="get" ref="0x2ac2c3fec0f8" scoped=""/>
      </interface-functions>
    </interface><interface loc="58:/home/kasper/tinyos-main//tos/chips/cc2420/packet/CC2420PacketP.nc" name="LocalTimeMilli" provided="0" ref="0x2ac2c3fec788">
      <component-ref nicename="CC2420PacketP" qname="CC2420PacketP"/>
      <type-interface alignment="I:2" size="I:2"><interface-ref name="LocalTimeMilli" ref="0x2ac2c3fec788" scoped=""/></type-interface>
      <instance>
        <interfacedef-ref nicename="LocalTime" qname="LocalTime"/>
        <arguments>
          <type-tag alignment="I:2" size="I:2"><struct-ref ref="0x2ac2c33df020"/>
            <typename><typedef-ref name="TMilli" ref="0x2ac2c33df378"/></typename>
          </type-tag>
        </arguments>
      </instance>
      <interface-functions>
        <function-ref name="get" ref="0x2ac2c3feb3a8" scoped=""/>
      </interface-functions>
    </interface><interface loc="47:/home/kasper/tinyos-main//tos/chips/cc2420/packet/CC2420PacketP.nc" name="Acks" provided="1" ref="0x2ac2c3f97210">
      <component-ref nicename="CC2420PacketP" qname="CC2420PacketP"/>
      <type-interface alignment="I:2" size="I:2"><interface-ref name="Acks" ref="0x2ac2c3f97210" scoped=""/></type-interface>
      <instance>
        <interfacedef-ref nicename="PacketAcknowledgements" qname="PacketAcknowledgements"/>
      </instance>
      <interface-functions>
        <function-ref name="requestAck" ref="0x2ac2c3f97560" scoped=""/>
        <function-ref name="noAck" ref="0x2ac2c3f976e8" scoped=""/>
        <function-ref name="wasAcked" ref="0x2ac2c3f97870" scoped=""/>
      </interface-functions>
    </interface><interface loc="53:/home/kasper/tinyos-main//tos/chips/cc2420/packet/CC2420PacketP.nc" name="PacketTimeSyncOffset" provided="1" ref="0x2ac2c3ff0ac8">
      <component-ref nicename="CC2420PacketP" qname="CC2420PacketP"/>
      <type-interface alignment="I:2" size="I:2"><interface-ref name="PacketTimeSyncOffset" ref="0x2ac2c3ff0ac8" scoped=""/></type-interface>
      <instance>
        <interfacedef-ref nicename="PacketTimeSyncOffset" qname="PacketTimeSyncOffset"/>
      </instance>
      <interface-functions>
        <function-ref name="get" ref="0x2ac2c3ff0e18" scoped=""/>
        <function-ref name="isSet" ref="0x2ac2c3fef020" scoped=""/>
        <function-ref name="cancel" ref="0x2ac2c3fef1a8" scoped=""/>
        <function-ref name="set" ref="0x2ac2c3fef330" scoped=""/>
      </interface-functions>
    </interface><interface loc="46:/home/kasper/tinyos-main//tos/chips/cc2420/packet/CC2420PacketP.nc" name="CC2420Packet" provided="1" ref="0x2ac2c3f982e8">
      <component-ref nicename="CC2420PacketP" qname="CC2420PacketP"/>
      <type-interface alignment="I:2" size="I:2"><interface-ref name="CC2420Packet" ref="0x2ac2c3f982e8" scoped=""/></type-interface>
      <instance>
        <interfacedef-ref nicename="CC2420Packet" qname="CC2420Packet"/>
      </instance>
      <interface-functions>
        <function-ref name="setPower" ref="0x2ac2c3f98638" scoped=""/>
        <function-ref name="setNetwork" ref="0x2ac2c3f987c0" scoped=""/>
        <function-ref name="getRssi" ref="0x2ac2c3f98948" scoped=""/>
        <function-ref name="getNetwork" ref="0x2ac2c3f98ad0" scoped=""/>
        <function-ref name="getPower" ref="0x2ac2c3f98c58" scoped=""/>
        <function-ref name="getLqi" ref="0x2ac2c3f98de0" scoped=""/>
      </interface-functions>
    </interface><interface loc="43:/home/kasper/tinyos-main//tos/chips/msp430/timer/Counter32khz32C.nc" name="Counter" provided="1" ref="0x2ac2c3888730">
      <component-ref nicename="Counter32khz32C" qname="Counter32khz32C"/>
      <type-interface alignment="I:2" size="I:2"><interface-ref name="Counter" ref="0x2ac2c3888730" scoped=""/></type-interface>
      <instance>
        <interfacedef-ref nicename="Counter" qname="Counter"/>
        <arguments>
          <type-tag alignment="I:2" size="I:2"><struct-ref ref="0x2ac2c33df788"/>
            <typename><typedef-ref name="T32khz" ref="0x2ac2c33dfae0"/></typename>
          </type-tag>
          <type-int alignment="I:2" cname="unsigned long" size="I:4" unsigned="">
            <typename><typedef-ref name="uint32_t" ref="0x2ac2c209b020"/></typename>
          </type-int>
        </arguments>
      </instance>
      <interface-functions>
        <function-ref name="get" ref="0x2ac2c3884578" scoped=""/>
        <function-ref name="clearOverflow" ref="0x2ac2c3883020" scoped=""/>
        <function-ref name="isOverflowPending" ref="0x2ac2c3884a00" scoped=""/>
        <function-ref name="overflow" ref="0x2ac2c38834a8" scoped=""/>
      </interface-functions>
    </interface><component loc="46(CC2420PacketC.CounterToLocalTimeC):/home/kasper/tinyos-main//tos/lib/timer/CounterToLocalTimeC.nc" nicename="CC2420PacketC.CounterToLocalTimeC" qname="CC2420PacketC.CounterToLocalTimeC">
      <documentation loc="36:/home/kasper/tinyos-main//tos/lib/timer/CounterToLocalTimeC.nc">
        <short>
 CounterToLocalTimeC converts a 32-bit LocalTime to a Counter.</short>
        <long>
 CounterToLocalTimeC converts a 32-bit LocalTime to a Counter.  

 &lt;p&gt;See TEP102 for more details.
 @param precision_tag A type indicating the precision of the LocalTime and
 Counter being converted.

 @author Cory Sharp &lt;cssharp@eecs.berkeley.edu&gt;
</long>
      </documentation>
      <instance number="1">
        <component-ref nicename="CounterToLocalTimeC" qname="CounterToLocalTimeC"/>
        <arguments>
          <type-tag alignment="I:2" size="I:2"><struct-ref ref="0x2ac2c33df788"/>
            <typename><typedef-ref name="T32khz" ref="0x2ac2c33dfae0"/></typename>
          </type-tag>
        </arguments>
      </instance>
      <module/>
    </component><component loc="41:/home/kasper/tinyos-main//tos/chips/msp430/timer/Counter32khz32C.nc" nicename="Counter32khz32C" qname="Counter32khz32C">
      <documentation loc="33:/home/kasper/tinyos-main//tos/chips/msp430/timer/Counter32khz32C.nc">
        <short>
 Counter32khz32C provides at 32-bit counter at 32768 ticks per second.</short>
        <long>
 Counter32khz32C provides at 32-bit counter at 32768 ticks per second.

 @author Cory Sharp &lt;cssharp@eecs.berkeley.edu&gt;
 @see  Please refer to TEP 102 for more information about this component and its
          intended use.
</long>
      </documentation>
      <configuration/>
      <wiring>
        <wire loc="50:/home/kasper/tinyos-main//tos/chips/msp430/timer/Counter32khz32C.nc">
          <from><interface-ref name="Counter" ref="0x2ac2c3888730" scoped=""/></from>
          <to><interface-ref name="Counter" ref="0x2ac2c38c50e0" scoped=""/></to>
        </wire>
        <wire loc="52:/home/kasper/tinyos-main//tos/chips/msp430/timer/Counter32khz32C.nc">
          <from><interface-ref name="CounterFrom" ref="0x2ac2c38c32b0" scoped=""/></from>
          <to><interface-ref name="Msp430Counter32khz" ref="0x2ac2c3483b98" scoped=""/></to>
        </wire>
      </wiring>
    </component><component loc="43:/home/kasper/tinyos-main//tos/chips/msp430/timer/HilTimerMilliC.nc" nicename="HilTimerMilliC" qname="HilTimerMilliC">
      <documentation loc="33:/home/kasper/tinyos-main//tos/chips/msp430/timer/HilTimerMilliC.nc">
        <short>
 HilTimerMilliC provides a parameterized interface to a virtualized
 millisecond timer.</short>
        <long>
 HilTimerMilliC provides a parameterized interface to a virtualized
 millisecond timer.  TimerMilliC in tos/system/ uses this component to
 allocate new timers.

 @author Cory Sharp &lt;cssharp@eecs.berkeley.edu&gt;
 @see  Please refer to TEP 102 for more information about this component and its
          intended use.
</long>
      </documentation>
      <configuration/>
      <wiring>
        <wire loc="58:/home/kasper/tinyos-main//tos/chips/msp430/timer/HilTimerMilliC.nc">
          <from><interface-ref name="TimerMilli" ref="0x2ac2c33f74a0" scoped=""/></from>
          <to><interface-ref name="Timer" ref="0x2ac2c3554020" scoped=""/></to>
        </wire>
        <wire loc="59:/home/kasper/tinyos-main//tos/chips/msp430/timer/HilTimerMilliC.nc">
          <from><interface-ref name="LocalTime" ref="0x2ac2c33ee980" scoped=""/></from>
          <to><interface-ref name="LocalTime" ref="0x2ac2c3581c38" scoped=""/></to>
        </wire>
        <wire loc="57:/home/kasper/tinyos-main//tos/chips/msp430/timer/HilTimerMilliC.nc">
          <from><interface-ref name="Init" ref="0x2ac2c33fa768" scoped=""/></from>
          <to><interface-ref name="Init" ref="0x2ac2c34ea418" scoped=""/></to>
        </wire>
        <wire loc="61:/home/kasper/tinyos-main//tos/chips/msp430/timer/HilTimerMilliC.nc">
          <from><interface-ref name="TimerFrom" ref="0x2ac2c3588208" scoped=""/></from>
          <to><interface-ref name="Timer" ref="0x2ac2c34e4d88" scoped=""/></to>
        </wire>
        <wire loc="62:/home/kasper/tinyos-main//tos/chips/msp430/timer/HilTimerMilliC.nc">
          <from><interface-ref name="Alarm" ref="0x2ac2c352a020" scoped=""/></from>
          <to><interface-ref name="Alarm" ref="0x2ac2c34eac00" scoped=""/></to>
        </wire>
        <wire loc="63:/home/kasper/tinyos-main//tos/chips/msp430/timer/HilTimerMilliC.nc">
          <from><interface-ref name="Counter" ref="0x2ac2c3580e48" scoped=""/></from>
          <to><interface-ref name="Counter" ref="0x2ac2c3485d70" scoped=""/></to>
        </wire>
      </wiring>
    </component><component loc="43:/home/kasper/tinyos-main//tos/chips/cc2420/packet/CC2420PacketP.nc" nicename="CC2420PacketP" qname="CC2420PacketP" safe="">
      <documentation loc="32:/home/kasper/tinyos-main//tos/chips/cc2420/packet/CC2420PacketP.nc">
        <short>
 </short>
        <long>
 @author Jonathan Hui &lt;jhui@archrock.com&gt;
 @author David Moss
 @author Chad Metcalf
</long>
      </documentation>
      <module/>
    </component></referenced></component>