<?xml version="1.0" ?><component loc="37:/home/kasper/tinyos-main//tos/chips/cc2420/spi/CC2420SpiWireC.nc" nicename="CC2420SpiWireC" qname="CC2420SpiWireC">
      <documentation loc="32:/home/kasper/tinyos-main//tos/chips/cc2420/spi/CC2420SpiWireC.nc">
        <short>
 </short>
        <long>
 @author Jonathan Hui &lt;jhui@archrock.com&gt;
 @version $Revision: 1.1 $ $Date: 2007-07-04 00:37:16 $
</long>
      </documentation>
      <configuration/>
      <wiring>
        <wire loc="52:/home/kasper/tinyos-main//tos/chips/cc2420/spi/CC2420SpiWireC.nc">
          <from><interface-ref name="Fifo" ref="0x2ac2c39793c8" scoped=""/></from>
          <to><interface-ref name="Fifo" ref="0x2ac2c39704d0" scoped=""/></to>
        </wire>
        <wire loc="56:/home/kasper/tinyos-main//tos/chips/cc2420/spi/CC2420SpiWireC.nc">
          <from><interface-ref name="ChipSpiResource" ref="0x2ac2c397a4c8" scoped=""/></from>
          <to><interface-ref name="ChipSpiResource" ref="0x2ac2c39724e8" scoped=""/></to>
        </wire>
        <wire loc="53:/home/kasper/tinyos-main//tos/chips/cc2420/spi/CC2420SpiWireC.nc">
          <from><interface-ref name="Ram" ref="0x2ac2c39785e0" scoped=""/></from>
          <to><interface-ref name="Ram" ref="0x2ac2c396e680" scoped=""/></to>
        </wire>
        <wire loc="54:/home/kasper/tinyos-main//tos/chips/cc2420/spi/CC2420SpiWireC.nc">
          <from><interface-ref name="Reg" ref="0x2ac2c3976348" scoped=""/></from>
          <to><interface-ref name="Reg" ref="0x2ac2c396d3c8" scoped=""/></to>
        </wire>
        <wire loc="51:/home/kasper/tinyos-main//tos/chips/cc2420/spi/CC2420SpiWireC.nc">
          <from><interface-ref name="Resource" ref="0x2ac2c397d810" scoped=""/></from>
          <to><interface-ref name="Resource" ref="0x2ac2c3971300" scoped=""/></to>
        </wire>
        <wire loc="55:/home/kasper/tinyos-main//tos/chips/cc2420/spi/CC2420SpiWireC.nc">
          <from><interface-ref name="Strobe" ref="0x2ac2c39751c8" scoped=""/></from>
          <to><interface-ref name="Strobe" ref="0x2ac2c396c1c8" scoped=""/></to>
        </wire>
        <wire loc="59:/home/kasper/tinyos-main//tos/chips/cc2420/spi/CC2420SpiWireC.nc">
          <from><interface-ref name="WorkingState" ref="0x2ac2c396a0e0" scoped=""/></from>
          <to><interface-ref name="State" ref="0x2ac2c39e4100" scoped=""/></to>
        </wire>
        <wire loc="62:/home/kasper/tinyos-main//tos/chips/cc2420/spi/CC2420SpiWireC.nc">
          <from><interface-ref name="SpiResource" ref="0x2ac2c396c8e8" scoped=""/></from>
          <to><interface-ref name="Resource" ref="0x2ac2c3a10cf0" scoped=""/></to>
        </wire>
        <wire loc="63:/home/kasper/tinyos-main//tos/chips/cc2420/spi/CC2420SpiWireC.nc">
          <from><interface-ref name="SpiByte" ref="0x2ac2c3968470" scoped=""/></from>
          <to><interface-ref name="SpiByte" ref="0x2ac2c3a0f948" scoped=""/></to>
        </wire>
        <wire loc="64:/home/kasper/tinyos-main//tos/chips/cc2420/spi/CC2420SpiWireC.nc">
          <from><interface-ref name="SpiPacket" ref="0x2ac2c3961860" scoped=""/></from>
          <to><interface-ref name="SpiPacket" ref="0x2ac2c3d16020" scoped=""/></to>
        </wire>
        <wire loc="67:/home/kasper/tinyos-main//tos/chips/cc2420/spi/CC2420SpiWireC.nc">
          <from><interface-ref name="Leds" ref="0x2ac2c396ae50" scoped=""/></from>
          <to><interface-ref name="Leds" ref="0x2ac2c3039c38" scoped=""/></to>
        </wire>
      </wiring>
    <specification><interface loc="41:/home/kasper/tinyos-main//tos/chips/cc2420/spi/CC2420SpiWireC.nc" name="Fifo" provided="1" ref="0x2ac2c39793c8">
      <component-ref nicename="CC2420SpiWireC" qname="CC2420SpiWireC"/>
      <type-interface alignment="I:2" size="I:2"><interface-ref name="Fifo" ref="0x2ac2c39793c8" scoped=""/></type-interface>
      <instance>
        <interfacedef-ref nicename="CC2420Fifo" qname="CC2420Fifo"/>
      </instance>
      <interface-parameters>
        <type-int alignment="I:1" cname="unsigned char" size="I:1" unsigned="">
          <typename><typedef-ref name="uint8_t" ref="0x2ac2c209a790"/></typename>
        </type-int>
      </interface-parameters>
      <interface-functions>
        <function-ref name="continueRead" ref="0x2ac2c3979718" scoped=""/>
        <function-ref name="writeDone" ref="0x2ac2c39798a0" scoped=""/>
        <function-ref name="write" ref="0x2ac2c3979a28" scoped=""/>
        <function-ref name="beginRead" ref="0x2ac2c3979bb0" scoped=""/>
        <function-ref name="readDone" ref="0x2ac2c3979d38" scoped=""/>
      </interface-functions>
    </interface><interface loc="40:/home/kasper/tinyos-main//tos/chips/cc2420/spi/CC2420SpiWireC.nc" name="ChipSpiResource" provided="1" ref="0x2ac2c397a4c8">
      <component-ref nicename="CC2420SpiWireC" qname="CC2420SpiWireC"/>
      <type-interface alignment="I:2" size="I:2"><interface-ref name="ChipSpiResource" ref="0x2ac2c397a4c8" scoped=""/></type-interface>
      <instance>
        <interfacedef-ref nicename="ChipSpiResource" qname="ChipSpiResource"/>
      </instance>
      <interface-functions>
        <function-ref name="releasing" ref="0x2ac2c397a818" scoped=""/>
        <function-ref name="abortRelease" ref="0x2ac2c397a9a0" scoped=""/>
        <function-ref name="attemptRelease" ref="0x2ac2c397ab28" scoped=""/>
      </interface-functions>
    </interface><interface loc="42:/home/kasper/tinyos-main//tos/chips/cc2420/spi/CC2420SpiWireC.nc" name="Ram" provided="1" ref="0x2ac2c39785e0">
      <component-ref nicename="CC2420SpiWireC" qname="CC2420SpiWireC"/>
      <type-interface alignment="I:2" size="I:2"><interface-ref name="Ram" ref="0x2ac2c39785e0" scoped=""/></type-interface>
      <instance>
        <interfacedef-ref nicename="CC2420Ram" qname="CC2420Ram"/>
      </instance>
      <interface-parameters>
        <type-int alignment="I:2" cname="unsigned int" size="I:2" unsigned="">
          <typename><typedef-ref name="uint16_t" ref="0x2ac2c209ab20"/></typename>
        </type-int>
      </interface-parameters>
      <interface-functions>
        <function-ref name="read" ref="0x2ac2c3978930" scoped=""/>
        <function-ref name="write" ref="0x2ac2c3978ab8" scoped=""/>
      </interface-functions>
    </interface><interface loc="43:/home/kasper/tinyos-main//tos/chips/cc2420/spi/CC2420SpiWireC.nc" name="Reg" provided="1" ref="0x2ac2c3976348">
      <component-ref nicename="CC2420SpiWireC" qname="CC2420SpiWireC"/>
      <type-interface alignment="I:2" size="I:2"><interface-ref name="Reg" ref="0x2ac2c3976348" scoped=""/></type-interface>
      <instance>
        <interfacedef-ref nicename="CC2420Register" qname="CC2420Register"/>
      </instance>
      <interface-parameters>
        <type-int alignment="I:1" cname="unsigned char" size="I:1" unsigned="">
          <typename><typedef-ref name="uint8_t" ref="0x2ac2c209a790"/></typename>
        </type-int>
      </interface-parameters>
      <interface-functions>
        <function-ref name="read" ref="0x2ac2c3976698" scoped=""/>
        <function-ref name="write" ref="0x2ac2c3976820" scoped=""/>
      </interface-functions>
    </interface><interface loc="39:/home/kasper/tinyos-main//tos/chips/cc2420/spi/CC2420SpiWireC.nc" name="Resource" provided="1" ref="0x2ac2c397d810">
      <component-ref nicename="CC2420SpiWireC" qname="CC2420SpiWireC"/>
      <type-interface alignment="I:2" size="I:2"><interface-ref name="Resource" ref="0x2ac2c397d810" scoped=""/></type-interface>
      <instance>
        <interfacedef-ref nicename="Resource" qname="Resource"/>
      </instance>
      <interface-parameters>
        <type-int alignment="I:1" cname="unsigned char" size="I:1" unsigned="">
          <typename><typedef-ref name="uint8_t" ref="0x2ac2c209a790"/></typename>
        </type-int>
      </interface-parameters>
      <interface-functions>
        <function-ref name="release" ref="0x2ac2c397db60" scoped=""/>
        <function-ref name="immediateRequest" ref="0x2ac2c397dce8" scoped=""/>
        <function-ref name="request" ref="0x2ac2c397de70" scoped=""/>
        <function-ref name="granted" ref="0x2ac2c397a020" scoped=""/>
        <function-ref name="isOwner" ref="0x2ac2c397a1a8" scoped=""/>
      </interface-functions>
    </interface><interface loc="44:/home/kasper/tinyos-main//tos/chips/cc2420/spi/CC2420SpiWireC.nc" name="Strobe" provided="1" ref="0x2ac2c39751c8">
      <component-ref nicename="CC2420SpiWireC" qname="CC2420SpiWireC"/>
      <type-interface alignment="I:2" size="I:2"><interface-ref name="Strobe" ref="0x2ac2c39751c8" scoped=""/></type-interface>
      <instance>
        <interfacedef-ref nicename="CC2420Strobe" qname="CC2420Strobe"/>
      </instance>
      <interface-parameters>
        <type-int alignment="I:1" cname="unsigned char" size="I:1" unsigned="">
          <typename><typedef-ref name="uint8_t" ref="0x2ac2c209a790"/></typename>
        </type-int>
      </interface-parameters>
      <interface-functions>
        <function-ref name="strobe" ref="0x2ac2c3975518" scoped=""/>
      </interface-functions>
    </interface></specification><referenced><interface loc="54:/home/kasper/tinyos-main//tos/chips/cc2420/spi/CC2420SpiP.nc" name="SpiByte" provided="0" ref="0x2ac2c3968470">
      <component-ref nicename="CC2420SpiP" qname="CC2420SpiP"/>
      <type-interface alignment="I:2" size="I:2"><interface-ref name="SpiByte" ref="0x2ac2c3968470" scoped=""/></type-interface>
      <instance>
        <interfacedef-ref nicename="SpiByte" qname="SpiByte"/>
      </instance>
      <interface-functions>
        <function-ref name="write" ref="0x2ac2c39687c0" scoped=""/>
      </interface-functions>
    </interface><interface loc="56:/home/kasper/tinyos-main//tos/chips/cc2420/spi/CC2420SpiP.nc" name="WorkingState" provided="0" ref="0x2ac2c396a0e0">
      <component-ref nicename="CC2420SpiP" qname="CC2420SpiP"/>
      <type-interface alignment="I:2" size="I:2"><interface-ref name="WorkingState" ref="0x2ac2c396a0e0" scoped=""/></type-interface>
      <instance>
        <interfacedef-ref nicename="State" qname="State"/>
      </instance>
      <interface-functions>
        <function-ref name="getState" ref="0x2ac2c396a430" scoped=""/>
        <function-ref name="toIdle" ref="0x2ac2c396a5b8" scoped=""/>
        <function-ref name="isState" ref="0x2ac2c396a740" scoped=""/>
        <function-ref name="isIdle" ref="0x2ac2c396a8c8" scoped=""/>
        <function-ref name="requestState" ref="0x2ac2c396aa50" scoped=""/>
        <function-ref name="forceState" ref="0x2ac2c396abd8" scoped=""/>
      </interface-functions>
    </interface><interface loc="67:/home/kasper/tinyos-main//tos/system/StateC.nc" name="State" provided="1" ref="0x2ac2c39e4100">
      <component-ref nicename="CC2420SpiWireC.WorkingStateC" qname="CC2420SpiWireC.WorkingStateC"/>
      <type-interface alignment="I:2" size="I:2"><interface-ref name="State" ref="0x2ac2c39e4100" scoped=""/></type-interface>
      <instance>
        <interfacedef-ref nicename="State" qname="State"/>
      </instance>
      <interface-functions>
        <function-ref name="getState" ref="0x2ac2c39e4450" scoped=""/>
        <function-ref name="toIdle" ref="0x2ac2c39e45d8" scoped=""/>
        <function-ref name="isState" ref="0x2ac2c39e4760" scoped=""/>
        <function-ref name="isIdle" ref="0x2ac2c39e48e8" scoped=""/>
        <function-ref name="requestState" ref="0x2ac2c39e4a70" scoped=""/>
        <function-ref name="forceState" ref="0x2ac2c39e4bf8" scoped=""/>
      </interface-functions>
    </interface><interface loc="46:/home/kasper/tinyos-main//tos/chips/cc2420/spi/CC2420SpiP.nc" name="Fifo" provided="1" ref="0x2ac2c39704d0">
      <component-ref nicename="CC2420SpiP" qname="CC2420SpiP"/>
      <type-interface alignment="I:2" size="I:2"><interface-ref name="Fifo" ref="0x2ac2c39704d0" scoped=""/></type-interface>
      <instance>
        <interfacedef-ref nicename="CC2420Fifo" qname="CC2420Fifo"/>
      </instance>
      <interface-parameters>
        <type-int alignment="I:1" cname="unsigned char" size="I:1" unsigned="">
          <typename><typedef-ref name="uint8_t" ref="0x2ac2c209a790"/></typename>
        </type-int>
      </interface-parameters>
      <interface-functions>
        <function-ref name="continueRead" ref="0x2ac2c3970820" scoped=""/>
        <function-ref name="writeDone" ref="0x2ac2c39709a8" scoped=""/>
        <function-ref name="write" ref="0x2ac2c3970b30" scoped=""/>
        <function-ref name="beginRead" ref="0x2ac2c3970cb8" scoped=""/>
        <function-ref name="readDone" ref="0x2ac2c3970e40" scoped=""/>
      </interface-functions>
    </interface><interface loc="44:/home/kasper/tinyos-main//tos/platforms/telosa/chips/cc2420/HplCC2420SpiC.nc" name="SpiPacket" provided="1" ref="0x2ac2c3d16020">
      <component-ref nicename="CC2420SpiWireC.HplCC2420SpiC" qname="CC2420SpiWireC.HplCC2420SpiC"/>
      <type-interface alignment="I:2" size="I:2"><interface-ref name="SpiPacket" ref="0x2ac2c3d16020" scoped=""/></type-interface>
      <instance>
        <interfacedef-ref nicename="SpiPacket" qname="SpiPacket"/>
      </instance>
      <interface-functions>
        <function-ref name="send" ref="0x2ac2c3d16370" scoped=""/>
        <function-ref name="sendDone" ref="0x2ac2c3d164f8" scoped=""/>
      </interface-functions>
    </interface><interface loc="44:/home/kasper/tinyos-main//tos/chips/cc2420/spi/CC2420SpiP.nc" name="ChipSpiResource" provided="1" ref="0x2ac2c39724e8">
      <component-ref nicename="CC2420SpiP" qname="CC2420SpiP"/>
      <type-interface alignment="I:2" size="I:2"><interface-ref name="ChipSpiResource" ref="0x2ac2c39724e8" scoped=""/></type-interface>
      <instance>
        <interfacedef-ref nicename="ChipSpiResource" qname="ChipSpiResource"/>
      </instance>
      <interface-functions>
        <function-ref name="releasing" ref="0x2ac2c3972838" scoped=""/>
        <function-ref name="abortRelease" ref="0x2ac2c39729c0" scoped=""/>
        <function-ref name="attemptRelease" ref="0x2ac2c3972b48" scoped=""/>
      </interface-functions>
    </interface><interface loc="53:/home/kasper/tinyos-main//tos/chips/cc2420/spi/CC2420SpiP.nc" name="SpiResource" provided="0" ref="0x2ac2c396c8e8">
      <component-ref nicename="CC2420SpiP" qname="CC2420SpiP"/>
      <type-interface alignment="I:2" size="I:2"><interface-ref name="SpiResource" ref="0x2ac2c396c8e8" scoped=""/></type-interface>
      <instance>
        <interfacedef-ref nicename="Resource" qname="Resource"/>
      </instance>
      <interface-functions>
        <function-ref name="release" ref="0x2ac2c396cc38" scoped=""/>
        <function-ref name="immediateRequest" ref="0x2ac2c396cdc0" scoped=""/>
        <function-ref name="request" ref="0x2ac2c396b020" scoped=""/>
        <function-ref name="granted" ref="0x2ac2c396b1a8" scoped=""/>
        <function-ref name="isOwner" ref="0x2ac2c396b330" scoped=""/>
      </interface-functions>
    </interface><interface loc="45:/home/kasper/tinyos-main//tos/chips/cc2420/spi/CC2420SpiP.nc" name="Resource" provided="1" ref="0x2ac2c3971300">
      <component-ref nicename="CC2420SpiP" qname="CC2420SpiP"/>
      <type-interface alignment="I:2" size="I:2"><interface-ref name="Resource" ref="0x2ac2c3971300" scoped=""/></type-interface>
      <instance>
        <interfacedef-ref nicename="Resource" qname="Resource"/>
      </instance>
      <interface-parameters>
        <type-int alignment="I:1" cname="unsigned char" size="I:1" unsigned="">
          <typename><typedef-ref name="uint8_t" ref="0x2ac2c209a790"/></typename>
        </type-int>
      </interface-parameters>
      <interface-functions>
        <function-ref name="release" ref="0x2ac2c3971650" scoped=""/>
        <function-ref name="immediateRequest" ref="0x2ac2c39717d8" scoped=""/>
        <function-ref name="request" ref="0x2ac2c3971960" scoped=""/>
        <function-ref name="granted" ref="0x2ac2c3971ae8" scoped=""/>
        <function-ref name="isOwner" ref="0x2ac2c3971c70" scoped=""/>
      </interface-functions>
    </interface><interface loc="57:/home/kasper/tinyos-main//tos/chips/cc2420/spi/CC2420SpiP.nc" name="Leds" provided="0" ref="0x2ac2c396ae50">
      <component-ref nicename="CC2420SpiP" qname="CC2420SpiP"/>
      <type-interface alignment="I:2" size="I:2"><interface-ref name="Leds" ref="0x2ac2c396ae50" scoped=""/></type-interface>
      <instance>
        <interfacedef-ref nicename="Leds" qname="Leds"/>
      </instance>
      <interface-functions>
        <function-ref name="led0Off" ref="0x2ac2c39691e8" scoped=""/>
        <function-ref name="led0Toggle" ref="0x2ac2c3969370" scoped=""/>
        <function-ref name="led1On" ref="0x2ac2c39694f8" scoped=""/>
        <function-ref name="led1Toggle" ref="0x2ac2c3969680" scoped=""/>
        <function-ref name="led2Toggle" ref="0x2ac2c3969808" scoped=""/>
        <function-ref name="get" ref="0x2ac2c3969990" scoped=""/>
        <function-ref name="led1Off" ref="0x2ac2c3969b18" scoped=""/>
        <function-ref name="led2Off" ref="0x2ac2c39621a8" scoped=""/>
        <function-ref name="set" ref="0x2ac2c3969ca0" scoped=""/>
        <function-ref name="led0On" ref="0x2ac2c3969e28" scoped=""/>
        <function-ref name="led2On" ref="0x2ac2c3962020" scoped=""/>
      </interface-functions>
    </interface><interface loc="48:/home/kasper/tinyos-main//tos/chips/cc2420/spi/CC2420SpiP.nc" name="Reg" provided="1" ref="0x2ac2c396d3c8">
      <component-ref nicename="CC2420SpiP" qname="CC2420SpiP"/>
      <type-interface alignment="I:2" size="I:2"><interface-ref name="Reg" ref="0x2ac2c396d3c8" scoped=""/></type-interface>
      <instance>
        <interfacedef-ref nicename="CC2420Register" qname="CC2420Register"/>
      </instance>
      <interface-parameters>
        <type-int alignment="I:1" cname="unsigned char" size="I:1" unsigned="">
          <typename><typedef-ref name="uint8_t" ref="0x2ac2c209a790"/></typename>
        </type-int>
      </interface-parameters>
      <interface-functions>
        <function-ref name="read" ref="0x2ac2c396d718" scoped=""/>
        <function-ref name="write" ref="0x2ac2c396d8a0" scoped=""/>
      </interface-functions>
    </interface><interface loc="55:/home/kasper/tinyos-main//tos/chips/cc2420/spi/CC2420SpiP.nc" name="SpiPacket" provided="0" ref="0x2ac2c3961860">
      <component-ref nicename="CC2420SpiP" qname="CC2420SpiP"/>
      <type-interface alignment="I:2" size="I:2"><interface-ref name="SpiPacket" ref="0x2ac2c3961860" scoped=""/></type-interface>
      <instance>
        <interfacedef-ref nicename="SpiPacket" qname="SpiPacket"/>
      </instance>
      <interface-functions>
        <function-ref name="send" ref="0x2ac2c3961bb0" scoped=""/>
        <function-ref name="sendDone" ref="0x2ac2c3961d38" scoped=""/>
      </interface-functions>
    </interface><interface loc="42:/home/kasper/tinyos-main//tos/platforms/telosa/chips/cc2420/HplCC2420SpiC.nc" name="Resource" provided="1" ref="0x2ac2c3a10cf0">
      <component-ref nicename="CC2420SpiWireC.HplCC2420SpiC" qname="CC2420SpiWireC.HplCC2420SpiC"/>
      <type-interface alignment="I:2" size="I:2"><interface-ref name="Resource" ref="0x2ac2c3a10cf0" scoped=""/></type-interface>
      <instance>
        <interfacedef-ref nicename="Resource" qname="Resource"/>
      </instance>
      <interface-functions>
        <function-ref name="release" ref="0x2ac2c3a0f0a0" scoped=""/>
        <function-ref name="immediateRequest" ref="0x2ac2c3a0f228" scoped=""/>
        <function-ref name="request" ref="0x2ac2c3a0f3b0" scoped=""/>
        <function-ref name="granted" ref="0x2ac2c3a0f538" scoped=""/>
        <function-ref name="isOwner" ref="0x2ac2c3a0f6c0" scoped=""/>
      </interface-functions>
    </interface><interface loc="49:/home/kasper/tinyos-main//tos/chips/cc2420/spi/CC2420SpiP.nc" name="Strobe" provided="1" ref="0x2ac2c396c1c8">
      <component-ref nicename="CC2420SpiP" qname="CC2420SpiP"/>
      <type-interface alignment="I:2" size="I:2"><interface-ref name="Strobe" ref="0x2ac2c396c1c8" scoped=""/></type-interface>
      <instance>
        <interfacedef-ref nicename="CC2420Strobe" qname="CC2420Strobe"/>
      </instance>
      <interface-parameters>
        <type-int alignment="I:1" cname="unsigned char" size="I:1" unsigned="">
          <typename><typedef-ref name="uint8_t" ref="0x2ac2c209a790"/></typename>
        </type-int>
      </interface-parameters>
      <interface-functions>
        <function-ref name="strobe" ref="0x2ac2c396c518" scoped=""/>
      </interface-functions>
    </interface><interface loc="43:/home/kasper/tinyos-main//tos/platforms/telosa/chips/cc2420/HplCC2420SpiC.nc" name="SpiByte" provided="1" ref="0x2ac2c3a0f948">
      <component-ref nicename="CC2420SpiWireC.HplCC2420SpiC" qname="CC2420SpiWireC.HplCC2420SpiC"/>
      <type-interface alignment="I:2" size="I:2"><interface-ref name="SpiByte" ref="0x2ac2c3a0f948" scoped=""/></type-interface>
      <instance>
        <interfacedef-ref nicename="SpiByte" qname="SpiByte"/>
      </instance>
      <interface-functions>
        <function-ref name="write" ref="0x2ac2c3a0fc98" scoped=""/>
      </interface-functions>
    </interface><interface loc="47:/home/kasper/tinyos-main//tos/chips/cc2420/spi/CC2420SpiP.nc" name="Ram" provided="1" ref="0x2ac2c396e680">
      <component-ref nicename="CC2420SpiP" qname="CC2420SpiP"/>
      <type-interface alignment="I:2" size="I:2"><interface-ref name="Ram" ref="0x2ac2c396e680" scoped=""/></type-interface>
      <instance>
        <interfacedef-ref nicename="CC2420Ram" qname="CC2420Ram"/>
      </instance>
      <interface-parameters>
        <type-int alignment="I:2" cname="unsigned int" size="I:2" unsigned="">
          <typename><typedef-ref name="uint16_t" ref="0x2ac2c209ab20"/></typename>
        </type-int>
      </interface-parameters>
      <interface-functions>
        <function-ref name="read" ref="0x2ac2c396e9d0" scoped=""/>
        <function-ref name="write" ref="0x2ac2c396eb58" scoped=""/>
      </interface-functions>
    </interface><interface loc="46:/home/kasper/tinyos-main//tos/system/LedsC.nc" name="Leds" provided="1" ref="0x2ac2c3039c38">
      <component-ref nicename="LedsC" qname="LedsC"/>
      <type-interface alignment="I:2" size="I:2"><interface-ref name="Leds" ref="0x2ac2c3039c38" scoped=""/></type-interface>
      <instance>
        <interfacedef-ref nicename="Leds" qname="Leds"/>
      </instance>
      <interface-functions>
        <function-ref name="led0Off" ref="0x2ac2c3043020" scoped=""/>
        <function-ref name="led0Toggle" ref="0x2ac2c30431a8" scoped=""/>
        <function-ref name="led1On" ref="0x2ac2c3043330" scoped=""/>
        <function-ref name="led1Toggle" ref="0x2ac2c30434b8" scoped=""/>
        <function-ref name="led2Toggle" ref="0x2ac2c3043640" scoped=""/>
        <function-ref name="get" ref="0x2ac2c30437c8" scoped=""/>
        <function-ref name="led1Off" ref="0x2ac2c3043950" scoped=""/>
        <function-ref name="led2Off" ref="0x2ac2c3042020" scoped=""/>
        <function-ref name="set" ref="0x2ac2c3043ad8" scoped=""/>
        <function-ref name="led0On" ref="0x2ac2c3043c60" scoped=""/>
        <function-ref name="led2On" ref="0x2ac2c3043de8" scoped=""/>
      </interface-functions>
    </interface><component loc="41:/home/kasper/tinyos-main//tos/chips/cc2420/spi/CC2420SpiP.nc" nicename="CC2420SpiP" qname="CC2420SpiP" safe="">
      <documentation loc="32:/home/kasper/tinyos-main//tos/chips/cc2420/spi/CC2420SpiP.nc">
        <short>
 </short>
        <long>
 @author Jonathan Hui &lt;jhui@archrock.com&gt;
 @author David Moss
 @author Roman Lim
 @author Razvan Musaloie-E.
 @author Jeonggil Ko
 @version $Revision: 1.4 $ $Date: 2008-06-23 20:25:15 $
</long>
      </documentation>
      <module/>
    </component><component loc="40(CC2420SpiWireC.HplCC2420SpiC):/home/kasper/tinyos-main//tos/platforms/telosa/chips/cc2420/HplCC2420SpiC.nc" nicename="CC2420SpiWireC.HplCC2420SpiC" qname="CC2420SpiWireC.HplCC2420SpiC">
      <documentation loc="32:/home/kasper/tinyos-main//tos/platforms/telosa/chips/cc2420/HplCC2420SpiC.nc">
        <short>
 HPL implementation of the SPI bus for the ChipCon CC2420 radio
 connected to a TI MSP430 processor.</short>
        <long>
 HPL implementation of the SPI bus for the ChipCon CC2420 radio
 connected to a TI MSP430 processor.

 @author Jonathan Hui &lt;jhui@archrock.com&gt;
 @version $Revision: 1.4 $ $Date: 2006-12-12 18:23:44 $
</long>
      </documentation>
      <instance number="0">
        <component-ref nicename="HplCC2420SpiC" qname="HplCC2420SpiC"/>
      </instance>
      <configuration/>
      <wiring>
        <wire loc="54:/home/kasper/tinyos-main//tos/platforms/telosa/chips/cc2420/HplCC2420SpiC.nc">
          <from><interface-ref name="SpiPacket" ref="0x2ac2c3d16020" scoped=""/></from>
          <to><interface-ref name="SpiPacket" ref="0x2ac2c4ee05b8" scoped=""/></to>
        </wire>
        <wire loc="53:/home/kasper/tinyos-main//tos/platforms/telosa/chips/cc2420/HplCC2420SpiC.nc">
          <from><interface-ref name="SpiByte" ref="0x2ac2c3a0f948" scoped=""/></from>
          <to><interface-ref name="SpiByte" ref="0x2ac2c4ee1430" scoped=""/></to>
        </wire>
        <wire loc="52:/home/kasper/tinyos-main//tos/platforms/telosa/chips/cc2420/HplCC2420SpiC.nc">
          <from><interface-ref name="Resource" ref="0x2ac2c3a10cf0" scoped=""/></from>
          <to><interface-ref name="Resource" ref="0x2ac2c4ee3020" scoped=""/></to>
        </wire>
      </wiring>
    </component><component loc="45:/home/kasper/tinyos-main//tos/system/LedsC.nc" nicename="LedsC" qname="LedsC">
      <documentation loc="34:/home/kasper/tinyos-main//tos/system/LedsC.nc">
        <short>

 The basic TinyOS LEDs abstraction.</short>
        <long>

 The basic TinyOS LEDs abstraction.

 @author Phil Buonadonna
 @author David Gay
 @author Philip Levis
 @author Joe Polastre
</long>
      </documentation>
      <configuration/>
      <wiring>
        <wire loc="51:/home/kasper/tinyos-main//tos/system/LedsC.nc">
          <from><interface-ref name="Leds" ref="0x2ac2c3039c38" scoped=""/></from>
          <to><interface-ref name="Leds" ref="0x2ac2c30365e8" scoped=""/></to>
        </wire>
        <wire loc="53:/home/kasper/tinyos-main//tos/system/LedsC.nc">
          <from><interface-ref name="Init" ref="0x2ac2c3058460" scoped=""/></from>
          <to><interface-ref name="Init" ref="0x2ac2c3036020" scoped=""/></to>
        </wire>
        <wire loc="54:/home/kasper/tinyos-main//tos/system/LedsC.nc">
          <from><interface-ref name="Led0" ref="0x2ac2c30527c8" scoped=""/></from>
          <to><interface-ref name="Led0" ref="0x2ac2c305b020" scoped=""/></to>
        </wire>
        <wire loc="55:/home/kasper/tinyos-main//tos/system/LedsC.nc">
          <from><interface-ref name="Led1" ref="0x2ac2c3034958" scoped=""/></from>
          <to><interface-ref name="Led1" ref="0x2ac2c305a1b0" scoped=""/></to>
        </wire>
        <wire loc="56:/home/kasper/tinyos-main//tos/system/LedsC.nc">
          <from><interface-ref name="Led2" ref="0x2ac2c3051ae0" scoped=""/></from>
          <to><interface-ref name="Led2" ref="0x2ac2c3059378" scoped=""/></to>
        </wire>
      </wiring>
    </component><component loc="65(CC2420SpiWireC.WorkingStateC):/home/kasper/tinyos-main//tos/system/StateC.nc" nicename="CC2420SpiWireC.WorkingStateC" qname="CC2420SpiWireC.WorkingStateC">
      <documentation loc="32:/home/kasper/tinyos-main//tos/types/State.h">
        <short>
 </short>
        <long>
 @author David Moss
</long>
      </documentation>
      <instance number="0">
        <component-ref nicename="StateC" qname="StateC"/>
      </instance>
      <configuration/>
      <wiring>
        <wire loc="74:/home/kasper/tinyos-main//tos/system/StateC.nc">
          <from><interface-ref name="State" ref="0x2ac2c39e4100" scoped=""/></from>
          <to><interface-ref name="State" ref="0x2ac2c39e2858" scoped=""/>
          <arguments>
            <value cst="I:0">
              <type-int alignment="I:2" cname="unsigned int" size="I:2" unsigned=""/>
            </value>
          </arguments>
          </to>
        </wire>
      </wiring>
    </component></referenced></component>