<?xml version="1.0" ?><component loc="46:/home/kasper/tinyos-main//tos/chips/cc2420/transmit/CC2420TransmitP.nc" nicename="CC2420TransmitP" qname="CC2420TransmitP" safe="">
      <module/>
    <specification><interface loc="51:/home/kasper/tinyos-main//tos/chips/cc2420/transmit/CC2420TransmitP.nc" name="RadioBackoff" provided="1" ref="0x2ac2c3e617c0">
      <component-ref nicename="CC2420TransmitP" qname="CC2420TransmitP"/>
      <type-interface alignment="I:2" size="I:2"><interface-ref name="RadioBackoff" ref="0x2ac2c3e617c0" scoped=""/></type-interface>
      <instance>
        <interfacedef-ref nicename="RadioBackoff" qname="RadioBackoff"/>
      </instance>
      <interface-functions>
        <function-ref name="requestCca" ref="0x2ac2c3e61b10" scoped=""/>
        <function-ref name="requestInitialBackoff" ref="0x2ac2c3e61c98" scoped=""/>
        <function-ref name="setCongestionBackoff" ref="0x2ac2c3e61e20" scoped=""/>
        <function-ref name="setInitialBackoff" ref="0x2ac2c3e60020" scoped=""/>
        <function-ref name="setCca" ref="0x2ac2c3e601a8" scoped=""/>
        <function-ref name="requestCongestionBackoff" ref="0x2ac2c3e60330" scoped=""/>
      </interface-functions>
    </interface><interface loc="58:/home/kasper/tinyos-main//tos/chips/cc2420/transmit/CC2420TransmitP.nc" name="PacketTimeStamp" provided="0" ref="0x2ac2c3e59460">
      <component-ref nicename="CC2420TransmitP" qname="CC2420TransmitP"/>
      <type-interface alignment="I:2" size="I:2"><interface-ref name="PacketTimeStamp" ref="0x2ac2c3e59460" scoped=""/></type-interface>
      <instance>
        <interfacedef-ref nicename="PacketTimeStamp" qname="PacketTimeStamp"/>
        <arguments>
          <type-tag alignment="I:2" size="I:2"><struct-ref ref="0x2ac2c33df788"/>
            <typename><typedef-ref name="T32khz" ref="0x2ac2c33dfae0"/></typename>
          </type-tag>
          <type-int alignment="I:2" cname="unsigned long" size="I:4" unsigned="">
            <typename><typedef-ref name="uint32_t" ref="0x2ac2c209b020"/></typename>
          </type-int>
        </arguments>
      </instance>
      <interface-functions>
        <function-ref name="timestamp" ref="0x2ac2c3e58900" scoped=""/>
        <function-ref name="clear" ref="0x2ac2c3e56020" scoped=""/>
        <function-ref name="isValid" ref="0x2ac2c3e58220" scoped=""/>
        <function-ref name="set" ref="0x2ac2c3e56700" scoped=""/>
      </interface-functions>
    </interface><interface loc="78:/home/kasper/tinyos-main//tos/chips/cc2420/transmit/CC2420TransmitP.nc" name="SECCTRL1" provided="0" ref="0x2ac2c3e44de0">
      <component-ref nicename="CC2420TransmitP" qname="CC2420TransmitP"/>
      <type-interface alignment="I:2" size="I:2"><interface-ref name="SECCTRL1" ref="0x2ac2c3e44de0" scoped=""/></type-interface>
      <instance>
        <interfacedef-ref nicename="CC2420Register" qname="CC2420Register"/>
      </instance>
      <interface-functions>
        <function-ref name="read" ref="0x2ac2c3e43170" scoped=""/>
        <function-ref name="write" ref="0x2ac2c3e432f8" scoped=""/>
      </interface-functions>
    </interface><interface loc="79:/home/kasper/tinyos-main//tos/chips/cc2420/transmit/CC2420TransmitP.nc" name="KEY0" provided="0" ref="0x2ac2c3e43650">
      <component-ref nicename="CC2420TransmitP" qname="CC2420TransmitP"/>
      <type-interface alignment="I:2" size="I:2"><interface-ref name="KEY0" ref="0x2ac2c3e43650" scoped=""/></type-interface>
      <instance>
        <interfacedef-ref nicename="CC2420Ram" qname="CC2420Ram"/>
      </instance>
      <interface-functions>
        <function-ref name="read" ref="0x2ac2c3e439a0" scoped=""/>
        <function-ref name="write" ref="0x2ac2c3e43b28" scoped=""/>
      </interface-functions>
    </interface><interface loc="52:/home/kasper/tinyos-main//tos/chips/cc2420/transmit/CC2420TransmitP.nc" name="EnergyIndicator" provided="1" ref="0x2ac2c3e60738">
      <component-ref nicename="CC2420TransmitP" qname="CC2420TransmitP"/>
      <type-interface alignment="I:2" size="I:2"><interface-ref name="EnergyIndicator" ref="0x2ac2c3e60738" scoped=""/></type-interface>
      <instance>
        <interfacedef-ref nicename="ReceiveIndicator" qname="ReceiveIndicator"/>
      </instance>
      <interface-functions>
        <function-ref name="isReceiving" ref="0x2ac2c3e60a88" scoped=""/>
      </interface-functions>
    </interface><interface loc="72:/home/kasper/tinyos-main//tos/chips/cc2420/transmit/CC2420TransmitP.nc" name="STXONCCA" provided="0" ref="0x2ac2c3e46478">
      <component-ref nicename="CC2420TransmitP" qname="CC2420TransmitP"/>
      <type-interface alignment="I:2" size="I:2"><interface-ref name="STXONCCA" ref="0x2ac2c3e46478" scoped=""/></type-interface>
      <instance>
        <interfacedef-ref nicename="CC2420Strobe" qname="CC2420Strobe"/>
      </instance>
      <interface-functions>
        <function-ref name="strobe" ref="0x2ac2c3e467c8" scoped=""/>
      </interface-functions>
    </interface><interface loc="60:/home/kasper/tinyos-main//tos/chips/cc2420/transmit/CC2420TransmitP.nc" name="CaptureSFD" provided="0" ref="0x2ac2c3e4dd60">
      <component-ref nicename="CC2420TransmitP" qname="CC2420TransmitP"/>
      <type-interface alignment="I:2" size="I:2"><interface-ref name="CaptureSFD" ref="0x2ac2c3e4dd60" scoped=""/></type-interface>
      <instance>
        <interfacedef-ref nicename="GpioCapture" qname="GpioCapture"/>
      </instance>
      <interface-functions>
        <function-ref name="captureFallingEdge" ref="0x2ac2c3e540d8" scoped=""/>
        <function-ref name="disable" ref="0x2ac2c3e54260" scoped=""/>
        <function-ref name="captured" ref="0x2ac2c3e543e8" scoped=""/>
        <function-ref name="captureRisingEdge" ref="0x2ac2c3e54570" scoped=""/>
      </interface-functions>
    </interface><interface loc="55:/home/kasper/tinyos-main//tos/chips/cc2420/transmit/CC2420TransmitP.nc" name="BackoffTimer" provided="0" ref="0x2ac2c3e5f820">
      <component-ref nicename="CC2420TransmitP" qname="CC2420TransmitP"/>
      <type-interface alignment="I:2" size="I:2"><interface-ref name="BackoffTimer" ref="0x2ac2c3e5f820" scoped=""/></type-interface>
      <instance>
        <interfacedef-ref nicename="Alarm" qname="Alarm"/>
        <arguments>
          <type-tag alignment="I:2" size="I:2"><struct-ref ref="0x2ac2c33df788"/>
            <typename><typedef-ref name="T32khz" ref="0x2ac2c33dfae0"/></typename>
          </type-tag>
          <type-int alignment="I:2" cname="unsigned long" size="I:4" unsigned="">
            <typename><typedef-ref name="uint32_t" ref="0x2ac2c209b020"/></typename>
          </type-int>
        </arguments>
      </instance>
      <interface-functions>
        <function-ref name="getNow" ref="0x2ac2c3e5b020" scoped=""/>
        <function-ref name="fired" ref="0x2ac2c3e5d020" scoped=""/>
        <function-ref name="startAt" ref="0x2ac2c3e5d930" scoped=""/>
        <function-ref name="isRunning" ref="0x2ac2c3e5d4a8" scoped=""/>
        <function-ref name="getAlarm" ref="0x2ac2c3e5b4a8" scoped=""/>
        <function-ref name="start" ref="0x2ac2c3e5e598" scoped=""/>
        <function-ref name="stop" ref="0x2ac2c3e5ea70" scoped=""/>
      </interface-functions>
    </interface><interface loc="56:/home/kasper/tinyos-main//tos/chips/cc2420/transmit/CC2420TransmitP.nc" name="CC2420Packet" provided="0" ref="0x2ac2c3e5b940">
      <component-ref nicename="CC2420TransmitP" qname="CC2420TransmitP"/>
      <type-interface alignment="I:2" size="I:2"><interface-ref name="CC2420Packet" ref="0x2ac2c3e5b940" scoped=""/></type-interface>
      <instance>
        <interfacedef-ref nicename="CC2420Packet" qname="CC2420Packet"/>
      </instance>
      <interface-functions>
        <function-ref name="setPower" ref="0x2ac2c3e5bc90" scoped=""/>
        <function-ref name="setNetwork" ref="0x2ac2c3e5be18" scoped=""/>
        <function-ref name="getRssi" ref="0x2ac2c3e5a020" scoped=""/>
        <function-ref name="getNetwork" ref="0x2ac2c3e5a1a8" scoped=""/>
        <function-ref name="getPower" ref="0x2ac2c3e5a330" scoped=""/>
        <function-ref name="getLqi" ref="0x2ac2c3e5a4b8" scoped=""/>
      </interface-functions>
    </interface><interface loc="68:/home/kasper/tinyos-main//tos/chips/cc2420/transmit/CC2420TransmitP.nc" name="TXFIFO_RAM" provided="0" ref="0x2ac2c3e48538">
      <component-ref nicename="CC2420TransmitP" qname="CC2420TransmitP"/>
      <type-interface alignment="I:2" size="I:2"><interface-ref name="TXFIFO_RAM" ref="0x2ac2c3e48538" scoped=""/></type-interface>
      <instance>
        <interfacedef-ref nicename="CC2420Ram" qname="CC2420Ram"/>
      </instance>
      <interface-functions>
        <function-ref name="read" ref="0x2ac2c3e48888" scoped=""/>
        <function-ref name="write" ref="0x2ac2c3e48a10" scoped=""/>
      </interface-functions>
    </interface><interface loc="69:/home/kasper/tinyos-main//tos/chips/cc2420/transmit/CC2420TransmitP.nc" name="TXCTRL" provided="0" ref="0x2ac2c3e48da8">
      <component-ref nicename="CC2420TransmitP" qname="CC2420TransmitP"/>
      <type-interface alignment="I:2" size="I:2"><interface-ref name="TXCTRL" ref="0x2ac2c3e48da8" scoped=""/></type-interface>
      <instance>
        <interfacedef-ref nicename="CC2420Register" qname="CC2420Register"/>
      </instance>
      <interface-functions>
        <function-ref name="read" ref="0x2ac2c3e47170" scoped=""/>
        <function-ref name="write" ref="0x2ac2c3e472f8" scoped=""/>
      </interface-functions>
    </interface><interface loc="83:/home/kasper/tinyos-main//tos/chips/cc2420/transmit/CC2420TransmitP.nc" name="CC2420Receive" provided="0" ref="0x2ac2c3e98750">
      <component-ref nicename="CC2420TransmitP" qname="CC2420TransmitP"/>
      <type-interface alignment="I:2" size="I:2"><interface-ref name="CC2420Receive" ref="0x2ac2c3e98750" scoped=""/></type-interface>
      <instance>
        <interfacedef-ref nicename="CC2420Receive" qname="CC2420Receive"/>
      </instance>
      <interface-functions>
        <function-ref name="receive" ref="0x2ac2c3e98aa0" scoped=""/>
        <function-ref name="sfd_dropped" ref="0x2ac2c3e98c28" scoped=""/>
        <function-ref name="sfd" ref="0x2ac2c3e98db0" scoped=""/>
      </interface-functions>
    </interface><interface loc="50:/home/kasper/tinyos-main//tos/chips/cc2420/transmit/CC2420TransmitP.nc" name="Send" provided="1" ref="0x2ac2c3e629f8">
      <component-ref nicename="CC2420TransmitP" qname="CC2420TransmitP"/>
      <type-interface alignment="I:2" size="I:2"><interface-ref name="Send" ref="0x2ac2c3e629f8" scoped=""/></type-interface>
      <instance>
        <interfacedef-ref nicename="CC2420Transmit" qname="CC2420Transmit"/>
      </instance>
      <interface-functions>
        <function-ref name="send" ref="0x2ac2c3e62d48" scoped=""/>
        <function-ref name="cancel" ref="0x2ac2c3e61020" scoped=""/>
        <function-ref name="modify" ref="0x2ac2c3e611a8" scoped=""/>
        <function-ref name="sendDone" ref="0x2ac2c3e61330" scoped=""/>
        <function-ref name="resend" ref="0x2ac2c3e614b8" scoped=""/>
      </interface-functions>
    </interface><interface loc="66:/home/kasper/tinyos-main//tos/chips/cc2420/transmit/CC2420TransmitP.nc" name="ChipSpiResource" provided="0" ref="0x2ac2c3e4acb0">
      <component-ref nicename="CC2420TransmitP" qname="CC2420TransmitP"/>
      <type-interface alignment="I:2" size="I:2"><interface-ref name="ChipSpiResource" ref="0x2ac2c3e4acb0" scoped=""/></type-interface>
      <instance>
        <interfacedef-ref nicename="ChipSpiResource" qname="ChipSpiResource"/>
      </instance>
      <interface-functions>
        <function-ref name="releasing" ref="0x2ac2c3e490a0" scoped=""/>
        <function-ref name="abortRelease" ref="0x2ac2c3e49228" scoped=""/>
        <function-ref name="attemptRelease" ref="0x2ac2c3e493b0" scoped=""/>
      </interface-functions>
    </interface><interface loc="73:/home/kasper/tinyos-main//tos/chips/cc2420/transmit/CC2420TransmitP.nc" name="SFLUSHTX" provided="0" ref="0x2ac2c3e46b68">
      <component-ref nicename="CC2420TransmitP" qname="CC2420TransmitP"/>
      <type-interface alignment="I:2" size="I:2"><interface-ref name="SFLUSHTX" ref="0x2ac2c3e46b68" scoped=""/></type-interface>
      <instance>
        <interfacedef-ref nicename="CC2420Strobe" qname="CC2420Strobe"/>
      </instance>
      <interface-functions>
        <function-ref name="strobe" ref="0x2ac2c3e45020" scoped=""/>
      </interface-functions>
    </interface><interface loc="62:/home/kasper/tinyos-main//tos/chips/cc2420/transmit/CC2420TransmitP.nc" name="CSN" provided="0" ref="0x2ac2c3e53c98">
      <component-ref nicename="CC2420TransmitP" qname="CC2420TransmitP"/>
      <type-interface alignment="I:2" size="I:2"><interface-ref name="CSN" ref="0x2ac2c3e53c98" scoped=""/></type-interface>
      <instance>
        <interfacedef-ref nicename="GeneralIO" qname="GeneralIO"/>
      </instance>
      <interface-functions>
        <function-ref name="makeInput" ref="0x2ac2c3e50020" scoped=""/>
        <function-ref name="isInput" ref="0x2ac2c3e501a8" scoped=""/>
        <function-ref name="toggle" ref="0x2ac2c3e50330" scoped=""/>
        <function-ref name="isOutput" ref="0x2ac2c3e504b8" scoped=""/>
        <function-ref name="get" ref="0x2ac2c3e50640" scoped=""/>
        <function-ref name="makeOutput" ref="0x2ac2c3e507c8" scoped=""/>
        <function-ref name="set" ref="0x2ac2c3e50950" scoped=""/>
        <function-ref name="clr" ref="0x2ac2c3e50ad8" scoped=""/>
      </interface-functions>
    </interface><interface loc="48:/home/kasper/tinyos-main//tos/chips/cc2420/transmit/CC2420TransmitP.nc" name="Init" provided="1" ref="0x2ac2c3e64b28">
      <component-ref nicename="CC2420TransmitP" qname="CC2420TransmitP"/>
      <type-interface alignment="I:2" size="I:2"><interface-ref name="Init" ref="0x2ac2c3e64b28" scoped=""/></type-interface>
      <instance>
        <interfacedef-ref nicename="Init" qname="Init"/>
      </instance>
      <interface-functions>
        <function-ref name="init" ref="0x2ac2c3e64e78" scoped=""/>
      </interface-functions>
    </interface><interface loc="57:/home/kasper/tinyos-main//tos/chips/cc2420/transmit/CC2420TransmitP.nc" name="CC2420PacketBody" provided="0" ref="0x2ac2c3e5a7e8">
      <component-ref nicename="CC2420TransmitP" qname="CC2420TransmitP"/>
      <type-interface alignment="I:2" size="I:2"><interface-ref name="CC2420PacketBody" ref="0x2ac2c3e5a7e8" scoped=""/></type-interface>
      <instance>
        <interfacedef-ref nicename="CC2420PacketBody" qname="CC2420PacketBody"/>
      </instance>
      <interface-functions>
        <function-ref name="getPayload" ref="0x2ac2c3e5ab38" scoped=""/>
        <function-ref name="getHeader" ref="0x2ac2c3e5acc0" scoped=""/>
        <function-ref name="getMetadata" ref="0x2ac2c3e5ae48" scoped=""/>
      </interface-functions>
    </interface><interface loc="59:/home/kasper/tinyos-main//tos/chips/cc2420/transmit/CC2420TransmitP.nc" name="PacketTimeSyncOffset" provided="0" ref="0x2ac2c3e4d1d8">
      <component-ref nicename="CC2420TransmitP" qname="CC2420TransmitP"/>
      <type-interface alignment="I:2" size="I:2"><interface-ref name="PacketTimeSyncOffset" ref="0x2ac2c3e4d1d8" scoped=""/></type-interface>
      <instance>
        <interfacedef-ref nicename="PacketTimeSyncOffset" qname="PacketTimeSyncOffset"/>
      </instance>
      <interface-functions>
        <function-ref name="get" ref="0x2ac2c3e4d528" scoped=""/>
        <function-ref name="isSet" ref="0x2ac2c3e4d6b0" scoped=""/>
        <function-ref name="cancel" ref="0x2ac2c3e4d838" scoped=""/>
        <function-ref name="set" ref="0x2ac2c3e4d9c0" scoped=""/>
      </interface-functions>
    </interface><interface loc="74:/home/kasper/tinyos-main//tos/chips/cc2420/transmit/CC2420TransmitP.nc" name="MDMCTRL1" provided="0" ref="0x2ac2c3e453d0">
      <component-ref nicename="CC2420TransmitP" qname="CC2420TransmitP"/>
      <type-interface alignment="I:2" size="I:2"><interface-ref name="MDMCTRL1" ref="0x2ac2c3e453d0" scoped=""/></type-interface>
      <instance>
        <interfacedef-ref nicename="CC2420Register" qname="CC2420Register"/>
      </instance>
      <interface-functions>
        <function-ref name="read" ref="0x2ac2c3e45920" scoped=""/>
        <function-ref name="write" ref="0x2ac2c3e45aa8" scoped=""/>
      </interface-functions>
    </interface><interface loc="65:/home/kasper/tinyos-main//tos/chips/cc2420/transmit/CC2420TransmitP.nc" name="SpiResource" provided="0" ref="0x2ac2c3e4a020">
      <component-ref nicename="CC2420TransmitP" qname="CC2420TransmitP"/>
      <type-interface alignment="I:2" size="I:2"><interface-ref name="SpiResource" ref="0x2ac2c3e4a020" scoped=""/></type-interface>
      <instance>
        <interfacedef-ref nicename="Resource" qname="Resource"/>
      </instance>
      <interface-functions>
        <function-ref name="release" ref="0x2ac2c3e4a370" scoped=""/>
        <function-ref name="immediateRequest" ref="0x2ac2c3e4a4f8" scoped=""/>
        <function-ref name="request" ref="0x2ac2c3e4a680" scoped=""/>
        <function-ref name="granted" ref="0x2ac2c3e4a808" scoped=""/>
        <function-ref name="isOwner" ref="0x2ac2c3e4a990" scoped=""/>
      </interface-functions>
    </interface><interface loc="61:/home/kasper/tinyos-main//tos/chips/cc2420/transmit/CC2420TransmitP.nc" name="CCA" provided="0" ref="0x2ac2c3e548b8">
      <component-ref nicename="CC2420TransmitP" qname="CC2420TransmitP"/>
      <type-interface alignment="I:2" size="I:2"><interface-ref name="CCA" ref="0x2ac2c3e548b8" scoped=""/></type-interface>
      <instance>
        <interfacedef-ref nicename="GeneralIO" qname="GeneralIO"/>
      </instance>
      <interface-functions>
        <function-ref name="makeInput" ref="0x2ac2c3e54d08" scoped=""/>
        <function-ref name="isInput" ref="0x2ac2c3e53020" scoped=""/>
        <function-ref name="toggle" ref="0x2ac2c3e531a8" scoped=""/>
        <function-ref name="isOutput" ref="0x2ac2c3e53330" scoped=""/>
        <function-ref name="get" ref="0x2ac2c3e534b8" scoped=""/>
        <function-ref name="makeOutput" ref="0x2ac2c3e53640" scoped=""/>
        <function-ref name="set" ref="0x2ac2c3e537c8" scoped=""/>
        <function-ref name="clr" ref="0x2ac2c3e53950" scoped=""/>
      </interface-functions>
    </interface><interface loc="80:/home/kasper/tinyos-main//tos/chips/cc2420/transmit/CC2420TransmitP.nc" name="KEY1" provided="0" ref="0x2ac2c3e43e80">
      <component-ref nicename="CC2420TransmitP" qname="CC2420TransmitP"/>
      <type-interface alignment="I:2" size="I:2"><interface-ref name="KEY1" ref="0x2ac2c3e43e80" scoped=""/></type-interface>
      <instance>
        <interfacedef-ref nicename="CC2420Ram" qname="CC2420Ram"/>
      </instance>
      <interface-functions>
        <function-ref name="read" ref="0x2ac2c3e9f1f8" scoped=""/>
        <function-ref name="write" ref="0x2ac2c3e9f380" scoped=""/>
      </interface-functions>
    </interface><interface loc="81:/home/kasper/tinyos-main//tos/chips/cc2420/transmit/CC2420TransmitP.nc" name="TXNONCE" provided="0" ref="0x2ac2c3e9f6f0">
      <component-ref nicename="CC2420TransmitP" qname="CC2420TransmitP"/>
      <type-interface alignment="I:2" size="I:2"><interface-ref name="TXNONCE" ref="0x2ac2c3e9f6f0" scoped=""/></type-interface>
      <instance>
        <interfacedef-ref nicename="CC2420Ram" qname="CC2420Ram"/>
      </instance>
      <interface-functions>
        <function-ref name="read" ref="0x2ac2c3e9fa40" scoped=""/>
        <function-ref name="write" ref="0x2ac2c3e9fbc8" scoped=""/>
      </interface-functions>
    </interface><interface loc="70:/home/kasper/tinyos-main//tos/chips/cc2420/transmit/CC2420TransmitP.nc" name="SNOP" provided="0" ref="0x2ac2c3e47670">
      <component-ref nicename="CC2420TransmitP" qname="CC2420TransmitP"/>
      <type-interface alignment="I:2" size="I:2"><interface-ref name="SNOP" ref="0x2ac2c3e47670" scoped=""/></type-interface>
      <instance>
        <interfacedef-ref nicename="CC2420Strobe" qname="CC2420Strobe"/>
      </instance>
      <interface-functions>
        <function-ref name="strobe" ref="0x2ac2c3e479c0" scoped=""/>
      </interface-functions>
    </interface><interface loc="63:/home/kasper/tinyos-main//tos/chips/cc2420/transmit/CC2420TransmitP.nc" name="SFD" provided="0" ref="0x2ac2c3e50e20">
      <component-ref nicename="CC2420TransmitP" qname="CC2420TransmitP"/>
      <type-interface alignment="I:2" size="I:2"><interface-ref name="SFD" ref="0x2ac2c3e50e20" scoped=""/></type-interface>
      <instance>
        <interfacedef-ref nicename="GeneralIO" qname="GeneralIO"/>
      </instance>
      <interface-functions>
        <function-ref name="makeInput" ref="0x2ac2c3e4b1a8" scoped=""/>
        <function-ref name="isInput" ref="0x2ac2c3e4b330" scoped=""/>
        <function-ref name="toggle" ref="0x2ac2c3e4b4b8" scoped=""/>
        <function-ref name="isOutput" ref="0x2ac2c3e4b640" scoped=""/>
        <function-ref name="get" ref="0x2ac2c3e4b7c8" scoped=""/>
        <function-ref name="makeOutput" ref="0x2ac2c3e4b950" scoped=""/>
        <function-ref name="set" ref="0x2ac2c3e4bad8" scoped=""/>
        <function-ref name="clr" ref="0x2ac2c3e4bc60" scoped=""/>
      </interface-functions>
    </interface><interface loc="84:/home/kasper/tinyos-main//tos/chips/cc2420/transmit/CC2420TransmitP.nc" name="Leds" provided="0" ref="0x2ac2c3e9d0c0">
      <component-ref nicename="CC2420TransmitP" qname="CC2420TransmitP"/>
      <type-interface alignment="I:2" size="I:2"><interface-ref name="Leds" ref="0x2ac2c3e9d0c0" scoped=""/></type-interface>
      <instance>
        <interfacedef-ref nicename="Leds" qname="Leds"/>
      </instance>
      <interface-functions>
        <function-ref name="led0Off" ref="0x2ac2c3e9d410" scoped=""/>
        <function-ref name="led0Toggle" ref="0x2ac2c3e9d598" scoped=""/>
        <function-ref name="led1On" ref="0x2ac2c3e9d720" scoped=""/>
        <function-ref name="led1Toggle" ref="0x2ac2c3e9d8a8" scoped=""/>
        <function-ref name="led2Toggle" ref="0x2ac2c3e9da30" scoped=""/>
        <function-ref name="get" ref="0x2ac2c3e9dbb8" scoped=""/>
        <function-ref name="led1Off" ref="0x2ac2c3e9dd40" scoped=""/>
        <function-ref name="led2Off" ref="0x2ac2c3e9c4b8" scoped=""/>
        <function-ref name="set" ref="0x2ac2c3e9c020" scoped=""/>
        <function-ref name="led0On" ref="0x2ac2c3e9c1a8" scoped=""/>
        <function-ref name="led2On" ref="0x2ac2c3e9c330" scoped=""/>
      </interface-functions>
    </interface><interface loc="77:/home/kasper/tinyos-main//tos/chips/cc2420/transmit/CC2420TransmitP.nc" name="SECCTRL0" provided="0" ref="0x2ac2c3e44558">
      <component-ref nicename="CC2420TransmitP" qname="CC2420TransmitP"/>
      <type-interface alignment="I:2" size="I:2"><interface-ref name="SECCTRL0" ref="0x2ac2c3e44558" scoped=""/></type-interface>
      <instance>
        <interfacedef-ref nicename="CC2420Register" qname="CC2420Register"/>
      </instance>
      <interface-functions>
        <function-ref name="read" ref="0x2ac2c3e448a8" scoped=""/>
        <function-ref name="write" ref="0x2ac2c3e44a30" scoped=""/>
      </interface-functions>
    </interface><interface loc="49:/home/kasper/tinyos-main//tos/chips/cc2420/transmit/CC2420TransmitP.nc" name="StdControl" provided="1" ref="0x2ac2c3e62198">
      <component-ref nicename="CC2420TransmitP" qname="CC2420TransmitP"/>
      <type-interface alignment="I:2" size="I:2"><interface-ref name="StdControl" ref="0x2ac2c3e62198" scoped=""/></type-interface>
      <instance>
        <interfacedef-ref nicename="StdControl" qname="StdControl"/>
      </instance>
      <interface-functions>
        <function-ref name="start" ref="0x2ac2c3e624e8" scoped=""/>
        <function-ref name="stop" ref="0x2ac2c3e62670" scoped=""/>
      </interface-functions>
    </interface><interface loc="67:/home/kasper/tinyos-main//tos/chips/cc2420/transmit/CC2420TransmitP.nc" name="TXFIFO" provided="0" ref="0x2ac2c3e49720">
      <component-ref nicename="CC2420TransmitP" qname="CC2420TransmitP"/>
      <type-interface alignment="I:2" size="I:2"><interface-ref name="TXFIFO" ref="0x2ac2c3e49720" scoped=""/></type-interface>
      <instance>
        <interfacedef-ref nicename="CC2420Fifo" qname="CC2420Fifo"/>
      </instance>
      <interface-functions>
        <function-ref name="continueRead" ref="0x2ac2c3e49a70" scoped=""/>
        <function-ref name="writeDone" ref="0x2ac2c3e49bf8" scoped=""/>
        <function-ref name="write" ref="0x2ac2c3e49d80" scoped=""/>
        <function-ref name="beginRead" ref="0x2ac2c3e48020" scoped=""/>
        <function-ref name="readDone" ref="0x2ac2c3e481a8" scoped=""/>
      </interface-functions>
    </interface><interface loc="71:/home/kasper/tinyos-main//tos/chips/cc2420/transmit/CC2420TransmitP.nc" name="STXON" provided="0" ref="0x2ac2c3e47d40">
      <component-ref nicename="CC2420TransmitP" qname="CC2420TransmitP"/>
      <type-interface alignment="I:2" size="I:2"><interface-ref name="STXON" ref="0x2ac2c3e47d40" scoped=""/></type-interface>
      <instance>
        <interfacedef-ref nicename="CC2420Strobe" qname="CC2420Strobe"/>
      </instance>
      <interface-functions>
        <function-ref name="strobe" ref="0x2ac2c3e460d8" scoped=""/>
      </interface-functions>
    </interface><interface loc="76:/home/kasper/tinyos-main//tos/chips/cc2420/transmit/CC2420TransmitP.nc" name="STXENC" provided="0" ref="0x2ac2c3e45e30">
      <component-ref nicename="CC2420TransmitP" qname="CC2420TransmitP"/>
      <type-interface alignment="I:2" size="I:2"><interface-ref name="STXENC" ref="0x2ac2c3e45e30" scoped=""/></type-interface>
      <instance>
        <interfacedef-ref nicename="CC2420Strobe" qname="CC2420Strobe"/>
      </instance>
      <interface-functions>
        <function-ref name="strobe" ref="0x2ac2c3e441a8" scoped=""/>
      </interface-functions>
    </interface><interface loc="53:/home/kasper/tinyos-main//tos/chips/cc2420/transmit/CC2420TransmitP.nc" name="ByteIndicator" provided="1" ref="0x2ac2c3e60e80">
      <component-ref nicename="CC2420TransmitP" qname="CC2420TransmitP"/>
      <type-interface alignment="I:2" size="I:2"><interface-ref name="ByteIndicator" ref="0x2ac2c3e60e80" scoped=""/></type-interface>
      <instance>
        <interfacedef-ref nicename="ReceiveIndicator" qname="ReceiveIndicator"/>
      </instance>
      <interface-functions>
        <function-ref name="isReceiving" ref="0x2ac2c3e5f1f8" scoped=""/>
      </interface-functions>
    </interface></specification><referenced/></component>