<?xml version="1.0" ?><component loc="41:/home/kasper/tinyos-main//tos/chips/msp430/timer/Counter32khz32C.nc" nicename="Counter32khz32C" qname="Counter32khz32C">
      <documentation loc="33:/home/kasper/tinyos-main//tos/chips/msp430/timer/Counter32khz32C.nc">
        <short>
 Counter32khz32C provides at 32-bit counter at 32768 ticks per second.</short>
        <long>
 Counter32khz32C provides at 32-bit counter at 32768 ticks per second.

 @author Cory Sharp &lt;cssharp@eecs.berkeley.edu&gt;
 @see  Please refer to TEP 102 for more information about this component and its
          intended use.
</long>
      </documentation>
      <configuration/>
      <wiring>
        <wire loc="50:/home/kasper/tinyos-main//tos/chips/msp430/timer/Counter32khz32C.nc">
          <from><interface-ref name="Counter" ref="0x2ac2c3888730" scoped=""/></from>
          <to><interface-ref name="Counter" ref="0x2ac2c38c50e0" scoped=""/></to>
        </wire>
        <wire loc="52:/home/kasper/tinyos-main//tos/chips/msp430/timer/Counter32khz32C.nc">
          <from><interface-ref name="CounterFrom" ref="0x2ac2c38c32b0" scoped=""/></from>
          <to><interface-ref name="Msp430Counter32khz" ref="0x2ac2c3483b98" scoped=""/></to>
        </wire>
      </wiring>
    <specification><interface loc="43:/home/kasper/tinyos-main//tos/chips/msp430/timer/Counter32khz32C.nc" name="Counter" provided="1" ref="0x2ac2c3888730">
      <component-ref nicename="Counter32khz32C" qname="Counter32khz32C"/>
      <type-interface alignment="I:2" size="I:2"><interface-ref name="Counter" ref="0x2ac2c3888730" scoped=""/></type-interface>
      <instance>
        <interfacedef-ref nicename="Counter" qname="Counter"/>
        <arguments>
          <type-tag alignment="I:2" size="I:2"><struct-ref ref="0x2ac2c33df788"/>
            <typename><typedef-ref name="T32khz" ref="0x2ac2c33dfae0"/></typename>
          </type-tag>
          <type-int alignment="I:2" cname="unsigned long" size="I:4" unsigned="">
            <typename><typedef-ref name="uint32_t" ref="0x2ac2c209b020"/></typename>
          </type-int>
        </arguments>
      </instance>
      <interface-functions>
        <function-ref name="get" ref="0x2ac2c3884578" scoped=""/>
        <function-ref name="clearOverflow" ref="0x2ac2c3883020" scoped=""/>
        <function-ref name="isOverflowPending" ref="0x2ac2c3884a00" scoped=""/>
        <function-ref name="overflow" ref="0x2ac2c38834a8" scoped=""/>
      </interface-functions>
    </interface></specification><referenced><interface loc="43:/home/kasper/tinyos-main//tos/chips/msp430/timer/Msp430Counter32khzC.nc" name="Msp430Counter32khz" provided="1" ref="0x2ac2c3483b98">
      <component-ref nicename="Msp430Counter32khzC" qname="Msp430Counter32khzC"/>
      <type-interface alignment="I:2" size="I:2"><interface-ref name="Msp430Counter32khz" ref="0x2ac2c3483b98" scoped=""/></type-interface>
      <instance>
        <interfacedef-ref nicename="Counter" qname="Counter"/>
        <arguments>
          <type-tag alignment="I:2" size="I:2"><struct-ref ref="0x2ac2c33df788"/>
            <typename><typedef-ref name="T32khz" ref="0x2ac2c33dfae0"/></typename>
          </type-tag>
          <type-int alignment="I:2" cname="unsigned int" size="I:2" unsigned="">
            <typename><typedef-ref name="uint16_t" ref="0x2ac2c209ab20"/></typename>
          </type-int>
        </arguments>
      </instance>
      <interface-functions>
        <function-ref name="get" ref="0x2ac2c3480930" scoped=""/>
        <function-ref name="clearOverflow" ref="0x2ac2c347f270" scoped=""/>
        <function-ref name="isOverflowPending" ref="0x2ac2c3480db8" scoped=""/>
        <function-ref name="overflow" ref="0x2ac2c347f6f8" scoped=""/>
      </interface-functions>
    </interface><interface loc="63:/home/kasper/tinyos-main//tos/lib/timer/TransformCounterC.nc" name="CounterFrom" provided="0" ref="0x2ac2c38c32b0">
      <component-ref nicename="Counter32khz32C.Transform" qname="Counter32khz32C.Transform"/>
      <type-interface alignment="I:2" size="I:2"><interface-ref name="CounterFrom" ref="0x2ac2c38c32b0" scoped=""/></type-interface>
      <instance>
        <interfacedef-ref nicename="Counter" qname="Counter"/>
        <arguments>
          <type-tag alignment="I:2" size="I:2"><struct-ref ref="0x2ac2c33df788"/>
            <typename><typedef-ref name="T32khz" ref="0x2ac2c33dfae0"/></typename>
          </type-tag>
          <type-int alignment="I:2" cname="unsigned int" size="I:2" unsigned="">
            <typename><typedef-ref name="uint16_t" ref="0x2ac2c209ab20"/></typename>
          </type-int>
        </arguments>
      </instance>
      <interface-functions>
        <function-ref name="get" ref="0x2ac2c38c1088" scoped=""/>
        <function-ref name="clearOverflow" ref="0x2ac2c38c1998" scoped=""/>
        <function-ref name="isOverflowPending" ref="0x2ac2c38c1510" scoped=""/>
        <function-ref name="overflow" ref="0x2ac2c38c1e20" scoped=""/>
      </interface-functions>
    </interface><interface loc="62:/home/kasper/tinyos-main//tos/lib/timer/TransformCounterC.nc" name="Counter" provided="1" ref="0x2ac2c38c50e0">
      <component-ref nicename="Counter32khz32C.Transform" qname="Counter32khz32C.Transform"/>
      <type-interface alignment="I:2" size="I:2"><interface-ref name="Counter" ref="0x2ac2c38c50e0" scoped=""/></type-interface>
      <instance>
        <interfacedef-ref nicename="Counter" qname="Counter"/>
        <arguments>
          <type-tag alignment="I:2" size="I:2"><struct-ref ref="0x2ac2c33df788"/>
            <typename><typedef-ref name="T32khz" ref="0x2ac2c33dfae0"/></typename>
          </type-tag>
          <type-int alignment="I:2" cname="unsigned long" size="I:4" unsigned="">
            <typename><typedef-ref name="uint32_t" ref="0x2ac2c209b020"/></typename>
          </type-int>
        </arguments>
      </instance>
      <interface-functions>
        <function-ref name="get" ref="0x2ac2c38c5e30" scoped=""/>
        <function-ref name="clearOverflow" ref="0x2ac2c38c4798" scoped=""/>
        <function-ref name="isOverflowPending" ref="0x2ac2c38c4310" scoped=""/>
        <function-ref name="overflow" ref="0x2ac2c38c4c20" scoped=""/>
      </interface-functions>
    </interface><component loc="54(Counter32khz32C.Transform):/home/kasper/tinyos-main//tos/lib/timer/TransformCounterC.nc" nicename="Counter32khz32C.Transform" qname="Counter32khz32C.Transform">
      <documentation loc="34:/home/kasper/tinyos-main//tos/lib/timer/TransformCounterC.nc">
        <short>
 TransformCounterC decreases precision and/or widens an Counter.</short>
        <long>
 TransformCounterC decreases precision and/or widens an Counter.

 &lt;p&gt;See TEP102 for more details.

 @param to_precision_tag A type indicating the precision of the transformed
   Counter.
 @param to_size_type The type for the width of the transformed Counter.
 @param from_precision_tag A type indicating the precision of the original
   Counter.
 @param from_size_type The type for the width of the original Counter.
 @param bit_shift_right Original time units will be 2 to the power 
   &lt;code&gt;bit_shift_right&lt;/code&gt; larger than transformed time units.
 @param upper_count_type A type large enough to store the upper bits --
   those needed above from_size_type after its shift right to fill
   to_size_type.

 @author Cory Sharp &lt;cssharp@eecs.berkeley.edu&gt;
</long>
      </documentation>
      <instance number="1">
        <component-ref nicename="TransformCounterC" qname="TransformCounterC"/>
        <arguments>
          <type-tag alignment="I:2" size="I:2"><struct-ref ref="0x2ac2c33df788"/>
            <typename><typedef-ref name="T32khz" ref="0x2ac2c33dfae0"/></typename>
          </type-tag>
          <type-int alignment="I:2" cname="unsigned long" size="I:4" unsigned="">
            <typename><typedef-ref name="uint32_t" ref="0x2ac2c209b020"/></typename>
          </type-int>
          <type-tag alignment="I:2" size="I:2"><struct-ref ref="0x2ac2c33df788"/>
            <typename><typedef-ref name="T32khz" ref="0x2ac2c33dfae0"/></typename>
          </type-tag>
          <type-int alignment="I:2" cname="unsigned int" size="I:2" unsigned="">
            <typename><typedef-ref name="uint16_t" ref="0x2ac2c209ab20"/></typename>
          </type-int>
          <value cst="I:0">
            <type-int alignment="I:2" cname="int" size="I:2"/>
          </value>
          <type-int alignment="I:2" cname="unsigned int" size="I:2" unsigned="">
            <typename><typedef-ref name="uint16_t" ref="0x2ac2c209ab20"/></typename>
          </type-int>
        </arguments>
      </instance>
      <module/>
    </component><component loc="41:/home/kasper/tinyos-main//tos/chips/msp430/timer/Msp430Counter32khzC.nc" nicename="Msp430Counter32khzC" qname="Msp430Counter32khzC">
      <documentation loc="33:/home/kasper/tinyos-main//tos/chips/msp430/timer/Msp430Counter32khzC.nc">
        <short>
 Msp430Counter32khC provides the standard 32khz counter for the MSP430.</short>
        <long>
 Msp430Counter32khC provides the standard 32khz counter for the MSP430.

 @author Cory Sharp &lt;cssharp@eecs.berkeley.edu&gt;
 @see  Please refer to TEP 102 for more information about this component and its
          intended use.
</long>
      </documentation>
      <configuration/>
      <wiring>
        <wire loc="50:/home/kasper/tinyos-main//tos/chips/msp430/timer/Msp430Counter32khzC.nc">
          <from><interface-ref name="Msp430Counter32khz" ref="0x2ac2c3483b98" scoped=""/></from>
          <to><interface-ref name="Counter" ref="0x2ac2c347c020" scoped=""/></to>
        </wire>
        <wire loc="51:/home/kasper/tinyos-main//tos/chips/msp430/timer/Msp430Counter32khzC.nc">
          <from><interface-ref name="Msp430Timer" ref="0x2ac2c34a4020" scoped=""/></from>
          <to><interface-ref name="TimerB" ref="0x2ac2c2f09398" scoped=""/></to>
        </wire>
      </wiring>
    </component></referenced></component>