<?xml version="1.0" ?><component abstract="" loc="46:/home/kasper/tinyos-main//tos/lib/timer/CounterToLocalTimeC.nc" nicename="CounterToLocalTimeC" qname="CounterToLocalTimeC" safe="">
      <documentation loc="36:/home/kasper/tinyos-main//tos/lib/timer/CounterToLocalTimeC.nc">
        <short>
 CounterToLocalTimeC converts a 32-bit LocalTime to a Counter.</short>
        <long>
 CounterToLocalTimeC converts a 32-bit LocalTime to a Counter.  

 &lt;p&gt;See TEP102 for more details.
 @param precision_tag A type indicating the precision of the LocalTime and
 Counter being converted.

 @author Cory Sharp &lt;cssharp@eecs.berkeley.edu&gt;
</long>
      </documentation>
      <parameters>
        <typedef loc="46:/home/kasper/tinyos-main//tos/lib/timer/CounterToLocalTimeC.nc" name="precision_tag" ref="0x2ac2c357f510">
          <component-ref nicename="CounterToLocalTimeC" qname="CounterToLocalTimeC"/>
          <type-var alignment="U:" size="U:"><typedef-ref name="precision_tag" ref="0x2ac2c357f510" scoped=""/></type-var>
        </typedef>
      </parameters>
      <module/>
    <specification><interface loc="48:/home/kasper/tinyos-main//tos/lib/timer/CounterToLocalTimeC.nc" name="LocalTime" provided="1" ref="0x2ac2c357d020">
      <component-ref nicename="CounterToLocalTimeC" qname="CounterToLocalTimeC"/>
      <type-interface alignment="I:2" size="I:2"><interface-ref name="LocalTime" ref="0x2ac2c357d020" scoped=""/></type-interface>
      <instance>
        <interfacedef-ref nicename="LocalTime" qname="LocalTime"/>
        <arguments>
          <type-var alignment="U:" size="U:"><typedef-ref name="precision_tag" ref="0x2ac2c357f510" scoped=""/></type-var>
        </arguments>
      </instance>
      <interface-functions>
        <function-ref name="get" ref="0x2ac2c357dba0" scoped=""/>
      </interface-functions>
    </interface><interface loc="49:/home/kasper/tinyos-main//tos/lib/timer/CounterToLocalTimeC.nc" name="Counter" provided="0" ref="0x2ac2c357c370">
      <component-ref nicename="CounterToLocalTimeC" qname="CounterToLocalTimeC"/>
      <type-interface alignment="I:2" size="I:2"><interface-ref name="Counter" ref="0x2ac2c357c370" scoped=""/></type-interface>
      <instance>
        <interfacedef-ref nicename="Counter" qname="Counter"/>
        <arguments>
          <type-var alignment="U:" size="U:"><typedef-ref name="precision_tag" ref="0x2ac2c357f510" scoped=""/></type-var>
          <type-int alignment="I:2" cname="unsigned long" size="I:4" unsigned="">
            <typename><typedef-ref name="uint32_t" ref="0x2ac2c209b020"/></typename>
          </type-int>
        </arguments>
      </instance>
      <interface-functions>
        <function-ref name="get" ref="0x2ac2c357b0f8" scoped=""/>
        <function-ref name="clearOverflow" ref="0x2ac2c357ba08" scoped=""/>
        <function-ref name="isOverflowPending" ref="0x2ac2c357b580" scoped=""/>
        <function-ref name="overflow" ref="0x2ac2c357a020" scoped=""/>
      </interface-functions>
    </interface></specification><referenced/></component>