<?xml version="1.0" ?><component loc="11:/home/kasper/tinyos-main//tos/platforms/epic/chips/ds2411/Ds2411P.nc" nicename="Ds2411P" qname="Ds2411P">
      <module/>
    <specification><interface loc="16:/home/kasper/tinyos-main//tos/platforms/epic/chips/ds2411/Ds2411P.nc" name="OneWire" provided="0" ref="0x2ac2c3dcdc70">
      <component-ref nicename="Ds2411P" qname="Ds2411P"/>
      <type-interface alignment="I:2" size="I:2"><interface-ref name="OneWire" ref="0x2ac2c3dcdc70" scoped=""/></type-interface>
      <instance>
        <interfacedef-ref nicename="OneWireStream" qname="OneWireStream"/>
      </instance>
      <interface-functions>
        <function-ref name="read" ref="0x2ac2c3dd1020" scoped=""/>
        <function-ref name="write" ref="0x2ac2c3dd11a8" scoped=""/>
      </interface-functions>
    </interface><interface loc="13:/home/kasper/tinyos-main//tos/platforms/epic/chips/ds2411/Ds2411P.nc" name="ReadId48" provided="1" ref="0x2ac2c3dd2458">
      <component-ref nicename="Ds2411P" qname="Ds2411P"/>
      <type-interface alignment="I:2" size="I:2"><interface-ref name="ReadId48" ref="0x2ac2c3dd2458" scoped=""/></type-interface>
      <instance>
        <interfacedef-ref nicename="ReadId48" qname="ReadId48"/>
      </instance>
      <interface-functions>
        <function-ref name="read" ref="0x2ac2c3dd27a8" scoped=""/>
      </interface-functions>
    </interface></specification><referenced/></component>