<?xml version="1.0" ?><component loc="39:/home/kasper/tinyos-main//tos/chips/cc2420/lpl/DummyLplP.nc" nicename="DummyLplP" qname="DummyLplP">
      <documentation loc="32:/home/kasper/tinyos-main//tos/chips/cc2420/lpl/DummyLplP.nc">
        <short>
 Dummy low power listening interface used when LowPowerListening is not
 compiled in with the application.</short>
        <long>
 Dummy low power listening interface used when LowPowerListening is not
 compiled in with the application.
 Wakeup interval is always 0 (always on)
 @author David Moss
</long>
      </documentation>
      <module/>
    <specification><interface loc="41:/home/kasper/tinyos-main//tos/chips/cc2420/lpl/DummyLplP.nc" name="LowPowerListening" provided="1" ref="0x2ac2c4145170">
      <component-ref nicename="DummyLplP" qname="DummyLplP"/>
      <type-interface alignment="I:2" size="I:2"><interface-ref name="LowPowerListening" ref="0x2ac2c4145170" scoped=""/></type-interface>
      <instance>
        <interfacedef-ref nicename="LowPowerListening" qname="LowPowerListening"/>
      </instance>
      <interface-functions>
        <function-ref name="setRemoteWakeupInterval" ref="0x2ac2c41454c0" scoped=""/>
        <function-ref name="getRemoteWakeupInterval" ref="0x2ac2c4145648" scoped=""/>
        <function-ref name="getLocalWakeupInterval" ref="0x2ac2c41457d0" scoped=""/>
        <function-ref name="setLocalWakeupInterval" ref="0x2ac2c4145958" scoped=""/>
      </interface-functions>
    </interface></specification><referenced/></component>