<?xml version="1.0" ?><component abstract="" loc="42:/home/kasper/tinyos-main//tos/system/FcfsResourceQueueC.nc" nicename="FcfsResourceQueueC" qname="FcfsResourceQueueC" safe="">
      <parameters>
        <constant loc="42:/home/kasper/tinyos-main//tos/system/FcfsResourceQueueC.nc" name="size" ref="0x2ac2c3be1510">
          <component-ref nicename="FcfsResourceQueueC" qname="FcfsResourceQueueC"/>
          <type-int alignment="I:1" cname="unsigned char" size="I:1" unsigned="">
            <typename><typedef-ref name="uint8_t" ref="0x2ac2c209a790"/></typename>
          </type-int>
        </constant>
      </parameters>
      <module/>
    <specification><interface loc="44:/home/kasper/tinyos-main//tos/system/FcfsResourceQueueC.nc" name="Init" provided="1" ref="0x2ac2c3be1d30">
      <component-ref nicename="FcfsResourceQueueC" qname="FcfsResourceQueueC"/>
      <type-interface alignment="I:2" size="I:2"><interface-ref name="Init" ref="0x2ac2c3be1d30" scoped=""/></type-interface>
      <instance>
        <interfacedef-ref nicename="Init" qname="Init"/>
      </instance>
      <interface-functions>
        <function-ref name="init" ref="0x2ac2c3be00d8" scoped=""/>
      </interface-functions>
    </interface><interface loc="45:/home/kasper/tinyos-main//tos/system/FcfsResourceQueueC.nc" name="FcfsQueue" provided="1" ref="0x2ac2c3bdf0e0">
      <component-ref nicename="FcfsResourceQueueC" qname="FcfsResourceQueueC"/>
      <type-interface alignment="I:2" size="I:2"><interface-ref name="FcfsQueue" ref="0x2ac2c3bdf0e0" scoped=""/></type-interface>
      <instance>
        <interfacedef-ref nicename="ResourceQueue" qname="ResourceQueue"/>
      </instance>
      <interface-functions>
        <function-ref name="enqueue" ref="0x2ac2c3bdf430" scoped=""/>
        <function-ref name="isEmpty" ref="0x2ac2c3bdf5b8" scoped=""/>
        <function-ref name="isEnqueued" ref="0x2ac2c3bdf740" scoped=""/>
        <function-ref name="dequeue" ref="0x2ac2c3bdf8c8" scoped=""/>
      </interface-functions>
    </interface></specification><referenced/></component>