<?xml version="1.0" ?><component loc="43:/home/kasper/tinyos-main//tos/chips/msp430/timer/HilTimerMilliC.nc" nicename="HilTimerMilliC" qname="HilTimerMilliC">
      <documentation loc="33:/home/kasper/tinyos-main//tos/chips/msp430/timer/HilTimerMilliC.nc">
        <short>
 HilTimerMilliC provides a parameterized interface to a virtualized
 millisecond timer.</short>
        <long>
 HilTimerMilliC provides a parameterized interface to a virtualized
 millisecond timer.  TimerMilliC in tos/system/ uses this component to
 allocate new timers.

 @author Cory Sharp &lt;cssharp@eecs.berkeley.edu&gt;
 @see  Please refer to TEP 102 for more information about this component and its
          intended use.
</long>
      </documentation>
      <configuration/>
      <wiring>
        <wire loc="58:/home/kasper/tinyos-main//tos/chips/msp430/timer/HilTimerMilliC.nc">
          <from><interface-ref name="TimerMilli" ref="0x2ac2c33f74a0" scoped=""/></from>
          <to><interface-ref name="Timer" ref="0x2ac2c3554020" scoped=""/></to>
        </wire>
        <wire loc="59:/home/kasper/tinyos-main//tos/chips/msp430/timer/HilTimerMilliC.nc">
          <from><interface-ref name="LocalTime" ref="0x2ac2c33ee980" scoped=""/></from>
          <to><interface-ref name="LocalTime" ref="0x2ac2c3581c38" scoped=""/></to>
        </wire>
        <wire loc="57:/home/kasper/tinyos-main//tos/chips/msp430/timer/HilTimerMilliC.nc">
          <from><interface-ref name="Init" ref="0x2ac2c33fa768" scoped=""/></from>
          <to><interface-ref name="Init" ref="0x2ac2c34ea418" scoped=""/></to>
        </wire>
        <wire loc="61:/home/kasper/tinyos-main//tos/chips/msp430/timer/HilTimerMilliC.nc">
          <from><interface-ref name="TimerFrom" ref="0x2ac2c3588208" scoped=""/></from>
          <to><interface-ref name="Timer" ref="0x2ac2c34e4d88" scoped=""/></to>
        </wire>
        <wire loc="62:/home/kasper/tinyos-main//tos/chips/msp430/timer/HilTimerMilliC.nc">
          <from><interface-ref name="Alarm" ref="0x2ac2c352a020" scoped=""/></from>
          <to><interface-ref name="Alarm" ref="0x2ac2c34eac00" scoped=""/></to>
        </wire>
        <wire loc="63:/home/kasper/tinyos-main//tos/chips/msp430/timer/HilTimerMilliC.nc">
          <from><interface-ref name="Counter" ref="0x2ac2c3580e48" scoped=""/></from>
          <to><interface-ref name="Counter" ref="0x2ac2c3485d70" scoped=""/></to>
        </wire>
      </wiring>
    <specification><interface loc="46:/home/kasper/tinyos-main//tos/chips/msp430/timer/HilTimerMilliC.nc" name="TimerMilli" provided="1" ref="0x2ac2c33f74a0">
      <component-ref nicename="HilTimerMilliC" qname="HilTimerMilliC"/>
      <type-interface alignment="I:2" size="I:2"><interface-ref name="TimerMilli" ref="0x2ac2c33f74a0" scoped=""/></type-interface>
      <instance>
        <interfacedef-ref nicename="Timer" qname="Timer"/>
        <arguments>
          <type-tag alignment="I:2" size="I:2"><struct-ref ref="0x2ac2c33df020"/>
            <typename><typedef-ref name="TMilli" ref="0x2ac2c33df378"/></typename>
          </type-tag>
        </arguments>
      </instance>
      <interface-parameters>
        <type-int alignment="I:1" cname="unsigned char" size="I:1" unsigned="">
          <typename><typedef-ref name="uint8_t" ref="0x2ac2c209a790"/></typename>
        </type-int>
      </interface-parameters>
      <interface-functions>
        <function-ref name="getNow" ref="0x2ac2c33f36c8" scoped=""/>
        <function-ref name="fired" ref="0x2ac2c33f6db0" scoped=""/>
        <function-ref name="startPeriodicAt" ref="0x2ac2c33f5ad8" scoped=""/>
        <function-ref name="isOneShot" ref="0x2ac2c33f5688" scoped=""/>
        <function-ref name="getdt" ref="0x2ac2c33f2020" scoped=""/>
        <function-ref name="gett0" ref="0x2ac2c33f3b18" scoped=""/>
        <function-ref name="isRunning" ref="0x2ac2c33f5238" scoped=""/>
        <function-ref name="startPeriodic" ref="0x2ac2c33f6020" scoped=""/>
        <function-ref name="startOneShotAt" ref="0x2ac2c33f30f8" scoped=""/>
        <function-ref name="startOneShot" ref="0x2ac2c33f64c0" scoped=""/>
        <function-ref name="stop" ref="0x2ac2c33f6960" scoped=""/>
      </interface-functions>
    </interface><interface loc="47:/home/kasper/tinyos-main//tos/chips/msp430/timer/HilTimerMilliC.nc" name="LocalTime" provided="1" ref="0x2ac2c33ee980">
      <component-ref nicename="HilTimerMilliC" qname="HilTimerMilliC"/>
      <type-interface alignment="I:2" size="I:2"><interface-ref name="LocalTime" ref="0x2ac2c33ee980" scoped=""/></type-interface>
      <instance>
        <interfacedef-ref nicename="LocalTime" qname="LocalTime"/>
        <arguments>
          <type-tag alignment="I:2" size="I:2"><struct-ref ref="0x2ac2c33df020"/>
            <typename><typedef-ref name="TMilli" ref="0x2ac2c33df378"/></typename>
          </type-tag>
        </arguments>
      </instance>
      <interface-functions>
        <function-ref name="get" ref="0x2ac2c33f0560" scoped=""/>
      </interface-functions>
    </interface><interface loc="45:/home/kasper/tinyos-main//tos/chips/msp430/timer/HilTimerMilliC.nc" name="Init" provided="1" ref="0x2ac2c33fa768">
      <component-ref nicename="HilTimerMilliC" qname="HilTimerMilliC"/>
      <type-interface alignment="I:2" size="I:2"><interface-ref name="Init" ref="0x2ac2c33fa768" scoped=""/></type-interface>
      <instance>
        <interfacedef-ref nicename="Init" qname="Init"/>
      </instance>
      <interface-functions>
        <function-ref name="init" ref="0x2ac2c33faab8" scoped=""/>
      </interface-functions>
    </interface></specification><referenced><interface loc="48:/home/kasper/tinyos-main//tos/lib/timer/AlarmToTimerC.nc" name="Timer" provided="1" ref="0x2ac2c34e4d88">
      <component-ref nicename="HilTimerMilliC.AlarmToTimerC" qname="HilTimerMilliC.AlarmToTimerC"/>
      <type-interface alignment="I:2" size="I:2"><interface-ref name="Timer" ref="0x2ac2c34e4d88" scoped=""/></type-interface>
      <instance>
        <interfacedef-ref nicename="Timer" qname="Timer"/>
        <arguments>
          <type-tag alignment="I:2" size="I:2"><struct-ref ref="0x2ac2c33df020"/>
            <typename><typedef-ref name="TMilli" ref="0x2ac2c33df378"/></typename>
          </type-tag>
        </arguments>
      </instance>
      <interface-functions>
        <function-ref name="getNow" ref="0x2ac2c352b088" scoped=""/>
        <function-ref name="fired" ref="0x2ac2c352e6c8" scoped=""/>
        <function-ref name="startPeriodicAt" ref="0x2ac2c352c470" scoped=""/>
        <function-ref name="isOneShot" ref="0x2ac2c352c020" scoped=""/>
        <function-ref name="getdt" ref="0x2ac2c352b928" scoped=""/>
        <function-ref name="gett0" ref="0x2ac2c352b4d8" scoped=""/>
        <function-ref name="isRunning" ref="0x2ac2c352eb18" scoped=""/>
        <function-ref name="startPeriodic" ref="0x2ac2c352f908" scoped=""/>
        <function-ref name="startOneShotAt" ref="0x2ac2c352ca40" scoped=""/>
        <function-ref name="startOneShot" ref="0x2ac2c352fda8" scoped=""/>
        <function-ref name="stop" ref="0x2ac2c352e278" scoped=""/>
      </interface-functions>
    </interface><interface loc="48:/home/kasper/tinyos-main//tos/lib/timer/VirtualizeTimerC.nc" name="Timer" provided="1" ref="0x2ac2c3554020">
      <component-ref nicename="HilTimerMilliC.VirtualizeTimerC" qname="HilTimerMilliC.VirtualizeTimerC"/>
      <type-interface alignment="I:2" size="I:2"><interface-ref name="Timer" ref="0x2ac2c3554020" scoped=""/></type-interface>
      <instance>
        <interfacedef-ref nicename="Timer" qname="Timer"/>
        <arguments>
          <type-tag alignment="I:2" size="I:2"><struct-ref ref="0x2ac2c33df020"/>
            <typename><typedef-ref name="TMilli" ref="0x2ac2c33df378"/></typename>
          </type-tag>
        </arguments>
      </instance>
      <interface-parameters>
        <type-int alignment="I:1" cname="unsigned char" size="I:1" unsigned="">
          <typename><typedef-ref name="uint8_t" ref="0x2ac2c209a790"/></typename>
        </type-int>
      </interface-parameters>
      <interface-functions>
        <function-ref name="getNow" ref="0x2ac2c354f358" scoped=""/>
        <function-ref name="fired" ref="0x2ac2c35539b8" scoped=""/>
        <function-ref name="startPeriodicAt" ref="0x2ac2c3551748" scoped=""/>
        <function-ref name="isOneShot" ref="0x2ac2c35512d8" scoped=""/>
        <function-ref name="getdt" ref="0x2ac2c354fc38" scoped=""/>
        <function-ref name="gett0" ref="0x2ac2c354f7c8" scoped=""/>
        <function-ref name="isRunning" ref="0x2ac2c3553e28" scoped=""/>
        <function-ref name="startPeriodic" ref="0x2ac2c3554b88" scoped=""/>
        <function-ref name="startOneShotAt" ref="0x2ac2c3551d38" scoped=""/>
        <function-ref name="startOneShot" ref="0x2ac2c3553088" scoped=""/>
        <function-ref name="stop" ref="0x2ac2c3553548" scoped=""/>
      </interface-functions>
    </interface><interface loc="43:/home/kasper/tinyos-main//tos/chips/msp430/timer/CounterMilli32C.nc" name="Counter" provided="1" ref="0x2ac2c3485d70">
      <component-ref nicename="CounterMilli32C" qname="CounterMilli32C"/>
      <type-interface alignment="I:2" size="I:2"><interface-ref name="Counter" ref="0x2ac2c3485d70" scoped=""/></type-interface>
      <instance>
        <interfacedef-ref nicename="Counter" qname="Counter"/>
        <arguments>
          <type-tag alignment="I:2" size="I:2"><struct-ref ref="0x2ac2c33df020"/>
            <typename><typedef-ref name="TMilli" ref="0x2ac2c33df378"/></typename>
          </type-tag>
          <type-int alignment="I:2" cname="unsigned long" size="I:4" unsigned="">
            <typename><typedef-ref name="uint32_t" ref="0x2ac2c209b020"/></typename>
          </type-int>
        </arguments>
      </instance>
      <interface-functions>
        <function-ref name="get" ref="0x2ac2c348aaf8" scoped=""/>
        <function-ref name="clearOverflow" ref="0x2ac2c34894a8" scoped=""/>
        <function-ref name="isOverflowPending" ref="0x2ac2c3489020" scoped=""/>
        <function-ref name="overflow" ref="0x2ac2c3489930" scoped=""/>
      </interface-functions>
    </interface><interface loc="44:/home/kasper/tinyos-main//tos/chips/msp430/timer/AlarmMilli32C.nc" name="Alarm" provided="1" ref="0x2ac2c34eac00">
      <component-ref nicename="HilTimerMilliC.AlarmMilli32C" qname="HilTimerMilliC.AlarmMilli32C"/>
      <type-interface alignment="I:2" size="I:2"><interface-ref name="Alarm" ref="0x2ac2c34eac00" scoped=""/></type-interface>
      <instance>
        <interfacedef-ref nicename="Alarm" qname="Alarm"/>
        <arguments>
          <type-tag alignment="I:2" size="I:2"><struct-ref ref="0x2ac2c33df020"/>
            <typename><typedef-ref name="TMilli" ref="0x2ac2c33df378"/></typename>
          </type-tag>
          <type-int alignment="I:2" cname="unsigned long" size="I:4" unsigned="">
            <typename><typedef-ref name="uint32_t" ref="0x2ac2c209b020"/></typename>
          </type-int>
        </arguments>
      </instance>
      <interface-functions>
        <function-ref name="getNow" ref="0x2ac2c34e7410" scoped=""/>
        <function-ref name="fired" ref="0x2ac2c34e84a8" scoped=""/>
        <function-ref name="startAt" ref="0x2ac2c34e8db8" scoped=""/>
        <function-ref name="isRunning" ref="0x2ac2c34e8930" scoped=""/>
        <function-ref name="getAlarm" ref="0x2ac2c34e7898" scoped=""/>
        <function-ref name="start" ref="0x2ac2c34e99f0" scoped=""/>
        <function-ref name="stop" ref="0x2ac2c34e8020" scoped=""/>
      </interface-functions>
    </interface><interface loc="48:/home/kasper/tinyos-main//tos/lib/timer/CounterToLocalTimeC.nc" name="LocalTime" provided="1" ref="0x2ac2c3581c38">
      <component-ref nicename="HilTimerMilliC.CounterToLocalTimeC" qname="HilTimerMilliC.CounterToLocalTimeC"/>
      <type-interface alignment="I:2" size="I:2"><interface-ref name="LocalTime" ref="0x2ac2c3581c38" scoped=""/></type-interface>
      <instance>
        <interfacedef-ref nicename="LocalTime" qname="LocalTime"/>
        <arguments>
          <type-tag alignment="I:2" size="I:2"><struct-ref ref="0x2ac2c33df020"/>
            <typename><typedef-ref name="TMilli" ref="0x2ac2c33df378"/></typename>
          </type-tag>
        </arguments>
      </instance>
      <interface-functions>
        <function-ref name="get" ref="0x2ac2c3580820" scoped=""/>
      </interface-functions>
    </interface><interface loc="49:/home/kasper/tinyos-main//tos/lib/timer/CounterToLocalTimeC.nc" name="Counter" provided="0" ref="0x2ac2c3580e48">
      <component-ref nicename="HilTimerMilliC.CounterToLocalTimeC" qname="HilTimerMilliC.CounterToLocalTimeC"/>
      <type-interface alignment="I:2" size="I:2"><interface-ref name="Counter" ref="0x2ac2c3580e48" scoped=""/></type-interface>
      <instance>
        <interfacedef-ref nicename="Counter" qname="Counter"/>
        <arguments>
          <type-tag alignment="I:2" size="I:2"><struct-ref ref="0x2ac2c33df020"/>
            <typename><typedef-ref name="TMilli" ref="0x2ac2c33df378"/></typename>
          </type-tag>
          <type-int alignment="I:2" cname="unsigned long" size="I:4" unsigned="">
            <typename><typedef-ref name="uint32_t" ref="0x2ac2c209b020"/></typename>
          </type-int>
        </arguments>
      </instance>
      <interface-functions>
        <function-ref name="get" ref="0x2ac2c3575be8" scoped=""/>
        <function-ref name="clearOverflow" ref="0x2ac2c3574548" scoped=""/>
        <function-ref name="isOverflowPending" ref="0x2ac2c35740c0" scoped=""/>
        <function-ref name="overflow" ref="0x2ac2c35749d0" scoped=""/>
      </interface-functions>
    </interface><interface loc="49:/home/kasper/tinyos-main//tos/lib/timer/AlarmToTimerC.nc" name="Alarm" provided="0" ref="0x2ac2c352a020">
      <component-ref nicename="HilTimerMilliC.AlarmToTimerC" qname="HilTimerMilliC.AlarmToTimerC"/>
      <type-interface alignment="I:2" size="I:2"><interface-ref name="Alarm" ref="0x2ac2c352a020" scoped=""/></type-interface>
      <instance>
        <interfacedef-ref nicename="Alarm" qname="Alarm"/>
        <arguments>
          <type-tag alignment="I:2" size="I:2"><struct-ref ref="0x2ac2c33df020"/>
            <typename><typedef-ref name="TMilli" ref="0x2ac2c33df378"/></typename>
          </type-tag>
          <type-int alignment="I:2" cname="unsigned long" size="I:4" unsigned="">
            <typename><typedef-ref name="uint32_t" ref="0x2ac2c209b020"/></typename>
          </type-int>
        </arguments>
      </instance>
      <interface-functions>
        <function-ref name="getNow" ref="0x2ac2c3527690" scoped=""/>
        <function-ref name="fired" ref="0x2ac2c35296f8" scoped=""/>
        <function-ref name="startAt" ref="0x2ac2c3527088" scoped=""/>
        <function-ref name="isRunning" ref="0x2ac2c3529b80" scoped=""/>
        <function-ref name="getAlarm" ref="0x2ac2c3527b18" scoped=""/>
        <function-ref name="start" ref="0x2ac2c352ad70" scoped=""/>
        <function-ref name="stop" ref="0x2ac2c3529270" scoped=""/>
      </interface-functions>
    </interface><interface loc="43:/home/kasper/tinyos-main//tos/chips/msp430/timer/AlarmMilli32C.nc" name="Init" provided="1" ref="0x2ac2c34ea418">
      <component-ref nicename="HilTimerMilliC.AlarmMilli32C" qname="HilTimerMilliC.AlarmMilli32C"/>
      <type-interface alignment="I:2" size="I:2"><interface-ref name="Init" ref="0x2ac2c34ea418" scoped=""/></type-interface>
      <instance>
        <interfacedef-ref nicename="Init" qname="Init"/>
      </instance>
      <interface-functions>
        <function-ref name="init" ref="0x2ac2c34ea768" scoped=""/>
      </interface-functions>
    </interface><interface loc="49:/home/kasper/tinyos-main//tos/lib/timer/VirtualizeTimerC.nc" name="TimerFrom" provided="0" ref="0x2ac2c3588208">
      <component-ref nicename="HilTimerMilliC.VirtualizeTimerC" qname="HilTimerMilliC.VirtualizeTimerC"/>
      <type-interface alignment="I:2" size="I:2"><interface-ref name="TimerFrom" ref="0x2ac2c3588208" scoped=""/></type-interface>
      <instance>
        <interfacedef-ref nicename="Timer" qname="Timer"/>
        <arguments>
          <type-tag alignment="I:2" size="I:2"><struct-ref ref="0x2ac2c33df020"/>
            <typename><typedef-ref name="TMilli" ref="0x2ac2c33df378"/></typename>
          </type-tag>
        </arguments>
      </instance>
      <interface-functions>
        <function-ref name="getNow" ref="0x2ac2c35845f0" scoped=""/>
        <function-ref name="fired" ref="0x2ac2c3587b28" scoped=""/>
        <function-ref name="startPeriodicAt" ref="0x2ac2c35858c0" scoped=""/>
        <function-ref name="isOneShot" ref="0x2ac2c3585470" scoped=""/>
        <function-ref name="getdt" ref="0x2ac2c3583020" scoped=""/>
        <function-ref name="gett0" ref="0x2ac2c3584a40" scoped=""/>
        <function-ref name="isRunning" ref="0x2ac2c3585020" scoped=""/>
        <function-ref name="startPeriodic" ref="0x2ac2c3588d50" scoped=""/>
        <function-ref name="startOneShotAt" ref="0x2ac2c3584020" scoped=""/>
        <function-ref name="startOneShot" ref="0x2ac2c3587238" scoped=""/>
        <function-ref name="stop" ref="0x2ac2c35876d8" scoped=""/>
      </interface-functions>
    </interface><component loc="46(HilTimerMilliC.AlarmToTimerC):/home/kasper/tinyos-main//tos/lib/timer/AlarmToTimerC.nc" nicename="HilTimerMilliC.AlarmToTimerC" qname="HilTimerMilliC.AlarmToTimerC">
      <documentation loc="36:/home/kasper/tinyos-main//tos/lib/timer/AlarmToTimerC.nc">
        <short>
 AlarmToTimerC converts a 32-bit Alarm to a Timer.</short>
        <long>
 AlarmToTimerC converts a 32-bit Alarm to a Timer.  

 &lt;p&gt;See TEP102 for more details.
 @param precision_tag A type indicating the precision of the Alarm and
 Timer being converted.

 @author Cory Sharp &lt;cssharp@eecs.berkeley.edu&gt;
</long>
      </documentation>
      <instance number="0">
        <component-ref nicename="AlarmToTimerC" qname="AlarmToTimerC"/>
        <arguments>
          <type-tag alignment="I:2" size="I:2"><struct-ref ref="0x2ac2c33df020"/>
            <typename><typedef-ref name="TMilli" ref="0x2ac2c33df378"/></typename>
          </type-tag>
        </arguments>
      </instance>
      <module/>
    </component><component loc="46(HilTimerMilliC.CounterToLocalTimeC):/home/kasper/tinyos-main//tos/lib/timer/CounterToLocalTimeC.nc" nicename="HilTimerMilliC.CounterToLocalTimeC" qname="HilTimerMilliC.CounterToLocalTimeC">
      <documentation loc="36:/home/kasper/tinyos-main//tos/lib/timer/CounterToLocalTimeC.nc">
        <short>
 CounterToLocalTimeC converts a 32-bit LocalTime to a Counter.</short>
        <long>
 CounterToLocalTimeC converts a 32-bit LocalTime to a Counter.  

 &lt;p&gt;See TEP102 for more details.
 @param precision_tag A type indicating the precision of the LocalTime and
 Counter being converted.

 @author Cory Sharp &lt;cssharp@eecs.berkeley.edu&gt;
</long>
      </documentation>
      <instance number="0">
        <component-ref nicename="CounterToLocalTimeC" qname="CounterToLocalTimeC"/>
        <arguments>
          <type-tag alignment="I:2" size="I:2"><struct-ref ref="0x2ac2c33df020"/>
            <typename><typedef-ref name="TMilli" ref="0x2ac2c33df378"/></typename>
          </type-tag>
        </arguments>
      </instance>
      <module/>
    </component><component loc="41:/home/kasper/tinyos-main//tos/chips/msp430/timer/CounterMilli32C.nc" nicename="CounterMilli32C" qname="CounterMilli32C">
      <documentation loc="33:/home/kasper/tinyos-main//tos/chips/msp430/timer/CounterMilli32C.nc">
        <short>
 CounterMilli32C provides at 32-bit counter at 1024 ticks per second.</short>
        <long>
 CounterMilli32C provides at 32-bit counter at 1024 ticks per second.

 @author Cory Sharp &lt;cssharp@eecs.berkeley.edu&gt;
 @see  Please refer to TEP 102 for more information about this component and its
          intended use.
</long>
      </documentation>
      <configuration/>
      <wiring>
        <wire loc="50:/home/kasper/tinyos-main//tos/chips/msp430/timer/CounterMilli32C.nc">
          <from><interface-ref name="Counter" ref="0x2ac2c3485d70" scoped=""/></from>
          <to><interface-ref name="Counter" ref="0x2ac2c349fc50" scoped=""/></to>
        </wire>
        <wire loc="52:/home/kasper/tinyos-main//tos/chips/msp430/timer/CounterMilli32C.nc">
          <from><interface-ref name="CounterFrom" ref="0x2ac2c34bae20" scoped=""/></from>
          <to><interface-ref name="Msp430Counter32khz" ref="0x2ac2c3483b98" scoped=""/></to>
        </wire>
      </wiring>
    </component><component loc="41(HilTimerMilliC.AlarmMilli32C):/home/kasper/tinyos-main//tos/chips/msp430/timer/AlarmMilli32C.nc" nicename="HilTimerMilliC.AlarmMilli32C" qname="HilTimerMilliC.AlarmMilli32C">
      <documentation loc="33:/home/kasper/tinyos-main//tos/chips/msp430/timer/AlarmMilli32C.nc">
        <short>
 AlarmMilliC is the alarm for async millisecond alarms

 </short>
        <long>
 AlarmMilliC is the alarm for async millisecond alarms

 @author Cory Sharp &lt;cssharp@eecs.berkeley.edu&gt;
 @see  Please refer to TEP 102 for more information about this component and its
          intended use.
</long>
      </documentation>
      <instance number="0">
        <component-ref nicename="AlarmMilli32C" qname="AlarmMilli32C"/>
      </instance>
      <configuration/>
      <wiring>
        <wire loc="53:/home/kasper/tinyos-main//tos/chips/msp430/timer/AlarmMilli32C.nc">
          <from><interface-ref name="Alarm" ref="0x2ac2c34eac00" scoped=""/></from>
          <to><interface-ref name="Alarm" ref="0x2ac2c4d61020" scoped=""/></to>
        </wire>
        <wire loc="52:/home/kasper/tinyos-main//tos/chips/msp430/timer/AlarmMilli32C.nc">
          <from><interface-ref name="Init" ref="0x2ac2c34ea418" scoped=""/></from>
          <to><interface-ref name="Init" ref="0x2ac2c4d686e8" scoped=""/></to>
        </wire>
        <wire loc="55:/home/kasper/tinyos-main//tos/chips/msp430/timer/AlarmMilli32C.nc">
          <from><interface-ref name="AlarmFrom" ref="0x2ac2c4d5b450" scoped=""/></from>
          <to><interface-ref name="Alarm" ref="0x2ac2c4d67020" scoped=""/></to>
        </wire>
        <wire loc="56:/home/kasper/tinyos-main//tos/chips/msp430/timer/AlarmMilli32C.nc">
          <from><interface-ref name="Counter" ref="0x2ac2c4d5e1a8" scoped=""/></from>
          <to><interface-ref name="Counter" ref="0x2ac2c3485d70" scoped=""/></to>
        </wire>
      </wiring>
    </component><component loc="46(HilTimerMilliC.VirtualizeTimerC):/home/kasper/tinyos-main//tos/lib/timer/VirtualizeTimerC.nc" nicename="HilTimerMilliC.VirtualizeTimerC" qname="HilTimerMilliC.VirtualizeTimerC">
      <documentation loc="34:/home/kasper/tinyos-main//tos/lib/timer/VirtualizeTimerC.nc">
        <short>
 VirtualizeTimerC uses a single Timer to create up to 255 virtual timers.</short>
        <long>
 VirtualizeTimerC uses a single Timer to create up to 255 virtual timers.

 &lt;p&gt;See TEP102 for more details.

 @param precision_tag A type indicating the precision of the Timer being 
   virtualized.
 @param max_timers Number of virtual timers to create.

 @author Cory Sharp &lt;cssharp@eecs.berkeley.edu&gt;
</long>
      </documentation>
      <instance number="0">
        <component-ref nicename="VirtualizeTimerC" qname="VirtualizeTimerC"/>
        <arguments>
          <type-tag alignment="I:2" size="I:2"><struct-ref ref="0x2ac2c33df020"/>
            <typename><typedef-ref name="TMilli" ref="0x2ac2c33df378"/></typename>
          </type-tag>
          <value cst="I:4">
            <type-int alignment="I:2" cname="unsigned int" size="I:2" unsigned=""/>
          </value>
        </arguments>
      </instance>
      <module/>
    </component></referenced></component>