<?xml version="1.0" ?><component loc="40:/home/kasper/tinyos-main//tos/platforms/telosa/chips/cc2420/HplCC2420InterruptsC.nc" nicename="HplCC2420InterruptsC" qname="HplCC2420InterruptsC">
      <documentation loc="32:/home/kasper/tinyos-main//tos/platforms/telosa/chips/cc2420/HplCC2420InterruptsC.nc">
        <short>
 HPL implementation of interrupts and captures for the ChipCon
 CC2420 radio connected to a TI MSP430 processor.</short>
        <long>
 HPL implementation of interrupts and captures for the ChipCon
 CC2420 radio connected to a TI MSP430 processor.

 @author Jonathan Hui &lt;jhui@archrock.com&gt;
 @version $Revision: 1.4 $ $Date: 2006-12-12 18:23:44 $
</long>
      </documentation>
      <configuration/>
      <wiring>
        <wire loc="63:/home/kasper/tinyos-main//tos/platforms/telosa/chips/cc2420/HplCC2420InterruptsC.nc">
          <from><interface-ref name="CaptureSFD" ref="0x2ac2c38fa020" scoped=""/></from>
          <to><interface-ref name="Capture" ref="0x2ac2c38f2020" scoped=""/></to>
        </wire>
        <wire loc="64:/home/kasper/tinyos-main//tos/platforms/telosa/chips/cc2420/HplCC2420InterruptsC.nc">
          <from><interface-ref name="InterruptCCA" ref="0x2ac2c38fabd8" scoped=""/></from>
          <to><interface-ref name="Interrupt" ref="0x2ac2c39249a0" scoped=""/></to>
        </wire>
        <wire loc="65:/home/kasper/tinyos-main//tos/platforms/telosa/chips/cc2420/HplCC2420InterruptsC.nc">
          <from><interface-ref name="InterruptFIFOP" ref="0x2ac2c38f9898" scoped=""/></from>
          <to><interface-ref name="Interrupt" ref="0x2ac2c3921728" scoped=""/></to>
        </wire>
        <wire loc="53:/home/kasper/tinyos-main//tos/platforms/telosa/chips/cc2420/HplCC2420InterruptsC.nc">
          <from><interface-ref name="Msp430TimerControl" ref="0x2ac2c38f2a90" scoped=""/></from>
          <to><interface-ref name="ControlB1" ref="0x2ac2c2f05060" scoped=""/></to>
        </wire>
        <wire loc="54:/home/kasper/tinyos-main//tos/platforms/telosa/chips/cc2420/HplCC2420InterruptsC.nc">
          <from><interface-ref name="Msp430Capture" ref="0x2ac2c392bd60" scoped=""/></from>
          <to><interface-ref name="CaptureB1" ref="0x2ac2c2f16020" scoped=""/></to>
        </wire>
        <wire loc="55:/home/kasper/tinyos-main//tos/platforms/telosa/chips/cc2420/HplCC2420InterruptsC.nc">
          <from><interface-ref name="GeneralIO" ref="0x2ac2c392ab48" scoped=""/></from>
          <to><interface-ref name="Port41" ref="0x2ac2c30b1668" scoped=""/></to>
        </wire>
        <wire loc="60:/home/kasper/tinyos-main//tos/platforms/telosa/chips/cc2420/HplCC2420InterruptsC.nc">
          <from><interface-ref name="HplInterrupt" ref="0x2ac2c3923480" scoped=""/></from>
          <to><interface-ref name="Port14" ref="0x2ac2c32c7b88" scoped=""/></to>
        </wire>
        <wire loc="61:/home/kasper/tinyos-main//tos/platforms/telosa/chips/cc2420/HplCC2420InterruptsC.nc">
          <from><interface-ref name="HplInterrupt" ref="0x2ac2c39202e8" scoped=""/></from>
          <to><interface-ref name="Port10" ref="0x2ac2c329bb78" scoped=""/></to>
        </wire>
      </wiring>
    <specification><interface loc="42:/home/kasper/tinyos-main//tos/platforms/telosa/chips/cc2420/HplCC2420InterruptsC.nc" name="CaptureSFD" provided="1" ref="0x2ac2c38fa020">
      <component-ref nicename="HplCC2420InterruptsC" qname="HplCC2420InterruptsC"/>
      <type-interface alignment="I:2" size="I:2"><interface-ref name="CaptureSFD" ref="0x2ac2c38fa020" scoped=""/></type-interface>
      <instance>
        <interfacedef-ref nicename="GpioCapture" qname="GpioCapture"/>
      </instance>
      <interface-functions>
        <function-ref name="captureFallingEdge" ref="0x2ac2c38fa370" scoped=""/>
        <function-ref name="disable" ref="0x2ac2c38fa4f8" scoped=""/>
        <function-ref name="captured" ref="0x2ac2c38fa680" scoped=""/>
        <function-ref name="captureRisingEdge" ref="0x2ac2c38fa808" scoped=""/>
      </interface-functions>
    </interface><interface loc="43:/home/kasper/tinyos-main//tos/platforms/telosa/chips/cc2420/HplCC2420InterruptsC.nc" name="InterruptCCA" provided="1" ref="0x2ac2c38fabd8">
      <component-ref nicename="HplCC2420InterruptsC" qname="HplCC2420InterruptsC"/>
      <type-interface alignment="I:2" size="I:2"><interface-ref name="InterruptCCA" ref="0x2ac2c38fabd8" scoped=""/></type-interface>
      <instance>
        <interfacedef-ref nicename="GpioInterrupt" qname="GpioInterrupt"/>
      </instance>
      <interface-functions>
        <function-ref name="fired" ref="0x2ac2c38f9020" scoped=""/>
        <function-ref name="disable" ref="0x2ac2c38f91a8" scoped=""/>
        <function-ref name="enableFallingEdge" ref="0x2ac2c38f9330" scoped=""/>
        <function-ref name="enableRisingEdge" ref="0x2ac2c38f94b8" scoped=""/>
      </interface-functions>
    </interface><interface loc="44:/home/kasper/tinyos-main//tos/platforms/telosa/chips/cc2420/HplCC2420InterruptsC.nc" name="InterruptFIFOP" provided="1" ref="0x2ac2c38f9898">
      <component-ref nicename="HplCC2420InterruptsC" qname="HplCC2420InterruptsC"/>
      <type-interface alignment="I:2" size="I:2"><interface-ref name="InterruptFIFOP" ref="0x2ac2c38f9898" scoped=""/></type-interface>
      <instance>
        <interfacedef-ref nicename="GpioInterrupt" qname="GpioInterrupt"/>
      </instance>
      <interface-functions>
        <function-ref name="fired" ref="0x2ac2c38f9be8" scoped=""/>
        <function-ref name="disable" ref="0x2ac2c38f9d70" scoped=""/>
        <function-ref name="enableFallingEdge" ref="0x2ac2c38f5020" scoped=""/>
        <function-ref name="enableRisingEdge" ref="0x2ac2c38f51a8" scoped=""/>
      </interface-functions>
    </interface></specification><referenced><interface loc="40:/home/kasper/tinyos-main//tos/chips/msp430/timer/GpioCaptureC.nc" name="Capture" provided="1" ref="0x2ac2c38f2020">
      <component-ref nicename="HplCC2420InterruptsC.CaptureSFDC" qname="HplCC2420InterruptsC.CaptureSFDC"/>
      <type-interface alignment="I:2" size="I:2"><interface-ref name="Capture" ref="0x2ac2c38f2020" scoped=""/></type-interface>
      <instance>
        <interfacedef-ref nicename="GpioCapture" qname="GpioCapture"/>
      </instance>
      <interface-functions>
        <function-ref name="captureFallingEdge" ref="0x2ac2c38f2370" scoped=""/>
        <function-ref name="disable" ref="0x2ac2c38f24f8" scoped=""/>
        <function-ref name="captured" ref="0x2ac2c38f2680" scoped=""/>
        <function-ref name="captureRisingEdge" ref="0x2ac2c38f2808" scoped=""/>
      </interface-functions>
    </interface><interface loc="43:/home/kasper/tinyos-main//tos/chips/msp430/timer/GpioCaptureC.nc" name="GeneralIO" provided="0" ref="0x2ac2c392ab48">
      <component-ref nicename="HplCC2420InterruptsC.CaptureSFDC" qname="HplCC2420InterruptsC.CaptureSFDC"/>
      <type-interface alignment="I:2" size="I:2"><interface-ref name="GeneralIO" ref="0x2ac2c392ab48" scoped=""/></type-interface>
      <instance>
        <interfacedef-ref nicename="HplMsp430GeneralIO" qname="HplMsp430GeneralIO"/>
      </instance>
      <interface-functions>
        <function-ref name="makeInput" ref="0x2ac2c3928020" scoped=""/>
        <function-ref name="isInput" ref="0x2ac2c39281a8" scoped=""/>
        <function-ref name="setResistor" ref="0x2ac2c3928330" scoped=""/>
        <function-ref name="toggle" ref="0x2ac2c39284b8" scoped=""/>
        <function-ref name="isOutput" ref="0x2ac2c3928640" scoped=""/>
        <function-ref name="getResistor" ref="0x2ac2c39287c8" scoped=""/>
        <function-ref name="makeOutput" ref="0x2ac2c3928950" scoped=""/>
        <function-ref name="get" ref="0x2ac2c3928ad8" scoped=""/>
        <function-ref name="selectIOFunc" ref="0x2ac2c3928c60" scoped=""/>
        <function-ref name="getRaw" ref="0x2ac2c3928de8" scoped=""/>
        <function-ref name="set" ref="0x2ac2c3927020" scoped=""/>
        <function-ref name="selectModuleFunc" ref="0x2ac2c39271a8" scoped=""/>
        <function-ref name="isIOFunc" ref="0x2ac2c3927330" scoped=""/>
        <function-ref name="isModuleFunc" ref="0x2ac2c39275b8" scoped=""/>
        <function-ref name="clr" ref="0x2ac2c3927740" scoped=""/>
      </interface-functions>
    </interface><interface loc="45:/home/kasper/tinyos-main//tos/chips/msp430/pins/Msp430InterruptC.nc" name="Interrupt" provided="1" ref="0x2ac2c3921728">
      <component-ref nicename="HplCC2420InterruptsC.InterruptFIFOPC" qname="HplCC2420InterruptsC.InterruptFIFOPC"/>
      <type-interface alignment="I:2" size="I:2"><interface-ref name="Interrupt" ref="0x2ac2c3921728" scoped=""/></type-interface>
      <instance>
        <interfacedef-ref nicename="GpioInterrupt" qname="GpioInterrupt"/>
      </instance>
      <interface-functions>
        <function-ref name="fired" ref="0x2ac2c3921a78" scoped=""/>
        <function-ref name="disable" ref="0x2ac2c3921c00" scoped=""/>
        <function-ref name="enableFallingEdge" ref="0x2ac2c3921d88" scoped=""/>
        <function-ref name="enableRisingEdge" ref="0x2ac2c3920020" scoped=""/>
      </interface-functions>
    </interface><interface loc="46:/home/kasper/tinyos-main//tos/chips/msp430/pins/Msp430InterruptC.nc" name="HplInterrupt" provided="0" ref="0x2ac2c3923480">
      <component-ref nicename="HplCC2420InterruptsC.InterruptCCAC" qname="HplCC2420InterruptsC.InterruptCCAC"/>
      <type-interface alignment="I:2" size="I:2"><interface-ref name="HplInterrupt" ref="0x2ac2c3923480" scoped=""/></type-interface>
      <instance>
        <interfacedef-ref nicename="HplMsp430Interrupt" qname="HplMsp430Interrupt"/>
      </instance>
      <interface-functions>
        <function-ref name="clear" ref="0x2ac2c39237d0" scoped=""/>
        <function-ref name="fired" ref="0x2ac2c3923958" scoped=""/>
        <function-ref name="disable" ref="0x2ac2c3923ae0" scoped=""/>
        <function-ref name="edge" ref="0x2ac2c3923c68" scoped=""/>
        <function-ref name="enable" ref="0x2ac2c3923df0" scoped=""/>
        <function-ref name="getValue" ref="0x2ac2c3922020" scoped=""/>
      </interface-functions>
    </interface><interface loc="52:/home/kasper/tinyos-main//tos/chips/msp430/timer/Msp430TimerC.nc" name="ControlB1" provided="1" ref="0x2ac2c2f05060">
      <component-ref nicename="Msp430TimerC" qname="Msp430TimerC"/>
      <type-interface alignment="I:2" size="I:2"><interface-ref name="ControlB1" ref="0x2ac2c2f05060" scoped=""/></type-interface>
      <instance>
        <interfacedef-ref nicename="Msp430TimerControl" qname="Msp430TimerControl"/>
      </instance>
      <interface-functions>
        <function-ref name="setControlAsCapture" ref="0x2ac2c2f054b0" scoped=""/>
        <function-ref name="getControl" ref="0x2ac2c2f05638" scoped=""/>
        <function-ref name="enableEvents" ref="0x2ac2c2f057c0" scoped=""/>
        <function-ref name="areEventsEnabled" ref="0x2ac2c2f05948" scoped=""/>
        <function-ref name="setControlAsCompare" ref="0x2ac2c2f05ad0" scoped=""/>
        <function-ref name="disableEvents" ref="0x2ac2c2f05c58" scoped=""/>
        <function-ref name="isInterruptPending" ref="0x2ac2c2f05de0" scoped=""/>
        <function-ref name="clearPendingInterrupt" ref="0x2ac2c2f04020" scoped=""/>
        <function-ref name="setControl" ref="0x2ac2c2f041a8" scoped=""/>
      </interface-functions>
    </interface><interface loc="66:/home/kasper/tinyos-main//tos/chips/msp430/timer/Msp430TimerC.nc" name="CaptureB1" provided="1" ref="0x2ac2c2f16020">
      <component-ref nicename="Msp430TimerC" qname="Msp430TimerC"/>
      <type-interface alignment="I:2" size="I:2"><interface-ref name="CaptureB1" ref="0x2ac2c2f16020" scoped=""/></type-interface>
      <instance>
        <interfacedef-ref nicename="Msp430Capture" qname="Msp430Capture"/>
      </instance>
      <interface-functions>
        <function-ref name="getEvent" ref="0x2ac2c2f16370" scoped=""/>
        <function-ref name="setSynchronous" ref="0x2ac2c2f164f8" scoped=""/>
        <function-ref name="captured" ref="0x2ac2c2f16680" scoped=""/>
        <function-ref name="clearOverflow" ref="0x2ac2c2f16808" scoped=""/>
        <function-ref name="isOverflowPending" ref="0x2ac2c2f16990" scoped=""/>
        <function-ref name="setEdge" ref="0x2ac2c2f16b18" scoped=""/>
      </interface-functions>
    </interface><interface loc="46:/home/kasper/tinyos-main//tos/chips/msp430/pins/Msp430InterruptC.nc" name="HplInterrupt" provided="0" ref="0x2ac2c39202e8">
      <component-ref nicename="HplCC2420InterruptsC.InterruptFIFOPC" qname="HplCC2420InterruptsC.InterruptFIFOPC"/>
      <type-interface alignment="I:2" size="I:2"><interface-ref name="HplInterrupt" ref="0x2ac2c39202e8" scoped=""/></type-interface>
      <instance>
        <interfacedef-ref nicename="HplMsp430Interrupt" qname="HplMsp430Interrupt"/>
      </instance>
      <interface-functions>
        <function-ref name="clear" ref="0x2ac2c3920638" scoped=""/>
        <function-ref name="fired" ref="0x2ac2c39207c0" scoped=""/>
        <function-ref name="disable" ref="0x2ac2c3920948" scoped=""/>
        <function-ref name="edge" ref="0x2ac2c3920ad0" scoped=""/>
        <function-ref name="enable" ref="0x2ac2c3920c58" scoped=""/>
        <function-ref name="getValue" ref="0x2ac2c3920de0" scoped=""/>
      </interface-functions>
    </interface><interface loc="46:/home/kasper/tinyos-main//tos/chips/msp430/pins/HplMsp430InterruptC.nc" name="Port14" provided="1" ref="0x2ac2c32c7b88">
      <component-ref nicename="HplMsp430InterruptC" qname="HplMsp430InterruptC"/>
      <type-interface alignment="I:2" size="I:2"><interface-ref name="Port14" ref="0x2ac2c32c7b88" scoped=""/></type-interface>
      <instance>
        <interfacedef-ref nicename="HplMsp430Interrupt" qname="HplMsp430Interrupt"/>
      </instance>
      <interface-functions>
        <function-ref name="clear" ref="0x2ac2c32c6020" scoped=""/>
        <function-ref name="fired" ref="0x2ac2c32c61a8" scoped=""/>
        <function-ref name="disable" ref="0x2ac2c32c6330" scoped=""/>
        <function-ref name="edge" ref="0x2ac2c32c64b8" scoped=""/>
        <function-ref name="enable" ref="0x2ac2c32c6640" scoped=""/>
        <function-ref name="getValue" ref="0x2ac2c32c67c8" scoped=""/>
      </interface-functions>
    </interface><interface loc="42:/home/kasper/tinyos-main//tos/chips/msp430/pins/HplMsp430InterruptC.nc" name="Port10" provided="1" ref="0x2ac2c329bb78">
      <component-ref nicename="HplMsp430InterruptC" qname="HplMsp430InterruptC"/>
      <type-interface alignment="I:2" size="I:2"><interface-ref name="Port10" ref="0x2ac2c329bb78" scoped=""/></type-interface>
      <instance>
        <interfacedef-ref nicename="HplMsp430Interrupt" qname="HplMsp430Interrupt"/>
      </instance>
      <interface-functions>
        <function-ref name="clear" ref="0x2ac2c32a0020" scoped=""/>
        <function-ref name="fired" ref="0x2ac2c32a01a8" scoped=""/>
        <function-ref name="disable" ref="0x2ac2c32a0330" scoped=""/>
        <function-ref name="edge" ref="0x2ac2c32a04b8" scoped=""/>
        <function-ref name="enable" ref="0x2ac2c32a0640" scoped=""/>
        <function-ref name="getValue" ref="0x2ac2c32a07c8" scoped=""/>
      </interface-functions>
    </interface><interface loc="42:/home/kasper/tinyos-main//tos/chips/msp430/timer/GpioCaptureC.nc" name="Msp430Capture" provided="0" ref="0x2ac2c392bd60">
      <component-ref nicename="HplCC2420InterruptsC.CaptureSFDC" qname="HplCC2420InterruptsC.CaptureSFDC"/>
      <type-interface alignment="I:2" size="I:2"><interface-ref name="Msp430Capture" ref="0x2ac2c392bd60" scoped=""/></type-interface>
      <instance>
        <interfacedef-ref nicename="Msp430Capture" qname="Msp430Capture"/>
      </instance>
      <interface-functions>
        <function-ref name="getEvent" ref="0x2ac2c392a0d8" scoped=""/>
        <function-ref name="setSynchronous" ref="0x2ac2c392a260" scoped=""/>
        <function-ref name="captured" ref="0x2ac2c392a3e8" scoped=""/>
        <function-ref name="clearOverflow" ref="0x2ac2c392a570" scoped=""/>
        <function-ref name="isOverflowPending" ref="0x2ac2c392a6f8" scoped=""/>
        <function-ref name="setEdge" ref="0x2ac2c392a880" scoped=""/>
      </interface-functions>
    </interface><interface loc="45:/home/kasper/tinyos-main//tos/chips/msp430/pins/Msp430InterruptC.nc" name="Interrupt" provided="1" ref="0x2ac2c39249a0">
      <component-ref nicename="HplCC2420InterruptsC.InterruptCCAC" qname="HplCC2420InterruptsC.InterruptCCAC"/>
      <type-interface alignment="I:2" size="I:2"><interface-ref name="Interrupt" ref="0x2ac2c39249a0" scoped=""/></type-interface>
      <instance>
        <interfacedef-ref nicename="GpioInterrupt" qname="GpioInterrupt"/>
      </instance>
      <interface-functions>
        <function-ref name="fired" ref="0x2ac2c3924cf0" scoped=""/>
        <function-ref name="disable" ref="0x2ac2c3924e78" scoped=""/>
        <function-ref name="enableFallingEdge" ref="0x2ac2c3923030" scoped=""/>
        <function-ref name="enableRisingEdge" ref="0x2ac2c39231b8" scoped=""/>
      </interface-functions>
    </interface><interface loc="83:/home/kasper/tinyos-main//tos/chips/msp430/pins/HplMsp430GeneralIOC.nc" name="Port41" provided="1" ref="0x2ac2c30b1668">
      <component-ref nicename="HplMsp430GeneralIOC" qname="HplMsp430GeneralIOC"/>
      <type-interface alignment="I:2" size="I:2"><interface-ref name="Port41" ref="0x2ac2c30b1668" scoped=""/></type-interface>
      <instance>
        <interfacedef-ref nicename="HplMsp430GeneralIO" qname="HplMsp430GeneralIO"/>
      </instance>
      <interface-functions>
        <function-ref name="makeInput" ref="0x2ac2c30b19b8" scoped=""/>
        <function-ref name="isInput" ref="0x2ac2c30b1b40" scoped=""/>
        <function-ref name="setResistor" ref="0x2ac2c30b1cc8" scoped=""/>
        <function-ref name="toggle" ref="0x2ac2c30b1e50" scoped=""/>
        <function-ref name="isOutput" ref="0x2ac2c30b0020" scoped=""/>
        <function-ref name="getResistor" ref="0x2ac2c30b01a8" scoped=""/>
        <function-ref name="makeOutput" ref="0x2ac2c30b0330" scoped=""/>
        <function-ref name="get" ref="0x2ac2c30b04b8" scoped=""/>
        <function-ref name="selectIOFunc" ref="0x2ac2c30b0640" scoped=""/>
        <function-ref name="getRaw" ref="0x2ac2c30b07c8" scoped=""/>
        <function-ref name="set" ref="0x2ac2c30b0950" scoped=""/>
        <function-ref name="selectModuleFunc" ref="0x2ac2c30b0ad8" scoped=""/>
        <function-ref name="isIOFunc" ref="0x2ac2c30b0c60" scoped=""/>
        <function-ref name="isModuleFunc" ref="0x2ac2c30af020" scoped=""/>
        <function-ref name="clr" ref="0x2ac2c30af1a8" scoped=""/>
      </interface-functions>
    </interface><interface loc="41:/home/kasper/tinyos-main//tos/chips/msp430/timer/GpioCaptureC.nc" name="Msp430TimerControl" provided="0" ref="0x2ac2c38f2a90">
      <component-ref nicename="HplCC2420InterruptsC.CaptureSFDC" qname="HplCC2420InterruptsC.CaptureSFDC"/>
      <type-interface alignment="I:2" size="I:2"><interface-ref name="Msp430TimerControl" ref="0x2ac2c38f2a90" scoped=""/></type-interface>
      <instance>
        <interfacedef-ref nicename="Msp430TimerControl" qname="Msp430TimerControl"/>
      </instance>
      <interface-functions>
        <function-ref name="setControlAsCapture" ref="0x2ac2c38f2de0" scoped=""/>
        <function-ref name="getControl" ref="0x2ac2c392b020" scoped=""/>
        <function-ref name="enableEvents" ref="0x2ac2c392b1a8" scoped=""/>
        <function-ref name="areEventsEnabled" ref="0x2ac2c392b330" scoped=""/>
        <function-ref name="setControlAsCompare" ref="0x2ac2c392b4b8" scoped=""/>
        <function-ref name="disableEvents" ref="0x2ac2c392b640" scoped=""/>
        <function-ref name="isInterruptPending" ref="0x2ac2c392b7c8" scoped=""/>
        <function-ref name="clearPendingInterrupt" ref="0x2ac2c392b950" scoped=""/>
        <function-ref name="setControl" ref="0x2ac2c392bad8" scoped=""/>
      </interface-functions>
    </interface><component loc="38(HplCC2420InterruptsC.CaptureSFDC):/home/kasper/tinyos-main//tos/chips/msp430/timer/GpioCaptureC.nc" nicename="HplCC2420InterruptsC.CaptureSFDC" qname="HplCC2420InterruptsC.CaptureSFDC">
      <documentation loc="33:/home/kasper/tinyos-main//tos/chips/msp430/timer/GpioCaptureC.nc">
        <short>
 </short>
        <long>
 @author Jonathan Hui
 @author Joe Polastre
</long>
      </documentation>
      <instance number="0">
        <component-ref nicename="GpioCaptureC" qname="GpioCaptureC"/>
      </instance>
      <module/>
    </component><component loc="39:/home/kasper/tinyos-main//tos/chips/msp430/pins/HplMsp430InterruptC.nc" nicename="HplMsp430InterruptC" qname="HplMsp430InterruptC">
      <documentation loc="33:/home/kasper/tinyos-main//tos/chips/msp430/pins/HplMsp430InterruptC.nc">
        <short>
 HPL for the TI MSP430 family of microprocessors.</short>
        <long>
 HPL for the TI MSP430 family of microprocessors. This provides an
 abstraction for GPIO interrupts.

 @author Joe Polastre
</long>
      </documentation>
      <configuration/>
      <wiring>
        <wire loc="70:/home/kasper/tinyos-main//tos/chips/msp430/pins/HplMsp430InterruptC.nc">
          <from><interface-ref name="Port14" ref="0x2ac2c32c7b88" scoped=""/></from>
          <to><interface-ref name="Port14" ref="0x2ac2c32b3878" scoped=""/></to>
        </wire>
        <wire loc="82:/home/kasper/tinyos-main//tos/chips/msp430/pins/HplMsp430InterruptC.nc">
          <from><interface-ref name="Port26" ref="0x2ac2c32bdb88" scoped=""/></from>
          <to><interface-ref name="Port26" ref="0x2ac2c32d7878" scoped=""/></to>
        </wire>
        <wire loc="73:/home/kasper/tinyos-main//tos/chips/msp430/pins/HplMsp430InterruptC.nc">
          <from><interface-ref name="Port17" ref="0x2ac2c32c4b88" scoped=""/></from>
          <to><interface-ref name="Port17" ref="0x2ac2c32de878" scoped=""/></to>
        </wire>
        <wire loc="77:/home/kasper/tinyos-main//tos/chips/msp430/pins/HplMsp430InterruptC.nc">
          <from><interface-ref name="Port21" ref="0x2ac2c32c2b88" scoped=""/></from>
          <to><interface-ref name="Port21" ref="0x2ac2c32dc878" scoped=""/></to>
        </wire>
        <wire loc="68:/home/kasper/tinyos-main//tos/chips/msp430/pins/HplMsp430InterruptC.nc">
          <from><interface-ref name="Port12" ref="0x2ac2c329fb88" scoped=""/></from>
          <to><interface-ref name="Port12" ref="0x2ac2c32b6878" scoped=""/></to>
        </wire>
        <wire loc="80:/home/kasper/tinyos-main//tos/chips/msp430/pins/HplMsp430InterruptC.nc">
          <from><interface-ref name="Port24" ref="0x2ac2c32bfb88" scoped=""/></from>
          <to><interface-ref name="Port24" ref="0x2ac2c32d9878" scoped=""/></to>
        </wire>
        <wire loc="71:/home/kasper/tinyos-main//tos/chips/msp430/pins/HplMsp430InterruptC.nc">
          <from><interface-ref name="Port15" ref="0x2ac2c32c6b88" scoped=""/></from>
          <to><interface-ref name="Port15" ref="0x2ac2c32b2878" scoped=""/></to>
        </wire>
        <wire loc="83:/home/kasper/tinyos-main//tos/chips/msp430/pins/HplMsp430InterruptC.nc">
          <from><interface-ref name="Port27" ref="0x2ac2c32bcb88" scoped=""/></from>
          <to><interface-ref name="Port27" ref="0x2ac2c32d6878" scoped=""/></to>
        </wire>
        <wire loc="66:/home/kasper/tinyos-main//tos/chips/msp430/pins/HplMsp430InterruptC.nc">
          <from><interface-ref name="Port10" ref="0x2ac2c329bb78" scoped=""/></from>
          <to><interface-ref name="Port10" ref="0x2ac2c32ba920" scoped=""/></to>
        </wire>
        <wire loc="78:/home/kasper/tinyos-main//tos/chips/msp430/pins/HplMsp430InterruptC.nc">
          <from><interface-ref name="Port22" ref="0x2ac2c32c1b88" scoped=""/></from>
          <to><interface-ref name="Port22" ref="0x2ac2c32db878" scoped=""/></to>
        </wire>
        <wire loc="69:/home/kasper/tinyos-main//tos/chips/msp430/pins/HplMsp430InterruptC.nc">
          <from><interface-ref name="Port13" ref="0x2ac2c329ab88" scoped=""/></from>
          <to><interface-ref name="Port13" ref="0x2ac2c32b5878" scoped=""/></to>
        </wire>
        <wire loc="81:/home/kasper/tinyos-main//tos/chips/msp430/pins/HplMsp430InterruptC.nc">
          <from><interface-ref name="Port25" ref="0x2ac2c32beb88" scoped=""/></from>
          <to><interface-ref name="Port25" ref="0x2ac2c32d8878" scoped=""/></to>
        </wire>
        <wire loc="72:/home/kasper/tinyos-main//tos/chips/msp430/pins/HplMsp430InterruptC.nc">
          <from><interface-ref name="Port16" ref="0x2ac2c32c5b88" scoped=""/></from>
          <to><interface-ref name="Port16" ref="0x2ac2c32b1878" scoped=""/></to>
        </wire>
        <wire loc="76:/home/kasper/tinyos-main//tos/chips/msp430/pins/HplMsp430InterruptC.nc">
          <from><interface-ref name="Port20" ref="0x2ac2c32c3b88" scoped=""/></from>
          <to><interface-ref name="Port20" ref="0x2ac2c32dd878" scoped=""/></to>
        </wire>
        <wire loc="67:/home/kasper/tinyos-main//tos/chips/msp430/pins/HplMsp430InterruptC.nc">
          <from><interface-ref name="Port11" ref="0x2ac2c32a0b88" scoped=""/></from>
          <to><interface-ref name="Port11" ref="0x2ac2c32b7878" scoped=""/></to>
        </wire>
        <wire loc="79:/home/kasper/tinyos-main//tos/chips/msp430/pins/HplMsp430InterruptC.nc">
          <from><interface-ref name="Port23" ref="0x2ac2c32c0b88" scoped=""/></from>
          <to><interface-ref name="Port23" ref="0x2ac2c32da878" scoped=""/></to>
        </wire>
      </wiring>
    </component><component loc="43(HplCC2420InterruptsC.InterruptCCAC):/home/kasper/tinyos-main//tos/chips/msp430/pins/Msp430InterruptC.nc" nicename="HplCC2420InterruptsC.InterruptCCAC" qname="HplCC2420InterruptsC.InterruptCCAC">
      <documentation loc="33:/home/kasper/tinyos-main//tos/chips/msp430/pins/Msp430InterruptC.nc">
        <short>
 Implementation of the GPIO interrupt abstraction for
 the TI MSP430 microcontroller.</short>
        <long>
 Implementation of the GPIO interrupt abstraction for
 the TI MSP430 microcontroller.

 @author Jonathan Hui
 @author Joe Polastre
 @see  Please refer to TEP 117 for more information about this component and its
          intended use.
</long>
      </documentation>
      <instance number="1">
        <component-ref nicename="Msp430InterruptC" qname="Msp430InterruptC"/>
      </instance>
      <module/>
    </component><component loc="43(HplCC2420InterruptsC.InterruptFIFOPC):/home/kasper/tinyos-main//tos/chips/msp430/pins/Msp430InterruptC.nc" nicename="HplCC2420InterruptsC.InterruptFIFOPC" qname="HplCC2420InterruptsC.InterruptFIFOPC">
      <documentation loc="33:/home/kasper/tinyos-main//tos/chips/msp430/pins/Msp430InterruptC.nc">
        <short>
 Implementation of the GPIO interrupt abstraction for
 the TI MSP430 microcontroller.</short>
        <long>
 Implementation of the GPIO interrupt abstraction for
 the TI MSP430 microcontroller.

 @author Jonathan Hui
 @author Joe Polastre
 @see  Please refer to TEP 117 for more information about this component and its
          intended use.
</long>
      </documentation>
      <instance number="2">
        <component-ref nicename="Msp430InterruptC" qname="Msp430InterruptC"/>
      </instance>
      <module/>
    </component><component loc="45:/home/kasper/tinyos-main//tos/chips/msp430/pins/HplMsp430GeneralIOC.nc" nicename="HplMsp430GeneralIOC" qname="HplMsp430GeneralIOC">
      <documentation loc="35:/home/kasper/tinyos-main//tos/chips/msp430/pins/HplMsp430GeneralIOC.nc">
        <short>
 HPL for the TI MSP430 family of microprocessors.</short>
        <long>
 HPL for the TI MSP430 family of microprocessors. This provides an
 abstraction for general-purpose I/O.

 @author Joe Polastre
 @author Xavier Orduna &lt;xorduna@dexmatech.com&gt;
 @author Peter A. Bigot &lt;pab@peoplepowerco.com&gt;
 @author Eric B. Decker &lt;cire831@gmail.com&gt;
</long>
      </documentation>
      <configuration/>
      <wiring>
        <wire loc="442:/home/kasper/tinyos-main//tos/chips/msp430/pins/HplMsp430GeneralIOC.nc">
          <from><interface-ref name="Port14" ref="0x2ac2c3090978" scoped=""/></from>
          <to><interface-ref name="IO" ref="0x2ac2c3150ca0" scoped=""/></to>
        </wire>
        <wire loc="455:/home/kasper/tinyos-main//tos/chips/msp430/pins/HplMsp430GeneralIOC.nc">
          <from><interface-ref name="Port26" ref="0x2ac2c30a1568" scoped=""/></from>
          <to><interface-ref name="IO" ref="0x2ac2c3175ca0" scoped=""/></to>
        </wire>
        <wire loc="531:/home/kasper/tinyos-main//tos/chips/msp430/pins/HplMsp430GeneralIOC.nc">
          <from><interface-ref name="SDA" ref="0x2ac2c30cb7d0" scoped=""/></from>
          <to><interface-ref name="IO" ref="0x2ac2c31903d8" scoped=""/></to>
        </wire>
        <wire loc="551:/home/kasper/tinyos-main//tos/chips/msp430/pins/HplMsp430GeneralIOC.nc">
          <from><interface-ref name="ADC6" ref="0x2ac2c30f6558" scoped=""/></from>
          <to><interface-ref name="IO" ref="0x2ac2c320bca0" scoped=""/></to>
        </wire>
        <wire loc="532:/home/kasper/tinyos-main//tos/chips/msp430/pins/HplMsp430GeneralIOC.nc">
          <from><interface-ref name="SOMI0" ref="0x2ac2c30f0660" scoped=""/></from>
          <to><interface-ref name="IO" ref="0x2ac2c318cca0" scoped=""/></to>
        </wire>
        <wire loc="460:/home/kasper/tinyos-main//tos/chips/msp430/pins/HplMsp430GeneralIOC.nc">
          <from><interface-ref name="Port30" ref="0x2ac2c309d568" scoped=""/></from>
          <to><interface-ref name="IO" ref="0x2ac2c316bca0" scoped=""/></to>
        </wire>
        <wire loc="473:/home/kasper/tinyos-main//tos/chips/msp430/pins/HplMsp430GeneralIOC.nc">
          <from><interface-ref name="Port42" ref="0x2ac2c30af568" scoped=""/></from>
          <to><interface-ref name="IO" ref="0x2ac2c31bbca0" scoped=""/></to>
        </wire>
        <wire loc="486:/home/kasper/tinyos-main//tos/chips/msp430/pins/HplMsp430GeneralIOC.nc">
          <from><interface-ref name="Port54" ref="0x2ac2c30c0568" scoped=""/></from>
          <to><interface-ref name="IO" ref="0x2ac2c31e2ca0" scoped=""/></to>
        </wire>
        <wire loc="497:/home/kasper/tinyos-main//tos/chips/msp430/pins/HplMsp430GeneralIOC.nc">
          <from><interface-ref name="Port64" ref="0x2ac2c30d7568" scoped=""/></from>
          <to><interface-ref name="IO" ref="0x2ac2c3215ca0" scoped=""/></to>
        </wire>
        <wire loc="535:/home/kasper/tinyos-main//tos/chips/msp430/pins/HplMsp430GeneralIOC.nc">
          <from><interface-ref name="UTXD0" ref="0x2ac2c30ea560" scoped=""/></from>
          <to><interface-ref name="IO" ref="0x2ac2c3183ca0" scoped=""/></to>
        </wire>
        <wire loc="545:/home/kasper/tinyos-main//tos/chips/msp430/pins/HplMsp430GeneralIOC.nc">
          <from><interface-ref name="ADC0" ref="0x2ac2c3102558" scoped=""/></from>
          <to><interface-ref name="IO" ref="0x2ac2c31fbca0" scoped=""/></to>
        </wire>
        <wire loc="557:/home/kasper/tinyos-main//tos/chips/msp430/pins/HplMsp430GeneralIOC.nc">
          <from><interface-ref name="SVSIN" ref="0x2ac2c3116560" scoped=""/></from>
          <to><interface-ref name="IO" ref="0x2ac2c32063d8" scoped=""/></to>
        </wire>
        <wire loc="445:/home/kasper/tinyos-main//tos/chips/msp430/pins/HplMsp430GeneralIOC.nc">
          <from><interface-ref name="Port17" ref="0x2ac2c3089568" scoped=""/></from>
          <to><interface-ref name="IO" ref="0x2ac2c316a3d8" scoped=""/></to>
        </wire>
        <wire loc="536:/home/kasper/tinyos-main//tos/chips/msp430/pins/HplMsp430GeneralIOC.nc">
          <from><interface-ref name="URXD0" ref="0x2ac2c30e8560" scoped=""/></from>
          <to><interface-ref name="IO" ref="0x2ac2c31a83d8" scoped=""/></to>
        </wire>
        <wire loc="450:/home/kasper/tinyos-main//tos/chips/msp430/pins/HplMsp430GeneralIOC.nc">
          <from><interface-ref name="Port21" ref="0x2ac2c3085568" scoped=""/></from>
          <to><interface-ref name="IO" ref="0x2ac2c31613d8" scoped=""/></to>
        </wire>
        <wire loc="463:/home/kasper/tinyos-main//tos/chips/msp430/pins/HplMsp430GeneralIOC.nc">
          <from><interface-ref name="Port33" ref="0x2ac2c3097568" scoped=""/></from>
          <to><interface-ref name="IO" ref="0x2ac2c31873d8" scoped=""/></to>
        </wire>
        <wire loc="476:/home/kasper/tinyos-main//tos/chips/msp430/pins/HplMsp430GeneralIOC.nc">
          <from><interface-ref name="Port45" ref="0x2ac2c30a8568" scoped=""/></from>
          <to><interface-ref name="IO" ref="0x2ac2c31ad3d8" scoped=""/></to>
        </wire>
        <wire loc="489:/home/kasper/tinyos-main//tos/chips/msp430/pins/HplMsp430GeneralIOC.nc">
          <from><interface-ref name="Port57" ref="0x2ac2c30ba568" scoped=""/></from>
          <to><interface-ref name="IO" ref="0x2ac2c31ff3d8" scoped=""/></to>
        </wire>
        <wire loc="500:/home/kasper/tinyos-main//tos/chips/msp430/pins/HplMsp430GeneralIOC.nc">
          <from><interface-ref name="Port67" ref="0x2ac2c30d1568" scoped=""/></from>
          <to><interface-ref name="IO" ref="0x2ac2c32063d8" scoped=""/></to>
        </wire>
        <wire loc="440:/home/kasper/tinyos-main//tos/chips/msp430/pins/HplMsp430GeneralIOC.nc">
          <from><interface-ref name="Port12" ref="0x2ac2c306ec88" scoped=""/></from>
          <to><interface-ref name="IO" ref="0x2ac2c3131ca0" scoped=""/></to>
        </wire>
        <wire loc="453:/home/kasper/tinyos-main//tos/chips/msp430/pins/HplMsp430GeneralIOC.nc">
          <from><interface-ref name="Port24" ref="0x2ac2c307f568" scoped=""/></from>
          <to><interface-ref name="IO" ref="0x2ac2c317ed08" scoped=""/></to>
        </wire>
        <wire loc="466:/home/kasper/tinyos-main//tos/chips/msp430/pins/HplMsp430GeneralIOC.nc">
          <from><interface-ref name="Port36" ref="0x2ac2c3091568" scoped=""/></from>
          <to><interface-ref name="IO" ref="0x2ac2c31a3ca0" scoped=""/></to>
        </wire>
        <wire loc="530:/home/kasper/tinyos-main//tos/chips/msp430/pins/HplMsp430GeneralIOC.nc">
          <from><interface-ref name="SIMO0" ref="0x2ac2c30cd970" scoped=""/></from>
          <to><interface-ref name="IO" ref="0x2ac2c31903d8" scoped=""/></to>
        </wire>
        <wire loc="548:/home/kasper/tinyos-main//tos/chips/msp430/pins/HplMsp430GeneralIOC.nc">
          <from><interface-ref name="ADC3" ref="0x2ac2c30fc558" scoped=""/></from>
          <to><interface-ref name="IO" ref="0x2ac2c31ed3d8" scoped=""/></to>
        </wire>
        <wire loc="555:/home/kasper/tinyos-main//tos/chips/msp430/pins/HplMsp430GeneralIOC.nc">
          <from><interface-ref name="DAC1" ref="0x2ac2c3118558" scoped=""/></from>
          <to><interface-ref name="IO" ref="0x2ac2c32063d8" scoped=""/></to>
        </wire>
        <wire loc="541:/home/kasper/tinyos-main//tos/chips/msp430/pins/HplMsp430GeneralIOC.nc">
          <from><interface-ref name="UCLK1" ref="0x2ac2c30e0560" scoped=""/></from>
          <to><interface-ref name="IO" ref="0x2ac2c31e63d8" scoped=""/></to>
        </wire>
        <wire loc="471:/home/kasper/tinyos-main//tos/chips/msp430/pins/HplMsp430GeneralIOC.nc">
          <from><interface-ref name="Port40" ref="0x2ac2c30b3568" scoped=""/></from>
          <to><interface-ref name="IO" ref="0x2ac2c319add8" scoped=""/></to>
        </wire>
        <wire loc="484:/home/kasper/tinyos-main//tos/chips/msp430/pins/HplMsp430GeneralIOC.nc">
          <from><interface-ref name="Port52" ref="0x2ac2c30c4568" scoped=""/></from>
          <to><interface-ref name="IO" ref="0x2ac2c31c0ca0" scoped=""/></to>
        </wire>
        <wire loc="495:/home/kasper/tinyos-main//tos/chips/msp430/pins/HplMsp430GeneralIOC.nc">
          <from><interface-ref name="Port62" ref="0x2ac2c30db568" scoped=""/></from>
          <to><interface-ref name="IO" ref="0x2ac2c31f2ca0" scoped=""/></to>
        </wire>
        <wire loc="549:/home/kasper/tinyos-main//tos/chips/msp430/pins/HplMsp430GeneralIOC.nc">
          <from><interface-ref name="ADC4" ref="0x2ac2c30fa558" scoped=""/></from>
          <to><interface-ref name="IO" ref="0x2ac2c3215ca0" scoped=""/></to>
        </wire>
        <wire loc="538:/home/kasper/tinyos-main//tos/chips/msp430/pins/HplMsp430GeneralIOC.nc">
          <from><interface-ref name="STE1" ref="0x2ac2c30e6558" scoped=""/></from>
          <to><interface-ref name="IO" ref="0x2ac2c31c9ca0" scoped=""/></to>
        </wire>
        <wire loc="443:/home/kasper/tinyos-main//tos/chips/msp430/pins/HplMsp430GeneralIOC.nc">
          <from><interface-ref name="Port15" ref="0x2ac2c308d7f0" scoped=""/></from>
          <to><interface-ref name="IO" ref="0x2ac2c314b3d8" scoped=""/></to>
        </wire>
        <wire loc="456:/home/kasper/tinyos-main//tos/chips/msp430/pins/HplMsp430GeneralIOC.nc">
          <from><interface-ref name="Port27" ref="0x2ac2c309f568" scoped=""/></from>
          <to><interface-ref name="IO" ref="0x2ac2c316f3d8" scoped=""/></to>
        </wire>
        <wire loc="493:/home/kasper/tinyos-main//tos/chips/msp430/pins/HplMsp430GeneralIOC.nc">
          <from><interface-ref name="Port60" ref="0x2ac2c30b8568" scoped=""/></from>
          <to><interface-ref name="IO" ref="0x2ac2c31fbca0" scoped=""/></to>
        </wire>
        <wire loc="461:/home/kasper/tinyos-main//tos/chips/msp430/pins/HplMsp430GeneralIOC.nc">
          <from><interface-ref name="Port31" ref="0x2ac2c309b568" scoped=""/></from>
          <to><interface-ref name="IO" ref="0x2ac2c31903d8" scoped=""/></to>
        </wire>
        <wire loc="474:/home/kasper/tinyos-main//tos/chips/msp430/pins/HplMsp430GeneralIOC.nc">
          <from><interface-ref name="Port43" ref="0x2ac2c30ad568" scoped=""/></from>
          <to><interface-ref name="IO" ref="0x2ac2c31b63d8" scoped=""/></to>
        </wire>
        <wire loc="487:/home/kasper/tinyos-main//tos/chips/msp430/pins/HplMsp430GeneralIOC.nc">
          <from><interface-ref name="Port55" ref="0x2ac2c30be568" scoped=""/></from>
          <to><interface-ref name="IO" ref="0x2ac2c31dd3d8" scoped=""/></to>
        </wire>
        <wire loc="498:/home/kasper/tinyos-main//tos/chips/msp430/pins/HplMsp430GeneralIOC.nc">
          <from><interface-ref name="Port65" ref="0x2ac2c30d5568" scoped=""/></from>
          <to><interface-ref name="IO" ref="0x2ac2c320f3d8" scoped=""/></to>
        </wire>
        <wire loc="540:/home/kasper/tinyos-main//tos/chips/msp430/pins/HplMsp430GeneralIOC.nc">
          <from><interface-ref name="SOMI1" ref="0x2ac2c30e2560" scoped=""/></from>
          <to><interface-ref name="IO" ref="0x2ac2c31c0ca0" scoped=""/></to>
        </wire>
        <wire loc="438:/home/kasper/tinyos-main//tos/chips/msp430/pins/HplMsp430GeneralIOC.nc">
          <from><interface-ref name="Port10" ref="0x2ac2c307a020" scoped=""/></from>
          <to><interface-ref name="IO" ref="0x2ac2c310fe18" scoped=""/></to>
        </wire>
        <wire loc="451:/home/kasper/tinyos-main//tos/chips/msp430/pins/HplMsp430GeneralIOC.nc">
          <from><interface-ref name="Port22" ref="0x2ac2c3083568" scoped=""/></from>
          <to><interface-ref name="IO" ref="0x2ac2c315dca0" scoped=""/></to>
        </wire>
        <wire loc="464:/home/kasper/tinyos-main//tos/chips/msp430/pins/HplMsp430GeneralIOC.nc">
          <from><interface-ref name="Port34" ref="0x2ac2c3095568" scoped=""/></from>
          <to><interface-ref name="IO" ref="0x2ac2c3183ca0" scoped=""/></to>
        </wire>
        <wire loc="477:/home/kasper/tinyos-main//tos/chips/msp430/pins/HplMsp430GeneralIOC.nc">
          <from><interface-ref name="Port46" ref="0x2ac2c30a6568" scoped=""/></from>
          <to><interface-ref name="IO" ref="0x2ac2c31d2ca0" scoped=""/></to>
        </wire>
        <wire loc="542:/home/kasper/tinyos-main//tos/chips/msp430/pins/HplMsp430GeneralIOC.nc">
          <from><interface-ref name="UTXD1" ref="0x2ac2c30de560" scoped=""/></from>
          <to><interface-ref name="IO" ref="0x2ac2c31a3ca0" scoped=""/></to>
        </wire>
        <wire loc="546:/home/kasper/tinyos-main//tos/chips/msp430/pins/HplMsp430GeneralIOC.nc">
          <from><interface-ref name="ADC1" ref="0x2ac2c3100558" scoped=""/></from>
          <to><interface-ref name="IO" ref="0x2ac2c31f63d8" scoped=""/></to>
        </wire>
        <wire loc="552:/home/kasper/tinyos-main//tos/chips/msp430/pins/HplMsp430GeneralIOC.nc">
          <from><interface-ref name="ADC7" ref="0x2ac2c30f4558" scoped=""/></from>
          <to><interface-ref name="IO" ref="0x2ac2c32063d8" scoped=""/></to>
        </wire>
        <wire loc="482:/home/kasper/tinyos-main//tos/chips/msp430/pins/HplMsp430GeneralIOC.nc">
          <from><interface-ref name="Port50" ref="0x2ac2c30c8568" scoped=""/></from>
          <to><interface-ref name="IO" ref="0x2ac2c31c9ca0" scoped=""/></to>
        </wire>
        <wire loc="543:/home/kasper/tinyos-main//tos/chips/msp430/pins/HplMsp430GeneralIOC.nc">
          <from><interface-ref name="URXD1" ref="0x2ac2c3104560" scoped=""/></from>
          <to><interface-ref name="IO" ref="0x2ac2c319e3d8" scoped=""/></to>
        </wire>
        <wire loc="441:/home/kasper/tinyos-main//tos/chips/msp430/pins/HplMsp430GeneralIOC.nc">
          <from><interface-ref name="Port13" ref="0x2ac2c306cb00" scoped=""/></from>
          <to><interface-ref name="IO" ref="0x2ac2c31543d8" scoped=""/></to>
        </wire>
        <wire loc="454:/home/kasper/tinyos-main//tos/chips/msp430/pins/HplMsp430GeneralIOC.nc">
          <from><interface-ref name="Port25" ref="0x2ac2c30a3568" scoped=""/></from>
          <to><interface-ref name="IO" ref="0x2ac2c31793d8" scoped=""/></to>
        </wire>
        <wire loc="467:/home/kasper/tinyos-main//tos/chips/msp430/pins/HplMsp430GeneralIOC.nc">
          <from><interface-ref name="Port37" ref="0x2ac2c30b5568" scoped=""/></from>
          <to><interface-ref name="IO" ref="0x2ac2c319e3d8" scoped=""/></to>
        </wire>
        <wire loc="539:/home/kasper/tinyos-main//tos/chips/msp430/pins/HplMsp430GeneralIOC.nc">
          <from><interface-ref name="SIMO1" ref="0x2ac2c30e4560" scoped=""/></from>
          <to><interface-ref name="IO" ref="0x2ac2c31c43d8" scoped=""/></to>
        </wire>
        <wire loc="550:/home/kasper/tinyos-main//tos/chips/msp430/pins/HplMsp430GeneralIOC.nc">
          <from><interface-ref name="ADC5" ref="0x2ac2c30f8558" scoped=""/></from>
          <to><interface-ref name="IO" ref="0x2ac2c320f3d8" scoped=""/></to>
        </wire>
        <wire loc="472:/home/kasper/tinyos-main//tos/chips/msp430/pins/HplMsp430GeneralIOC.nc">
          <from><interface-ref name="Port41" ref="0x2ac2c30b1668" scoped=""/></from>
          <to><interface-ref name="IO" ref="0x2ac2c3195478" scoped=""/></to>
        </wire>
        <wire loc="485:/home/kasper/tinyos-main//tos/chips/msp430/pins/HplMsp430GeneralIOC.nc">
          <from><interface-ref name="Port53" ref="0x2ac2c30c2568" scoped=""/></from>
          <to><interface-ref name="IO" ref="0x2ac2c31e63d8" scoped=""/></to>
        </wire>
        <wire loc="496:/home/kasper/tinyos-main//tos/chips/msp430/pins/HplMsp430GeneralIOC.nc">
          <from><interface-ref name="Port63" ref="0x2ac2c30d9568" scoped=""/></from>
          <to><interface-ref name="IO" ref="0x2ac2c31ed3d8" scoped=""/></to>
        </wire>
        <wire loc="444:/home/kasper/tinyos-main//tos/chips/msp430/pins/HplMsp430GeneralIOC.nc">
          <from><interface-ref name="Port16" ref="0x2ac2c308b668" scoped=""/></from>
          <to><interface-ref name="IO" ref="0x2ac2c3147ca0" scoped=""/></to>
        </wire>
        <wire loc="494:/home/kasper/tinyos-main//tos/chips/msp430/pins/HplMsp430GeneralIOC.nc">
          <from><interface-ref name="Port61" ref="0x2ac2c30dd568" scoped=""/></from>
          <to><interface-ref name="IO" ref="0x2ac2c31f63d8" scoped=""/></to>
        </wire>
        <wire loc="449:/home/kasper/tinyos-main//tos/chips/msp430/pins/HplMsp430GeneralIOC.nc">
          <from><interface-ref name="Port20" ref="0x2ac2c3087568" scoped=""/></from>
          <to><interface-ref name="IO" ref="0x2ac2c3166ca0" scoped=""/></to>
        </wire>
        <wire loc="462:/home/kasper/tinyos-main//tos/chips/msp430/pins/HplMsp430GeneralIOC.nc">
          <from><interface-ref name="Port32" ref="0x2ac2c3099568" scoped=""/></from>
          <to><interface-ref name="IO" ref="0x2ac2c318cca0" scoped=""/></to>
        </wire>
        <wire loc="475:/home/kasper/tinyos-main//tos/chips/msp430/pins/HplMsp430GeneralIOC.nc">
          <from><interface-ref name="Port44" ref="0x2ac2c30aa568" scoped=""/></from>
          <to><interface-ref name="IO" ref="0x2ac2c31b2ca0" scoped=""/></to>
        </wire>
        <wire loc="488:/home/kasper/tinyos-main//tos/chips/msp430/pins/HplMsp430GeneralIOC.nc">
          <from><interface-ref name="Port56" ref="0x2ac2c30bc568" scoped=""/></from>
          <to><interface-ref name="IO" ref="0x2ac2c31d8ca0" scoped=""/></to>
        </wire>
        <wire loc="499:/home/kasper/tinyos-main//tos/chips/msp430/pins/HplMsp430GeneralIOC.nc">
          <from><interface-ref name="Port66" ref="0x2ac2c30d3568" scoped=""/></from>
          <to><interface-ref name="IO" ref="0x2ac2c320bca0" scoped=""/></to>
        </wire>
        <wire loc="439:/home/kasper/tinyos-main//tos/chips/msp430/pins/HplMsp430GeneralIOC.nc">
          <from><interface-ref name="Port11" ref="0x2ac2c3079e10" scoped=""/></from>
          <to><interface-ref name="IO" ref="0x2ac2c3135478" scoped=""/></to>
        </wire>
        <wire loc="452:/home/kasper/tinyos-main//tos/chips/msp430/pins/HplMsp430GeneralIOC.nc">
          <from><interface-ref name="Port23" ref="0x2ac2c3081568" scoped=""/></from>
          <to><interface-ref name="IO" ref="0x2ac2c31583d8" scoped=""/></to>
        </wire>
        <wire loc="465:/home/kasper/tinyos-main//tos/chips/msp430/pins/HplMsp430GeneralIOC.nc">
          <from><interface-ref name="Port35" ref="0x2ac2c3093568" scoped=""/></from>
          <to><interface-ref name="IO" ref="0x2ac2c31a83d8" scoped=""/></to>
        </wire>
        <wire loc="478:/home/kasper/tinyos-main//tos/chips/msp430/pins/HplMsp430GeneralIOC.nc">
          <from><interface-ref name="Port47" ref="0x2ac2c30a4568" scoped=""/></from>
          <to><interface-ref name="IO" ref="0x2ac2c31cd3d8" scoped=""/></to>
        </wire>
        <wire loc="534:/home/kasper/tinyos-main//tos/chips/msp430/pins/HplMsp430GeneralIOC.nc">
          <from><interface-ref name="SCL" ref="0x2ac2c30ec548" scoped=""/></from>
          <to><interface-ref name="IO" ref="0x2ac2c31873d8" scoped=""/></to>
        </wire>
        <wire loc="547:/home/kasper/tinyos-main//tos/chips/msp430/pins/HplMsp430GeneralIOC.nc">
          <from><interface-ref name="ADC2" ref="0x2ac2c30fe558" scoped=""/></from>
          <to><interface-ref name="IO" ref="0x2ac2c31f2ca0" scoped=""/></to>
        </wire>
        <wire loc="533:/home/kasper/tinyos-main//tos/chips/msp430/pins/HplMsp430GeneralIOC.nc">
          <from><interface-ref name="UCLK0" ref="0x2ac2c30ee560" scoped=""/></from>
          <to><interface-ref name="IO" ref="0x2ac2c31873d8" scoped=""/></to>
        </wire>
        <wire loc="483:/home/kasper/tinyos-main//tos/chips/msp430/pins/HplMsp430GeneralIOC.nc">
          <from><interface-ref name="Port51" ref="0x2ac2c30c6568" scoped=""/></from>
          <to><interface-ref name="IO" ref="0x2ac2c31c43d8" scoped=""/></to>
        </wire>
        <wire loc="554:/home/kasper/tinyos-main//tos/chips/msp430/pins/HplMsp430GeneralIOC.nc">
          <from><interface-ref name="DAC0" ref="0x2ac2c30f2558" scoped=""/></from>
          <to><interface-ref name="IO" ref="0x2ac2c320bca0" scoped=""/></to>
        </wire>
        <wire loc="558:/home/kasper/tinyos-main//tos/chips/msp430/pins/HplMsp430GeneralIOC.nc">
          <from><interface-ref name="SVSOUT" ref="0x2ac2c3114568" scoped=""/></from>
          <to><interface-ref name="IO" ref="0x2ac2c31ff3d8" scoped=""/></to>
        </wire>
        <wire loc="529:/home/kasper/tinyos-main//tos/chips/msp430/pins/HplMsp430GeneralIOC.nc">
          <from><interface-ref name="STE0" ref="0x2ac2c30cf5b8" scoped=""/></from>
          <to><interface-ref name="IO" ref="0x2ac2c316bca0" scoped=""/></to>
        </wire>
      </wiring>
    </component><component loc="37:/home/kasper/tinyos-main//tos/chips/msp430/timer/Msp430TimerC.nc" nicename="Msp430TimerC" qname="Msp430TimerC">
      <documentation loc="33:/home/kasper/tinyos-main//tos/chips/msp430/timer/Msp430TimerC.nc">
        <short>
 </short>
        <long>
 @author Cory Sharp &lt;cssharp@eecs.berkeley.edu&gt;
</long>
      </documentation>
      <configuration/>
      <wiring>
        <wire loc="113:/home/kasper/tinyos-main//tos/chips/msp430/timer/Msp430TimerC.nc">
          <from><interface-ref name="ControlA2" ref="0x2ac2c2edfa20" scoped=""/></from>
          <to><interface-ref name="Control" ref="0x2ac2c2fa8c80" scoped=""/></to>
        </wire>
        <wire loc="126:/home/kasper/tinyos-main//tos/chips/msp430/timer/Msp430TimerC.nc">
          <from><interface-ref name="ControlB0" ref="0x2ac2c2f07ba8" scoped=""/></from>
          <to><interface-ref name="Control" ref="0x2ac2c2fc3c80" scoped=""/></to>
        </wire>
        <wire loc="108:/home/kasper/tinyos-main//tos/chips/msp430/timer/Msp430TimerC.nc">
          <from><interface-ref name="CaptureA1" ref="0x2ac2c2ef03d0" scoped=""/></from>
          <to><interface-ref name="Capture" ref="0x2ac2c2faec58" scoped=""/></to>
        </wire>
        <wire loc="149:/home/kasper/tinyos-main//tos/chips/msp430/timer/Msp430TimerC.nc">
          <from><interface-ref name="CaptureB3" ref="0x2ac2c2f14020" scoped=""/></from>
          <to><interface-ref name="Capture" ref="0x2ac2c2fccc58" scoped=""/></to>
        </wire>
        <wire loc="107:/home/kasper/tinyos-main//tos/chips/msp430/timer/Msp430TimerC.nc">
          <from><interface-ref name="CompareA1" ref="0x2ac2c2ef5d40" scoped=""/></from>
          <to><interface-ref name="Compare" ref="0x2ac2c2fae020" scoped=""/></to>
        </wire>
        <wire loc="148:/home/kasper/tinyos-main//tos/chips/msp430/timer/Msp430TimerC.nc">
          <from><interface-ref name="CompareB3" ref="0x2ac2c2f1b6e0" scoped=""/></from>
          <to><interface-ref name="Compare" ref="0x2ac2c2fcc020" scoped=""/></to>
        </wire>
        <wire loc="170:/home/kasper/tinyos-main//tos/chips/msp430/timer/Msp430TimerC.nc">
          <from><interface-ref name="CaptureB6" ref="0x2ac2c2f11020" scoped=""/></from>
          <to><interface-ref name="Capture" ref="0x2ac2c2fd9c58" scoped=""/></to>
        </wire>
        <wire loc="154:/home/kasper/tinyos-main//tos/chips/msp430/timer/Msp430TimerC.nc">
          <from><interface-ref name="ControlB4" ref="0x2ac2c2f01020" scoped=""/></from>
          <to><interface-ref name="Control" ref="0x2ac2c2fc7c80" scoped=""/></to>
        </wire>
        <wire loc="99:/home/kasper/tinyos-main//tos/chips/msp430/timer/Msp430TimerC.nc">
          <from><interface-ref name="ControlA0" ref="0x2ac2c2ef91b0" scoped=""/></from>
          <to><interface-ref name="Control" ref="0x2ac2c2f50c80" scoped=""/></to>
        </wire>
        <wire loc="135:/home/kasper/tinyos-main//tos/chips/msp430/timer/Msp430TimerC.nc">
          <from><interface-ref name="CaptureB1" ref="0x2ac2c2f16020" scoped=""/></from>
          <to><interface-ref name="Capture" ref="0x2ac2c2fb9c58" scoped=""/></to>
        </wire>
        <wire loc="134:/home/kasper/tinyos-main//tos/chips/msp430/timer/Msp430TimerC.nc">
          <from><interface-ref name="CompareB1" ref="0x2ac2c2efda70" scoped=""/></from>
          <to><interface-ref name="Compare" ref="0x2ac2c2fb9020" scoped=""/></to>
        </wire>
        <wire loc="133:/home/kasper/tinyos-main//tos/chips/msp430/timer/Msp430TimerC.nc">
          <from><interface-ref name="ControlB1" ref="0x2ac2c2f05060" scoped=""/></from>
          <to><interface-ref name="Control" ref="0x2ac2c2fbbc80" scoped=""/></to>
        </wire>
        <wire loc="115:/home/kasper/tinyos-main//tos/chips/msp430/timer/Msp430TimerC.nc">
          <from><interface-ref name="CaptureA2" ref="0x2ac2c2eef3d0" scoped=""/></from>
          <to><interface-ref name="Capture" ref="0x2ac2c2fa6c58" scoped=""/></to>
        </wire>
        <wire loc="156:/home/kasper/tinyos-main//tos/chips/msp430/timer/Msp430TimerC.nc">
          <from><interface-ref name="CaptureB4" ref="0x2ac2c2f13020" scoped=""/></from>
          <to><interface-ref name="Capture" ref="0x2ac2c2fc5c58" scoped=""/></to>
        </wire>
        <wire loc="140:/home/kasper/tinyos-main//tos/chips/msp430/timer/Msp430TimerC.nc">
          <from><interface-ref name="ControlB2" ref="0x2ac2c2f04588" scoped=""/></from>
          <to><interface-ref name="Control" ref="0x2ac2c2fb4c80" scoped=""/></to>
        </wire>
        <wire loc="114:/home/kasper/tinyos-main//tos/chips/msp430/timer/Msp430TimerC.nc">
          <from><interface-ref name="CompareA2" ref="0x2ac2c2ef4aa8" scoped=""/></from>
          <to><interface-ref name="Compare" ref="0x2ac2c2fa6020" scoped=""/></to>
        </wire>
        <wire loc="93:/home/kasper/tinyos-main//tos/chips/msp430/timer/Msp430TimerC.nc">
          <from><interface-ref name="TimerA" ref="0x2ac2c2ee1b88" scoped=""/></from>
          <to><interface-ref name="Timer" ref="0x2ac2c2f3d798" scoped=""/></to>
        </wire>
        <wire loc="155:/home/kasper/tinyos-main//tos/chips/msp430/timer/Msp430TimerC.nc">
          <from><interface-ref name="CompareB4" ref="0x2ac2c2f1a558" scoped=""/></from>
          <to><interface-ref name="Compare" ref="0x2ac2c2fc5020" scoped=""/></to>
        </wire>
        <wire loc="106:/home/kasper/tinyos-main//tos/chips/msp430/timer/Msp430TimerC.nc">
          <from><interface-ref name="ControlA1" ref="0x2ac2c2ee0588" scoped=""/></from>
          <to><interface-ref name="Control" ref="0x2ac2c2fb0c80" scoped=""/></to>
        </wire>
        <wire loc="161:/home/kasper/tinyos-main//tos/chips/msp430/timer/Msp430TimerC.nc">
          <from><interface-ref name="ControlB5" ref="0x2ac2c2f00400" scoped=""/></from>
          <to><interface-ref name="Control" ref="0x2ac2c2fe2c80" scoped=""/></to>
        </wire>
        <wire loc="101:/home/kasper/tinyos-main//tos/chips/msp430/timer/Msp430TimerC.nc">
          <from><interface-ref name="CaptureA0" ref="0x2ac2c2f0a4e0" scoped=""/></from>
          <to><interface-ref name="Capture" ref="0x2ac2c2f93c58" scoped=""/></to>
        </wire>
        <wire loc="142:/home/kasper/tinyos-main//tos/chips/msp430/timer/Msp430TimerC.nc">
          <from><interface-ref name="CaptureB2" ref="0x2ac2c2f15020" scoped=""/></from>
          <to><interface-ref name="Capture" ref="0x2ac2c2fd4c58" scoped=""/></to>
        </wire>
        <wire loc="100:/home/kasper/tinyos-main//tos/chips/msp430/timer/Msp430TimerC.nc">
          <from><interface-ref name="CompareA0" ref="0x2ac2c2ef5020" scoped=""/></from>
          <to><interface-ref name="Compare" ref="0x2ac2c2f93020" scoped=""/></to>
        </wire>
        <wire loc="141:/home/kasper/tinyos-main//tos/chips/msp430/timer/Msp430TimerC.nc">
          <from><interface-ref name="CompareB2" ref="0x2ac2c2f1c868" scoped=""/></from>
          <to><interface-ref name="Compare" ref="0x2ac2c2fd4020" scoped=""/></to>
        </wire>
        <wire loc="163:/home/kasper/tinyos-main//tos/chips/msp430/timer/Msp430TimerC.nc">
          <from><interface-ref name="CaptureB5" ref="0x2ac2c2f12020" scoped=""/></from>
          <to><interface-ref name="Capture" ref="0x2ac2c2fe0c58" scoped=""/></to>
        </wire>
        <wire loc="147:/home/kasper/tinyos-main//tos/chips/msp430/timer/Msp430TimerC.nc">
          <from><interface-ref name="ControlB3" ref="0x2ac2c2f03a20" scoped=""/></from>
          <to><interface-ref name="Control" ref="0x2ac2c2fcec80" scoped=""/></to>
        </wire>
        <wire loc="120:/home/kasper/tinyos-main//tos/chips/msp430/timer/Msp430TimerC.nc">
          <from><interface-ref name="TimerB" ref="0x2ac2c2f09398" scoped=""/></from>
          <to><interface-ref name="Timer" ref="0x2ac2c2f561e8" scoped=""/></to>
        </wire>
        <wire loc="162:/home/kasper/tinyos-main//tos/chips/msp430/timer/Msp430TimerC.nc">
          <from><interface-ref name="CompareB5" ref="0x2ac2c2f193d0" scoped=""/></from>
          <to><interface-ref name="Compare" ref="0x2ac2c2fe0020" scoped=""/></to>
        </wire>
        <wire loc="128:/home/kasper/tinyos-main//tos/chips/msp430/timer/Msp430TimerC.nc">
          <from><interface-ref name="CaptureB0" ref="0x2ac2c2f17060" scoped=""/></from>
          <to><interface-ref name="Capture" ref="0x2ac2c2fc1c58" scoped=""/></to>
        </wire>
        <wire loc="169:/home/kasper/tinyos-main//tos/chips/msp430/timer/Msp430TimerC.nc">
          <from><interface-ref name="CompareB6" ref="0x2ac2c2f18120" scoped=""/></from>
          <to><interface-ref name="Compare" ref="0x2ac2c2fd9020" scoped=""/></to>
        </wire>
        <wire loc="127:/home/kasper/tinyos-main//tos/chips/msp430/timer/Msp430TimerC.nc">
          <from><interface-ref name="CompareB0" ref="0x2ac2c2efed00" scoped=""/></from>
          <to><interface-ref name="Compare" ref="0x2ac2c2fc1020" scoped=""/></to>
        </wire>
        <wire loc="168:/home/kasper/tinyos-main//tos/chips/msp430/timer/Msp430TimerC.nc">
          <from><interface-ref name="ControlB6" ref="0x2ac2c2eff898" scoped=""/></from>
          <to><interface-ref name="Control" ref="0x2ac2c2fdbc80" scoped=""/></to>
        </wire>
        <wire loc="94:/home/kasper/tinyos-main//tos/chips/msp430/timer/Msp430TimerC.nc">
          <from><interface-ref name="Overflow" ref="0x2ac2c2f5c658" scoped=""/></from>
          <to><interface-ref name="Event" ref="0x2ac2c2f5c020" scoped=""/>
          <arguments>
            <value cst="I:5">
              <type-int alignment="I:2" cname="int" size="I:2"/>
            </value>
          </arguments>
          </to>
        </wire>
        <wire loc="95:/home/kasper/tinyos-main//tos/chips/msp430/timer/Msp430TimerC.nc">
          <from><interface-ref name="VectorTimerX0" ref="0x2ac2c2f5cc70" scoped=""/></from>
          <to><interface-ref name="VectorTimerA0" ref="0x2ac2c2ff5520" scoped=""/></to>
        </wire>
        <wire loc="96:/home/kasper/tinyos-main//tos/chips/msp430/timer/Msp430TimerC.nc">
          <from><interface-ref name="VectorTimerX1" ref="0x2ac2c2f5a2e8" scoped=""/></from>
          <to><interface-ref name="VectorTimerA1" ref="0x2ac2c2ff5c68" scoped=""/></to>
        </wire>
        <wire loc="102:/home/kasper/tinyos-main//tos/chips/msp430/timer/Msp430TimerC.nc">
          <from><interface-ref name="Timer" ref="0x2ac2c2f92a90" scoped=""/></from>
          <to><interface-ref name="Timer" ref="0x2ac2c2f3d798" scoped=""/></to>
        </wire>
        <wire loc="103:/home/kasper/tinyos-main//tos/chips/msp430/timer/Msp430TimerC.nc">
          <from><interface-ref name="Event" ref="0x2ac2c2fb2100" scoped=""/></from>
          <to><interface-ref name="Event" ref="0x2ac2c2f5c020" scoped=""/>
          <arguments>
            <value cst="I:0">
              <type-int alignment="I:2" cname="int" size="I:2"/>
            </value>
          </arguments>
          </to>
        </wire>
        <wire loc="109:/home/kasper/tinyos-main//tos/chips/msp430/timer/Msp430TimerC.nc">
          <from><interface-ref name="Timer" ref="0x2ac2c2faca90" scoped=""/></from>
          <to><interface-ref name="Timer" ref="0x2ac2c2f3d798" scoped=""/></to>
        </wire>
        <wire loc="110:/home/kasper/tinyos-main//tos/chips/msp430/timer/Msp430TimerC.nc">
          <from><interface-ref name="Event" ref="0x2ac2c2faa100" scoped=""/></from>
          <to><interface-ref name="Event" ref="0x2ac2c2f5c020" scoped=""/>
          <arguments>
            <value cst="I:1">
              <type-int alignment="I:2" cname="int" size="I:2"/>
            </value>
          </arguments>
          </to>
        </wire>
        <wire loc="116:/home/kasper/tinyos-main//tos/chips/msp430/timer/Msp430TimerC.nc">
          <from><interface-ref name="Timer" ref="0x2ac2c2fa5a90" scoped=""/></from>
          <to><interface-ref name="Timer" ref="0x2ac2c2f3d798" scoped=""/></to>
        </wire>
        <wire loc="117:/home/kasper/tinyos-main//tos/chips/msp430/timer/Msp430TimerC.nc">
          <from><interface-ref name="Event" ref="0x2ac2c2fa3100" scoped=""/></from>
          <to><interface-ref name="Event" ref="0x2ac2c2f5c020" scoped=""/>
          <arguments>
            <value cst="I:2">
              <type-int alignment="I:2" cname="int" size="I:2"/>
            </value>
          </arguments>
          </to>
        </wire>
        <wire loc="121:/home/kasper/tinyos-main//tos/chips/msp430/timer/Msp430TimerC.nc">
          <from><interface-ref name="Overflow" ref="0x2ac2c2f54020" scoped=""/></from>
          <to><interface-ref name="Event" ref="0x2ac2c2f558a0" scoped=""/>
          <arguments>
            <value cst="I:7">
              <type-int alignment="I:2" cname="int" size="I:2"/>
            </value>
          </arguments>
          </to>
        </wire>
        <wire loc="122:/home/kasper/tinyos-main//tos/chips/msp430/timer/Msp430TimerC.nc">
          <from><interface-ref name="VectorTimerX0" ref="0x2ac2c2f54638" scoped=""/></from>
          <to><interface-ref name="VectorTimerB0" ref="0x2ac2c2ff4418" scoped=""/></to>
        </wire>
        <wire loc="123:/home/kasper/tinyos-main//tos/chips/msp430/timer/Msp430TimerC.nc">
          <from><interface-ref name="VectorTimerX1" ref="0x2ac2c2f54c50" scoped=""/></from>
          <to><interface-ref name="VectorTimerB1" ref="0x2ac2c2ff4b60" scoped=""/></to>
        </wire>
        <wire loc="129:/home/kasper/tinyos-main//tos/chips/msp430/timer/Msp430TimerC.nc">
          <from><interface-ref name="Timer" ref="0x2ac2c2fbfa90" scoped=""/></from>
          <to><interface-ref name="Timer" ref="0x2ac2c2f561e8" scoped=""/></to>
        </wire>
        <wire loc="130:/home/kasper/tinyos-main//tos/chips/msp430/timer/Msp430TimerC.nc">
          <from><interface-ref name="Event" ref="0x2ac2c2fbd100" scoped=""/></from>
          <to><interface-ref name="Event" ref="0x2ac2c2f558a0" scoped=""/>
          <arguments>
            <value cst="I:0">
              <type-int alignment="I:2" cname="int" size="I:2"/>
            </value>
          </arguments>
          </to>
        </wire>
        <wire loc="136:/home/kasper/tinyos-main//tos/chips/msp430/timer/Msp430TimerC.nc">
          <from><interface-ref name="Timer" ref="0x2ac2c2fb8a90" scoped=""/></from>
          <to><interface-ref name="Timer" ref="0x2ac2c2f561e8" scoped=""/></to>
        </wire>
        <wire loc="137:/home/kasper/tinyos-main//tos/chips/msp430/timer/Msp430TimerC.nc">
          <from><interface-ref name="Event" ref="0x2ac2c2fb6100" scoped=""/></from>
          <to><interface-ref name="Event" ref="0x2ac2c2f558a0" scoped=""/>
          <arguments>
            <value cst="I:1">
              <type-int alignment="I:2" cname="int" size="I:2"/>
            </value>
          </arguments>
          </to>
        </wire>
        <wire loc="143:/home/kasper/tinyos-main//tos/chips/msp430/timer/Msp430TimerC.nc">
          <from><interface-ref name="Timer" ref="0x2ac2c2fd2a90" scoped=""/></from>
          <to><interface-ref name="Timer" ref="0x2ac2c2f561e8" scoped=""/></to>
        </wire>
        <wire loc="144:/home/kasper/tinyos-main//tos/chips/msp430/timer/Msp430TimerC.nc">
          <from><interface-ref name="Event" ref="0x2ac2c2fd0100" scoped=""/></from>
          <to><interface-ref name="Event" ref="0x2ac2c2f558a0" scoped=""/>
          <arguments>
            <value cst="I:2">
              <type-int alignment="I:2" cname="int" size="I:2"/>
            </value>
          </arguments>
          </to>
        </wire>
        <wire loc="150:/home/kasper/tinyos-main//tos/chips/msp430/timer/Msp430TimerC.nc">
          <from><interface-ref name="Timer" ref="0x2ac2c2fcba90" scoped=""/></from>
          <to><interface-ref name="Timer" ref="0x2ac2c2f561e8" scoped=""/></to>
        </wire>
        <wire loc="151:/home/kasper/tinyos-main//tos/chips/msp430/timer/Msp430TimerC.nc">
          <from><interface-ref name="Event" ref="0x2ac2c2fc9100" scoped=""/></from>
          <to><interface-ref name="Event" ref="0x2ac2c2f558a0" scoped=""/>
          <arguments>
            <value cst="I:3">
              <type-int alignment="I:2" cname="int" size="I:2"/>
            </value>
          </arguments>
          </to>
        </wire>
        <wire loc="157:/home/kasper/tinyos-main//tos/chips/msp430/timer/Msp430TimerC.nc">
          <from><interface-ref name="Timer" ref="0x2ac2c2fc4a90" scoped=""/></from>
          <to><interface-ref name="Timer" ref="0x2ac2c2f561e8" scoped=""/></to>
        </wire>
        <wire loc="158:/home/kasper/tinyos-main//tos/chips/msp430/timer/Msp430TimerC.nc">
          <from><interface-ref name="Event" ref="0x2ac2c2fe4100" scoped=""/></from>
          <to><interface-ref name="Event" ref="0x2ac2c2f558a0" scoped=""/>
          <arguments>
            <value cst="I:4">
              <type-int alignment="I:2" cname="int" size="I:2"/>
            </value>
          </arguments>
          </to>
        </wire>
        <wire loc="164:/home/kasper/tinyos-main//tos/chips/msp430/timer/Msp430TimerC.nc">
          <from><interface-ref name="Timer" ref="0x2ac2c2fdfa90" scoped=""/></from>
          <to><interface-ref name="Timer" ref="0x2ac2c2f561e8" scoped=""/></to>
        </wire>
        <wire loc="165:/home/kasper/tinyos-main//tos/chips/msp430/timer/Msp430TimerC.nc">
          <from><interface-ref name="Event" ref="0x2ac2c2fdd100" scoped=""/></from>
          <to><interface-ref name="Event" ref="0x2ac2c2f558a0" scoped=""/>
          <arguments>
            <value cst="I:5">
              <type-int alignment="I:2" cname="int" size="I:2"/>
            </value>
          </arguments>
          </to>
        </wire>
        <wire loc="171:/home/kasper/tinyos-main//tos/chips/msp430/timer/Msp430TimerC.nc">
          <from><interface-ref name="Timer" ref="0x2ac2c2fd8a90" scoped=""/></from>
          <to><interface-ref name="Timer" ref="0x2ac2c2f561e8" scoped=""/></to>
        </wire>
        <wire loc="172:/home/kasper/tinyos-main//tos/chips/msp430/timer/Msp430TimerC.nc">
          <from><interface-ref name="Event" ref="0x2ac2c2fd5100" scoped=""/></from>
          <to><interface-ref name="Event" ref="0x2ac2c2f558a0" scoped=""/>
          <arguments>
            <value cst="I:6">
              <type-int alignment="I:2" cname="int" size="I:2"/>
            </value>
          </arguments>
          </to>
        </wire>
      </wiring>
    </component></referenced></component>