<?xml version="1.0" ?><component abstract="" loc="40:/home/kasper/tinyos-main//tos/platforms/telosa/chips/cc2420/HplCC2420SpiC.nc" nicename="HplCC2420SpiC" qname="HplCC2420SpiC">
      <documentation loc="32:/home/kasper/tinyos-main//tos/platforms/telosa/chips/cc2420/HplCC2420SpiC.nc">
        <short>
 HPL implementation of the SPI bus for the ChipCon CC2420 radio
 connected to a TI MSP430 processor.</short>
        <long>
 HPL implementation of the SPI bus for the ChipCon CC2420 radio
 connected to a TI MSP430 processor.

 @author Jonathan Hui &lt;jhui@archrock.com&gt;
 @version $Revision: 1.4 $ $Date: 2006-12-12 18:23:44 $
</long>
      </documentation>
      <parameters>
      </parameters>
      <configuration/>
      <wiring>
        <wire loc="54:/home/kasper/tinyos-main//tos/platforms/telosa/chips/cc2420/HplCC2420SpiC.nc">
          <from><interface-ref name="SpiPacket" ref="0x2ac2c3a0d658" scoped=""/></from>
          <to><interface-ref name="SpiPacket" ref="0x2ac2c3d192a8" scoped=""/></to>
        </wire>
        <wire loc="53:/home/kasper/tinyos-main//tos/platforms/telosa/chips/cc2420/HplCC2420SpiC.nc">
          <from><interface-ref name="SpiByte" ref="0x2ac2c3a0d020" scoped=""/></from>
          <to><interface-ref name="SpiByte" ref="0x2ac2c3d1a0e0" scoped=""/></to>
        </wire>
        <wire loc="52:/home/kasper/tinyos-main//tos/platforms/telosa/chips/cc2420/HplCC2420SpiC.nc">
          <from><interface-ref name="Resource" ref="0x2ac2c3a0e288" scoped=""/></from>
          <to><interface-ref name="Resource" ref="0x2ac2c3a5ad00" scoped=""/></to>
        </wire>
      </wiring>
    <specification><interface loc="44:/home/kasper/tinyos-main//tos/platforms/telosa/chips/cc2420/HplCC2420SpiC.nc" name="SpiPacket" provided="1" ref="0x2ac2c3a0d658">
      <component-ref nicename="HplCC2420SpiC" qname="HplCC2420SpiC"/>
      <type-interface alignment="I:2" size="I:2"><interface-ref name="SpiPacket" ref="0x2ac2c3a0d658" scoped=""/></type-interface>
      <instance>
        <interfacedef-ref nicename="SpiPacket" qname="SpiPacket"/>
      </instance>
      <interface-functions>
        <function-ref name="send" ref="0x2ac2c3a0d9a8" scoped=""/>
        <function-ref name="sendDone" ref="0x2ac2c3a0db30" scoped=""/>
      </interface-functions>
    </interface><interface loc="43:/home/kasper/tinyos-main//tos/platforms/telosa/chips/cc2420/HplCC2420SpiC.nc" name="SpiByte" provided="1" ref="0x2ac2c3a0d020">
      <component-ref nicename="HplCC2420SpiC" qname="HplCC2420SpiC"/>
      <type-interface alignment="I:2" size="I:2"><interface-ref name="SpiByte" ref="0x2ac2c3a0d020" scoped=""/></type-interface>
      <instance>
        <interfacedef-ref nicename="SpiByte" qname="SpiByte"/>
      </instance>
      <interface-functions>
        <function-ref name="write" ref="0x2ac2c3a0d370" scoped=""/>
      </interface-functions>
    </interface><interface loc="42:/home/kasper/tinyos-main//tos/platforms/telosa/chips/cc2420/HplCC2420SpiC.nc" name="Resource" provided="1" ref="0x2ac2c3a0e288">
      <component-ref nicename="HplCC2420SpiC" qname="HplCC2420SpiC"/>
      <type-interface alignment="I:2" size="I:2"><interface-ref name="Resource" ref="0x2ac2c3a0e288" scoped=""/></type-interface>
      <instance>
        <interfacedef-ref nicename="Resource" qname="Resource"/>
      </instance>
      <interface-functions>
        <function-ref name="release" ref="0x2ac2c3a0e5d8" scoped=""/>
        <function-ref name="immediateRequest" ref="0x2ac2c3a0e760" scoped=""/>
        <function-ref name="request" ref="0x2ac2c3a0e8e8" scoped=""/>
        <function-ref name="granted" ref="0x2ac2c3a0ea70" scoped=""/>
        <function-ref name="isOwner" ref="0x2ac2c3a0ebf8" scoped=""/>
      </interface-functions>
    </interface></specification><referenced><interface loc="81:/home/kasper/tinyos-main//tos/chips/msp430/usart/Msp430Spi0C.nc" name="Resource" provided="1" ref="0x2ac2c3a5ad00">
      <component-ref nicename="HplCC2420SpiC.SpiC" qname="HplCC2420SpiC.SpiC"/>
      <type-interface alignment="I:2" size="I:2"><interface-ref name="Resource" ref="0x2ac2c3a5ad00" scoped=""/></type-interface>
      <instance>
        <interfacedef-ref nicename="Resource" qname="Resource"/>
      </instance>
      <interface-functions>
        <function-ref name="release" ref="0x2ac2c3d1c0a0" scoped=""/>
        <function-ref name="immediateRequest" ref="0x2ac2c3d1c228" scoped=""/>
        <function-ref name="request" ref="0x2ac2c3d1c3b0" scoped=""/>
        <function-ref name="granted" ref="0x2ac2c3d1c538" scoped=""/>
        <function-ref name="isOwner" ref="0x2ac2c3d1c6c0" scoped=""/>
      </interface-functions>
    </interface><interface loc="83:/home/kasper/tinyos-main//tos/chips/msp430/usart/Msp430Spi0C.nc" name="SpiByte" provided="1" ref="0x2ac2c3d1a0e0">
      <component-ref nicename="HplCC2420SpiC.SpiC" qname="HplCC2420SpiC.SpiC"/>
      <type-interface alignment="I:2" size="I:2"><interface-ref name="SpiByte" ref="0x2ac2c3d1a0e0" scoped=""/></type-interface>
      <instance>
        <interfacedef-ref nicename="SpiByte" qname="SpiByte"/>
      </instance>
      <interface-functions>
        <function-ref name="write" ref="0x2ac2c3d1a430" scoped=""/>
      </interface-functions>
    </interface><interface loc="87:/home/kasper/tinyos-main//tos/chips/msp430/usart/Msp430Spi0C.nc" name="SpiPacket" provided="1" ref="0x2ac2c3d192a8">
      <component-ref nicename="HplCC2420SpiC.SpiC" qname="HplCC2420SpiC.SpiC"/>
      <type-interface alignment="I:2" size="I:2"><interface-ref name="SpiPacket" ref="0x2ac2c3d192a8" scoped=""/></type-interface>
      <instance>
        <interfacedef-ref nicename="SpiPacket" qname="SpiPacket"/>
      </instance>
      <interface-functions>
        <function-ref name="send" ref="0x2ac2c3d195f8" scoped=""/>
        <function-ref name="sendDone" ref="0x2ac2c3d19780" scoped=""/>
      </interface-functions>
    </interface><component abstract="" loc="79(HplCC2420SpiC.SpiC):/home/kasper/tinyos-main//tos/chips/msp430/usart/Msp430Spi0C.nc" nicename="HplCC2420SpiC.SpiC" qname="HplCC2420SpiC.SpiC">
      <instance>
        <component-ref nicename="Msp430Spi0C" qname="Msp430Spi0C"/>
      </instance>
      <configuration/>
    </component></referenced></component>