<?xml version="1.0" ?><component abstract="" loc="40:/home/kasper/tinyos-main//tos/platforms/telosa/chips/cc2420/HplCC2420AlarmC.nc" nicename="HplCC2420AlarmC" qname="HplCC2420AlarmC">
      <documentation loc="32:/home/kasper/tinyos-main//tos/platforms/telosa/chips/cc2420/HplCC2420AlarmC.nc">
        <short>
 HPL implementation of 32khz alarms for the ChipCon CC2420 radio
 connected to a TI MSP430 processor.</short>
        <long>
 HPL implementation of 32khz alarms for the ChipCon CC2420 radio
 connected to a TI MSP430 processor.

 @author Jonathan Hui &lt;jhui@archrock.com&gt;
 @version $Revision: 1.4 $ $Date: 2006-12-12 18:23:44 $
</long>
      </documentation>
      <parameters>
      </parameters>
      <configuration/>
      <wiring>
        <wire loc="51:/home/kasper/tinyos-main//tos/platforms/telosa/chips/cc2420/HplCC2420AlarmC.nc">
          <from><interface-ref name="Init" ref="0x2ac2c389a190" scoped=""/></from>
          <to><interface-ref name="Init" ref="0x2ac2c38b01a8" scoped=""/></to>
        </wire>
        <wire loc="52:/home/kasper/tinyos-main//tos/platforms/telosa/chips/cc2420/HplCC2420AlarmC.nc">
          <from><interface-ref name="Alarm32khz32" ref="0x2ac2c389ab08" scoped=""/></from>
          <to><interface-ref name="Alarm" ref="0x2ac2c38b0990" scoped=""/></to>
        </wire>
      </wiring>
    <specification><interface loc="42:/home/kasper/tinyos-main//tos/platforms/telosa/chips/cc2420/HplCC2420AlarmC.nc" name="Init" provided="1" ref="0x2ac2c389a190">
      <component-ref nicename="HplCC2420AlarmC" qname="HplCC2420AlarmC"/>
      <type-interface alignment="I:2" size="I:2"><interface-ref name="Init" ref="0x2ac2c389a190" scoped=""/></type-interface>
      <instance>
        <interfacedef-ref nicename="Init" qname="Init"/>
      </instance>
      <interface-functions>
        <function-ref name="init" ref="0x2ac2c389a4e0" scoped=""/>
      </interface-functions>
    </interface><interface loc="43:/home/kasper/tinyos-main//tos/platforms/telosa/chips/cc2420/HplCC2420AlarmC.nc" name="Alarm32khz32" provided="1" ref="0x2ac2c389ab08">
      <component-ref nicename="HplCC2420AlarmC" qname="HplCC2420AlarmC"/>
      <type-interface alignment="I:2" size="I:2"><interface-ref name="Alarm32khz32" ref="0x2ac2c389ab08" scoped=""/></type-interface>
      <instance>
        <interfacedef-ref nicename="Alarm" qname="Alarm"/>
        <arguments>
          <type-tag alignment="I:2" size="I:2"><struct-ref ref="0x2ac2c33df788"/>
            <typename><typedef-ref name="T32khz" ref="0x2ac2c33dfae0"/></typename>
          </type-tag>
          <type-int alignment="I:2" cname="unsigned long" size="I:4" unsigned="">
            <typename><typedef-ref name="uint32_t" ref="0x2ac2c209b020"/></typename>
          </type-int>
        </arguments>
      </instance>
      <interface-functions>
        <function-ref name="getNow" ref="0x2ac2c3896238" scoped=""/>
        <function-ref name="fired" ref="0x2ac2c38972b0" scoped=""/>
        <function-ref name="startAt" ref="0x2ac2c3897bc0" scoped=""/>
        <function-ref name="isRunning" ref="0x2ac2c3897738" scoped=""/>
        <function-ref name="getAlarm" ref="0x2ac2c38966c0" scoped=""/>
        <function-ref name="start" ref="0x2ac2c38988f8" scoped=""/>
        <function-ref name="stop" ref="0x2ac2c3898dd0" scoped=""/>
      </interface-functions>
    </interface></specification><referenced><interface loc="43:/home/kasper/tinyos-main//tos/chips/msp430/timer/Alarm32khz32C.nc" name="Init" provided="1" ref="0x2ac2c38b01a8">
      <component-ref nicename="HplCC2420AlarmC.Alarm32khz32C" qname="HplCC2420AlarmC.Alarm32khz32C"/>
      <type-interface alignment="I:2" size="I:2"><interface-ref name="Init" ref="0x2ac2c38b01a8" scoped=""/></type-interface>
      <instance>
        <interfacedef-ref nicename="Init" qname="Init"/>
      </instance>
      <interface-functions>
        <function-ref name="init" ref="0x2ac2c38b04f8" scoped=""/>
      </interface-functions>
    </interface><interface loc="44:/home/kasper/tinyos-main//tos/chips/msp430/timer/Alarm32khz32C.nc" name="Alarm" provided="1" ref="0x2ac2c38b0990">
      <component-ref nicename="HplCC2420AlarmC.Alarm32khz32C" qname="HplCC2420AlarmC.Alarm32khz32C"/>
      <type-interface alignment="I:2" size="I:2"><interface-ref name="Alarm" ref="0x2ac2c38b0990" scoped=""/></type-interface>
      <instance>
        <interfacedef-ref nicename="Alarm" qname="Alarm"/>
        <arguments>
          <type-tag alignment="I:2" size="I:2"><struct-ref ref="0x2ac2c33df788"/>
            <typename><typedef-ref name="T32khz" ref="0x2ac2c33dfae0"/></typename>
          </type-tag>
          <type-int alignment="I:2" cname="unsigned long" size="I:4" unsigned="">
            <typename><typedef-ref name="uint32_t" ref="0x2ac2c209b020"/></typename>
          </type-int>
        </arguments>
      </instance>
      <interface-functions>
        <function-ref name="getNow" ref="0x2ac2c38ad020" scoped=""/>
        <function-ref name="fired" ref="0x2ac2c38ae0c0" scoped=""/>
        <function-ref name="startAt" ref="0x2ac2c38ae9d0" scoped=""/>
        <function-ref name="isRunning" ref="0x2ac2c38ae548" scoped=""/>
        <function-ref name="getAlarm" ref="0x2ac2c38ad4a8" scoped=""/>
        <function-ref name="start" ref="0x2ac2c38af730" scoped=""/>
        <function-ref name="stop" ref="0x2ac2c38afc08" scoped=""/>
      </interface-functions>
    </interface><component abstract="" loc="41(HplCC2420AlarmC.Alarm32khz32C):/home/kasper/tinyos-main//tos/chips/msp430/timer/Alarm32khz32C.nc" nicename="HplCC2420AlarmC.Alarm32khz32C" qname="HplCC2420AlarmC.Alarm32khz32C">
      <documentation loc="33:/home/kasper/tinyos-main//tos/chips/msp430/timer/Alarm32khz32C.nc">
        <short>
 Alarm32khzC is the alarm for async 32khz alarms

 </short>
        <long>
 Alarm32khzC is the alarm for async 32khz alarms

 @author Cory Sharp &lt;cssharp@eecs.berkeley.edu&gt;
 @see  Please refer to TEP 102 for more information about this component and its
          intended use.
</long>
      </documentation>
      <instance>
        <component-ref nicename="Alarm32khz32C" qname="Alarm32khz32C"/>
      </instance>
      <configuration/>
    </component></referenced></component>