<?xml version="1.0" ?><component loc="74:/home/kasper/tinyos-main//tos/chips/msp430/usart/HplMsp430Usart1C.nc" nicename="HplMsp430Usart1C" qname="HplMsp430Usart1C">
      <documentation loc="31:/home/kasper/tinyos-main//tos/chips/msp430/usart/msp430usart.h">
        <short>
 </short>
        <long>
 @author Vlado Handziski &lt;handzisk@tkn.tu-berlin.de&gt;
 @author Philipp Huppertz &lt;huppertz@tkn.tu-berlin.de&gt;
</long>
      </documentation>
      <configuration/>
      <wiring>
        <wire loc="89:/home/kasper/tinyos-main//tos/chips/msp430/usart/HplMsp430Usart1C.nc">
          <from><interface-ref name="HplMsp430UsartInterrupts" ref="0x2ac2c4473528" scoped=""/></from>
          <to><interface-ref name="Interrupts" ref="0x2ac2c446b8e0" scoped=""/></to>
        </wire>
        <wire loc="87:/home/kasper/tinyos-main//tos/chips/msp430/usart/HplMsp430Usart1C.nc">
          <from><interface-ref name="AsyncStdControl" ref="0x2ac2c44764f0" scoped=""/></from>
          <to><interface-ref name="AsyncStdControl" ref="0x2ac2c44727d0" scoped=""/></to>
        </wire>
        <wire loc="88:/home/kasper/tinyos-main//tos/chips/msp430/usart/HplMsp430Usart1C.nc">
          <from><interface-ref name="HplMsp430Usart" ref="0x2ac2c4476ce0" scoped=""/></from>
          <to><interface-ref name="Usart" ref="0x2ac2c446f060" scoped=""/></to>
        </wire>
        <wire loc="91:/home/kasper/tinyos-main//tos/chips/msp430/usart/HplMsp430Usart1C.nc">
          <from><interface-ref name="SIMO" ref="0x2ac2c44691e8" scoped=""/></from>
          <to><interface-ref name="SIMO1" ref="0x2ac2c30e4560" scoped=""/></to>
        </wire>
        <wire loc="92:/home/kasper/tinyos-main//tos/chips/msp430/usart/HplMsp430Usart1C.nc">
          <from><interface-ref name="SOMI" ref="0x2ac2c4467020" scoped=""/></from>
          <to><interface-ref name="SOMI1" ref="0x2ac2c30e2560" scoped=""/></to>
        </wire>
        <wire loc="93:/home/kasper/tinyos-main//tos/chips/msp430/usart/HplMsp430Usart1C.nc">
          <from><interface-ref name="UCLK" ref="0x2ac2c4466e00" scoped=""/></from>
          <to><interface-ref name="UCLK1" ref="0x2ac2c30e0560" scoped=""/></to>
        </wire>
        <wire loc="94:/home/kasper/tinyos-main//tos/chips/msp430/usart/HplMsp430Usart1C.nc">
          <from><interface-ref name="URXD" ref="0x2ac2c44dac78" scoped=""/></from>
          <to><interface-ref name="URXD1" ref="0x2ac2c3104560" scoped=""/></to>
        </wire>
        <wire loc="95:/home/kasper/tinyos-main//tos/chips/msp430/usart/HplMsp430Usart1C.nc">
          <from><interface-ref name="UTXD" ref="0x2ac2c44d8af0" scoped=""/></from>
          <to><interface-ref name="UTXD1" ref="0x2ac2c30de560" scoped=""/></to>
        </wire>
      </wiring>
    <specification><interface loc="78:/home/kasper/tinyos-main//tos/chips/msp430/usart/HplMsp430Usart1C.nc" name="HplMsp430UsartInterrupts" provided="1" ref="0x2ac2c4473528">
      <component-ref nicename="HplMsp430Usart1C" qname="HplMsp430Usart1C"/>
      <type-interface alignment="I:2" size="I:2"><interface-ref name="HplMsp430UsartInterrupts" ref="0x2ac2c4473528" scoped=""/></type-interface>
      <instance>
        <interfacedef-ref nicename="HplMsp430UsartInterrupts" qname="HplMsp430UsartInterrupts"/>
      </instance>
      <interface-functions>
        <function-ref name="rxDone" ref="0x2ac2c4473878" scoped=""/>
        <function-ref name="txDone" ref="0x2ac2c4473a00" scoped=""/>
      </interface-functions>
    </interface><interface loc="76:/home/kasper/tinyos-main//tos/chips/msp430/usart/HplMsp430Usart1C.nc" name="AsyncStdControl" provided="1" ref="0x2ac2c44764f0">
      <component-ref nicename="HplMsp430Usart1C" qname="HplMsp430Usart1C"/>
      <type-interface alignment="I:2" size="I:2"><interface-ref name="AsyncStdControl" ref="0x2ac2c44764f0" scoped=""/></type-interface>
      <instance>
        <interfacedef-ref nicename="AsyncStdControl" qname="AsyncStdControl"/>
      </instance>
      <interface-functions>
        <function-ref name="start" ref="0x2ac2c4476840" scoped=""/>
        <function-ref name="stop" ref="0x2ac2c44769c8" scoped=""/>
      </interface-functions>
    </interface><interface loc="77:/home/kasper/tinyos-main//tos/chips/msp430/usart/HplMsp430Usart1C.nc" name="HplMsp430Usart" provided="1" ref="0x2ac2c4476ce0">
      <component-ref nicename="HplMsp430Usart1C" qname="HplMsp430Usart1C"/>
      <type-interface alignment="I:2" size="I:2"><interface-ref name="HplMsp430Usart" ref="0x2ac2c4476ce0" scoped=""/></type-interface>
      <instance>
        <interfacedef-ref nicename="HplMsp430Usart" qname="HplMsp430Usart"/>
      </instance>
      <interface-functions>
        <function-ref name="isTxEmpty" ref="0x2ac2c44790a0" scoped=""/>
        <function-ref name="enableUartRx" ref="0x2ac2c4479228" scoped=""/>
        <function-ref name="setUctl" ref="0x2ac2c44793b0" scoped=""/>
        <function-ref name="enableUart" ref="0x2ac2c4479538" scoped=""/>
        <function-ref name="setUrctl" ref="0x2ac2c44796c0" scoped=""/>
        <function-ref name="enableRxIntr" ref="0x2ac2c4479848" scoped=""/>
        <function-ref name="clrRxIntr" ref="0x2ac2c44799d0" scoped=""/>
        <function-ref name="getUtctl" ref="0x2ac2c4479b58" scoped=""/>
        <function-ref name="getUrctl" ref="0x2ac2c4479ce0" scoped=""/>
        <function-ref name="resetUsart" ref="0x2ac2c4479e68" scoped=""/>
        <function-ref name="getUmctl" ref="0x2ac2c4478020" scoped=""/>
        <function-ref name="disableIntr" ref="0x2ac2c44781a8" scoped=""/>
        <function-ref name="setUtctl" ref="0x2ac2c4478330" scoped=""/>
        <function-ref name="getUbr" ref="0x2ac2c44785b8" scoped=""/>
        <function-ref name="enableTxIntr" ref="0x2ac2c4478740" scoped=""/>
        <function-ref name="setUmctl" ref="0x2ac2c44788c8" scoped=""/>
        <function-ref name="isUartRx" ref="0x2ac2c4478a50" scoped=""/>
        <function-ref name="isUart" ref="0x2ac2c4478bd8" scoped=""/>
        <function-ref name="disableRxIntr" ref="0x2ac2c4478d60" scoped=""/>
        <function-ref name="isSpi" ref="0x2ac2c4475020" scoped=""/>
        <function-ref name="enableUartTx" ref="0x2ac2c44751a8" scoped=""/>
        <function-ref name="disableTxIntr" ref="0x2ac2c4475330" scoped=""/>
        <function-ref name="disableUartRx" ref="0x2ac2c44754b8" scoped=""/>
        <function-ref name="enableIntr" ref="0x2ac2c4475640" scoped=""/>
        <function-ref name="getMode" ref="0x2ac2c44757c8" scoped=""/>
        <function-ref name="isTxIntrPending" ref="0x2ac2c4475b50" scoped=""/>
        <function-ref name="clrIntr" ref="0x2ac2c4475cd8" scoped=""/>
        <function-ref name="setUbr" ref="0x2ac2c4475e60" scoped=""/>
        <function-ref name="tx" ref="0x2ac2c4474020" scoped=""/>
        <function-ref name="getUctl" ref="0x2ac2c44741a8" scoped=""/>
        <function-ref name="disableUart" ref="0x2ac2c4474330" scoped=""/>
        <function-ref name="enableSpi" ref="0x2ac2c44744b8" scoped=""/>
        <function-ref name="setModeUart" ref="0x2ac2c4474640" scoped=""/>
        <function-ref name="setModeSpi" ref="0x2ac2c44747c8" scoped=""/>
        <function-ref name="rx" ref="0x2ac2c4474950" scoped=""/>
        <function-ref name="isRxIntrPending" ref="0x2ac2c4474ad8" scoped=""/>
        <function-ref name="isUartTx" ref="0x2ac2c4474c60" scoped=""/>
        <function-ref name="clrTxIntr" ref="0x2ac2c4474de8" scoped=""/>
        <function-ref name="disableSpi" ref="0x2ac2c4473020" scoped=""/>
        <function-ref name="disableUartTx" ref="0x2ac2c44731a8" scoped=""/>
      </interface-functions>
    </interface></specification><referenced><interface loc="157:/home/kasper/tinyos-main//tos/chips/msp430/pins/HplMsp430GeneralIOC.nc" name="URXD1" provided="1" ref="0x2ac2c3104560">
      <component-ref nicename="HplMsp430GeneralIOC" qname="HplMsp430GeneralIOC"/>
      <type-interface alignment="I:2" size="I:2"><interface-ref name="URXD1" ref="0x2ac2c3104560" scoped=""/></type-interface>
      <instance>
        <interfacedef-ref nicename="HplMsp430GeneralIO" qname="HplMsp430GeneralIO"/>
      </instance>
      <interface-functions>
        <function-ref name="makeInput" ref="0x2ac2c31048b0" scoped=""/>
        <function-ref name="isInput" ref="0x2ac2c3104a38" scoped=""/>
        <function-ref name="setResistor" ref="0x2ac2c3104bc0" scoped=""/>
        <function-ref name="toggle" ref="0x2ac2c3104d48" scoped=""/>
        <function-ref name="isOutput" ref="0x2ac2c3103020" scoped=""/>
        <function-ref name="getResistor" ref="0x2ac2c31031a8" scoped=""/>
        <function-ref name="makeOutput" ref="0x2ac2c3103330" scoped=""/>
        <function-ref name="get" ref="0x2ac2c31034b8" scoped=""/>
        <function-ref name="selectIOFunc" ref="0x2ac2c3103640" scoped=""/>
        <function-ref name="getRaw" ref="0x2ac2c31037c8" scoped=""/>
        <function-ref name="set" ref="0x2ac2c3103950" scoped=""/>
        <function-ref name="selectModuleFunc" ref="0x2ac2c3103ad8" scoped=""/>
        <function-ref name="isIOFunc" ref="0x2ac2c3103c60" scoped=""/>
        <function-ref name="isModuleFunc" ref="0x2ac2c3102020" scoped=""/>
        <function-ref name="clr" ref="0x2ac2c31021a8" scoped=""/>
      </interface-functions>
    </interface><interface loc="80:/home/kasper/tinyos-main//tos/chips/msp430/usart/HplMsp430Usart1P.nc" name="UCLK" provided="0" ref="0x2ac2c4466e00">
      <component-ref nicename="HplMsp430Usart1P" qname="HplMsp430Usart1P"/>
      <type-interface alignment="I:2" size="I:2"><interface-ref name="UCLK" ref="0x2ac2c4466e00" scoped=""/></type-interface>
      <instance>
        <interfacedef-ref nicename="HplMsp430GeneralIO" qname="HplMsp430GeneralIO"/>
      </instance>
      <interface-functions>
        <function-ref name="makeInput" ref="0x2ac2c44db1a8" scoped=""/>
        <function-ref name="isInput" ref="0x2ac2c44db330" scoped=""/>
        <function-ref name="setResistor" ref="0x2ac2c44db4b8" scoped=""/>
        <function-ref name="toggle" ref="0x2ac2c44db640" scoped=""/>
        <function-ref name="isOutput" ref="0x2ac2c44db7c8" scoped=""/>
        <function-ref name="getResistor" ref="0x2ac2c44db950" scoped=""/>
        <function-ref name="makeOutput" ref="0x2ac2c44dbad8" scoped=""/>
        <function-ref name="get" ref="0x2ac2c44dbc60" scoped=""/>
        <function-ref name="selectIOFunc" ref="0x2ac2c44dbde8" scoped=""/>
        <function-ref name="getRaw" ref="0x2ac2c44da020" scoped=""/>
        <function-ref name="set" ref="0x2ac2c44da1a8" scoped=""/>
        <function-ref name="selectModuleFunc" ref="0x2ac2c44da330" scoped=""/>
        <function-ref name="isIOFunc" ref="0x2ac2c44da4b8" scoped=""/>
        <function-ref name="isModuleFunc" ref="0x2ac2c44da740" scoped=""/>
        <function-ref name="clr" ref="0x2ac2c44da8c8" scoped=""/>
      </interface-functions>
    </interface><interface loc="76:/home/kasper/tinyos-main//tos/chips/msp430/usart/HplMsp430Usart1P.nc" name="Interrupts" provided="1" ref="0x2ac2c446b8e0">
      <component-ref nicename="HplMsp430Usart1P" qname="HplMsp430Usart1P"/>
      <type-interface alignment="I:2" size="I:2"><interface-ref name="Interrupts" ref="0x2ac2c446b8e0" scoped=""/></type-interface>
      <instance>
        <interfacedef-ref nicename="HplMsp430UsartInterrupts" qname="HplMsp430UsartInterrupts"/>
      </instance>
      <interface-functions>
        <function-ref name="rxDone" ref="0x2ac2c446bc30" scoped=""/>
        <function-ref name="txDone" ref="0x2ac2c446bdb8" scoped=""/>
      </interface-functions>
    </interface><interface loc="156:/home/kasper/tinyos-main//tos/chips/msp430/pins/HplMsp430GeneralIOC.nc" name="UTXD1" provided="1" ref="0x2ac2c30de560">
      <component-ref nicename="HplMsp430GeneralIOC" qname="HplMsp430GeneralIOC"/>
      <type-interface alignment="I:2" size="I:2"><interface-ref name="UTXD1" ref="0x2ac2c30de560" scoped=""/></type-interface>
      <instance>
        <interfacedef-ref nicename="HplMsp430GeneralIO" qname="HplMsp430GeneralIO"/>
      </instance>
      <interface-functions>
        <function-ref name="makeInput" ref="0x2ac2c30de8b0" scoped=""/>
        <function-ref name="isInput" ref="0x2ac2c30dea38" scoped=""/>
        <function-ref name="setResistor" ref="0x2ac2c30debc0" scoped=""/>
        <function-ref name="toggle" ref="0x2ac2c30ded48" scoped=""/>
        <function-ref name="isOutput" ref="0x2ac2c3105020" scoped=""/>
        <function-ref name="getResistor" ref="0x2ac2c31051a8" scoped=""/>
        <function-ref name="makeOutput" ref="0x2ac2c3105330" scoped=""/>
        <function-ref name="get" ref="0x2ac2c31054b8" scoped=""/>
        <function-ref name="selectIOFunc" ref="0x2ac2c3105640" scoped=""/>
        <function-ref name="getRaw" ref="0x2ac2c31057c8" scoped=""/>
        <function-ref name="set" ref="0x2ac2c3105950" scoped=""/>
        <function-ref name="selectModuleFunc" ref="0x2ac2c3105ad8" scoped=""/>
        <function-ref name="isIOFunc" ref="0x2ac2c3105c60" scoped=""/>
        <function-ref name="isModuleFunc" ref="0x2ac2c3104020" scoped=""/>
        <function-ref name="clr" ref="0x2ac2c31041a8" scoped=""/>
      </interface-functions>
    </interface><interface loc="81:/home/kasper/tinyos-main//tos/chips/msp430/usart/HplMsp430Usart1P.nc" name="URXD" provided="0" ref="0x2ac2c44dac78">
      <component-ref nicename="HplMsp430Usart1P" qname="HplMsp430Usart1P"/>
      <type-interface alignment="I:2" size="I:2"><interface-ref name="URXD" ref="0x2ac2c44dac78" scoped=""/></type-interface>
      <instance>
        <interfacedef-ref nicename="HplMsp430GeneralIO" qname="HplMsp430GeneralIO"/>
      </instance>
      <interface-functions>
        <function-ref name="makeInput" ref="0x2ac2c44d9020" scoped=""/>
        <function-ref name="isInput" ref="0x2ac2c44d91a8" scoped=""/>
        <function-ref name="setResistor" ref="0x2ac2c44d9330" scoped=""/>
        <function-ref name="toggle" ref="0x2ac2c44d94b8" scoped=""/>
        <function-ref name="isOutput" ref="0x2ac2c44d9640" scoped=""/>
        <function-ref name="getResistor" ref="0x2ac2c44d97c8" scoped=""/>
        <function-ref name="makeOutput" ref="0x2ac2c44d9950" scoped=""/>
        <function-ref name="get" ref="0x2ac2c44d9ad8" scoped=""/>
        <function-ref name="selectIOFunc" ref="0x2ac2c44d9c60" scoped=""/>
        <function-ref name="getRaw" ref="0x2ac2c44d9de8" scoped=""/>
        <function-ref name="set" ref="0x2ac2c44d8020" scoped=""/>
        <function-ref name="selectModuleFunc" ref="0x2ac2c44d81a8" scoped=""/>
        <function-ref name="isIOFunc" ref="0x2ac2c44d8330" scoped=""/>
        <function-ref name="isModuleFunc" ref="0x2ac2c44d85b8" scoped=""/>
        <function-ref name="clr" ref="0x2ac2c44d8740" scoped=""/>
      </interface-functions>
    </interface><interface loc="79:/home/kasper/tinyos-main//tos/chips/msp430/usart/HplMsp430Usart1P.nc" name="SOMI" provided="0" ref="0x2ac2c4467020">
      <component-ref nicename="HplMsp430Usart1P" qname="HplMsp430Usart1P"/>
      <type-interface alignment="I:2" size="I:2"><interface-ref name="SOMI" ref="0x2ac2c4467020" scoped=""/></type-interface>
      <instance>
        <interfacedef-ref nicename="HplMsp430GeneralIO" qname="HplMsp430GeneralIO"/>
      </instance>
      <interface-functions>
        <function-ref name="makeInput" ref="0x2ac2c4467370" scoped=""/>
        <function-ref name="isInput" ref="0x2ac2c44674f8" scoped=""/>
        <function-ref name="setResistor" ref="0x2ac2c4467680" scoped=""/>
        <function-ref name="toggle" ref="0x2ac2c4467808" scoped=""/>
        <function-ref name="isOutput" ref="0x2ac2c4467990" scoped=""/>
        <function-ref name="getResistor" ref="0x2ac2c4467b18" scoped=""/>
        <function-ref name="makeOutput" ref="0x2ac2c4467ca0" scoped=""/>
        <function-ref name="get" ref="0x2ac2c4467e28" scoped=""/>
        <function-ref name="selectIOFunc" ref="0x2ac2c4466020" scoped=""/>
        <function-ref name="getRaw" ref="0x2ac2c44661a8" scoped=""/>
        <function-ref name="set" ref="0x2ac2c4466330" scoped=""/>
        <function-ref name="selectModuleFunc" ref="0x2ac2c44664b8" scoped=""/>
        <function-ref name="isIOFunc" ref="0x2ac2c4466640" scoped=""/>
        <function-ref name="isModuleFunc" ref="0x2ac2c44668c8" scoped=""/>
        <function-ref name="clr" ref="0x2ac2c4466a50" scoped=""/>
      </interface-functions>
    </interface><interface loc="82:/home/kasper/tinyos-main//tos/chips/msp430/usart/HplMsp430Usart1P.nc" name="UTXD" provided="0" ref="0x2ac2c44d8af0">
      <component-ref nicename="HplMsp430Usart1P" qname="HplMsp430Usart1P"/>
      <type-interface alignment="I:2" size="I:2"><interface-ref name="UTXD" ref="0x2ac2c44d8af0" scoped=""/></type-interface>
      <instance>
        <interfacedef-ref nicename="HplMsp430GeneralIO" qname="HplMsp430GeneralIO"/>
      </instance>
      <interface-functions>
        <function-ref name="makeInput" ref="0x2ac2c44d8e40" scoped=""/>
        <function-ref name="isInput" ref="0x2ac2c44d7020" scoped=""/>
        <function-ref name="setResistor" ref="0x2ac2c44d71a8" scoped=""/>
        <function-ref name="toggle" ref="0x2ac2c44d7330" scoped=""/>
        <function-ref name="isOutput" ref="0x2ac2c44d74b8" scoped=""/>
        <function-ref name="getResistor" ref="0x2ac2c44d7640" scoped=""/>
        <function-ref name="makeOutput" ref="0x2ac2c44d77c8" scoped=""/>
        <function-ref name="get" ref="0x2ac2c44d7950" scoped=""/>
        <function-ref name="selectIOFunc" ref="0x2ac2c44d7ad8" scoped=""/>
        <function-ref name="getRaw" ref="0x2ac2c44d7c60" scoped=""/>
        <function-ref name="set" ref="0x2ac2c44d7de8" scoped=""/>
        <function-ref name="selectModuleFunc" ref="0x2ac2c44d6020" scoped=""/>
        <function-ref name="isIOFunc" ref="0x2ac2c44d61a8" scoped=""/>
        <function-ref name="isModuleFunc" ref="0x2ac2c44d6430" scoped=""/>
        <function-ref name="clr" ref="0x2ac2c44d65b8" scoped=""/>
      </interface-functions>
    </interface><interface loc="153:/home/kasper/tinyos-main//tos/chips/msp430/pins/HplMsp430GeneralIOC.nc" name="SIMO1" provided="1" ref="0x2ac2c30e4560">
      <component-ref nicename="HplMsp430GeneralIOC" qname="HplMsp430GeneralIOC"/>
      <type-interface alignment="I:2" size="I:2"><interface-ref name="SIMO1" ref="0x2ac2c30e4560" scoped=""/></type-interface>
      <instance>
        <interfacedef-ref nicename="HplMsp430GeneralIO" qname="HplMsp430GeneralIO"/>
      </instance>
      <interface-functions>
        <function-ref name="makeInput" ref="0x2ac2c30e48b0" scoped=""/>
        <function-ref name="isInput" ref="0x2ac2c30e4a38" scoped=""/>
        <function-ref name="setResistor" ref="0x2ac2c30e4bc0" scoped=""/>
        <function-ref name="toggle" ref="0x2ac2c30e4d48" scoped=""/>
        <function-ref name="isOutput" ref="0x2ac2c30e3020" scoped=""/>
        <function-ref name="getResistor" ref="0x2ac2c30e31a8" scoped=""/>
        <function-ref name="makeOutput" ref="0x2ac2c30e3330" scoped=""/>
        <function-ref name="get" ref="0x2ac2c30e34b8" scoped=""/>
        <function-ref name="selectIOFunc" ref="0x2ac2c30e3640" scoped=""/>
        <function-ref name="getRaw" ref="0x2ac2c30e37c8" scoped=""/>
        <function-ref name="set" ref="0x2ac2c30e3950" scoped=""/>
        <function-ref name="selectModuleFunc" ref="0x2ac2c30e3ad8" scoped=""/>
        <function-ref name="isIOFunc" ref="0x2ac2c30e3c60" scoped=""/>
        <function-ref name="isModuleFunc" ref="0x2ac2c30e2020" scoped=""/>
        <function-ref name="clr" ref="0x2ac2c30e21a8" scoped=""/>
      </interface-functions>
    </interface><interface loc="155:/home/kasper/tinyos-main//tos/chips/msp430/pins/HplMsp430GeneralIOC.nc" name="UCLK1" provided="1" ref="0x2ac2c30e0560">
      <component-ref nicename="HplMsp430GeneralIOC" qname="HplMsp430GeneralIOC"/>
      <type-interface alignment="I:2" size="I:2"><interface-ref name="UCLK1" ref="0x2ac2c30e0560" scoped=""/></type-interface>
      <instance>
        <interfacedef-ref nicename="HplMsp430GeneralIO" qname="HplMsp430GeneralIO"/>
      </instance>
      <interface-functions>
        <function-ref name="makeInput" ref="0x2ac2c30e08b0" scoped=""/>
        <function-ref name="isInput" ref="0x2ac2c30e0a38" scoped=""/>
        <function-ref name="setResistor" ref="0x2ac2c30e0bc0" scoped=""/>
        <function-ref name="toggle" ref="0x2ac2c30e0d48" scoped=""/>
        <function-ref name="isOutput" ref="0x2ac2c30df020" scoped=""/>
        <function-ref name="getResistor" ref="0x2ac2c30df1a8" scoped=""/>
        <function-ref name="makeOutput" ref="0x2ac2c30df330" scoped=""/>
        <function-ref name="get" ref="0x2ac2c30df4b8" scoped=""/>
        <function-ref name="selectIOFunc" ref="0x2ac2c30df640" scoped=""/>
        <function-ref name="getRaw" ref="0x2ac2c30df7c8" scoped=""/>
        <function-ref name="set" ref="0x2ac2c30df950" scoped=""/>
        <function-ref name="selectModuleFunc" ref="0x2ac2c30dfad8" scoped=""/>
        <function-ref name="isIOFunc" ref="0x2ac2c30dfc60" scoped=""/>
        <function-ref name="isModuleFunc" ref="0x2ac2c30de020" scoped=""/>
        <function-ref name="clr" ref="0x2ac2c30de1a8" scoped=""/>
      </interface-functions>
    </interface><interface loc="78:/home/kasper/tinyos-main//tos/chips/msp430/usart/HplMsp430Usart1P.nc" name="SIMO" provided="0" ref="0x2ac2c44691e8">
      <component-ref nicename="HplMsp430Usart1P" qname="HplMsp430Usart1P"/>
      <type-interface alignment="I:2" size="I:2"><interface-ref name="SIMO" ref="0x2ac2c44691e8" scoped=""/></type-interface>
      <instance>
        <interfacedef-ref nicename="HplMsp430GeneralIO" qname="HplMsp430GeneralIO"/>
      </instance>
      <interface-functions>
        <function-ref name="makeInput" ref="0x2ac2c4469538" scoped=""/>
        <function-ref name="isInput" ref="0x2ac2c44696c0" scoped=""/>
        <function-ref name="setResistor" ref="0x2ac2c4469848" scoped=""/>
        <function-ref name="toggle" ref="0x2ac2c44699d0" scoped=""/>
        <function-ref name="isOutput" ref="0x2ac2c4469b58" scoped=""/>
        <function-ref name="getResistor" ref="0x2ac2c4469ce0" scoped=""/>
        <function-ref name="makeOutput" ref="0x2ac2c4469e68" scoped=""/>
        <function-ref name="get" ref="0x2ac2c4468020" scoped=""/>
        <function-ref name="selectIOFunc" ref="0x2ac2c44681a8" scoped=""/>
        <function-ref name="getRaw" ref="0x2ac2c4468330" scoped=""/>
        <function-ref name="set" ref="0x2ac2c44684b8" scoped=""/>
        <function-ref name="selectModuleFunc" ref="0x2ac2c4468640" scoped=""/>
        <function-ref name="isIOFunc" ref="0x2ac2c44687c8" scoped=""/>
        <function-ref name="isModuleFunc" ref="0x2ac2c4468a50" scoped=""/>
        <function-ref name="clr" ref="0x2ac2c4468bd8" scoped=""/>
      </interface-functions>
    </interface><interface loc="75:/home/kasper/tinyos-main//tos/chips/msp430/usart/HplMsp430Usart1P.nc" name="Usart" provided="1" ref="0x2ac2c446f060">
      <component-ref nicename="HplMsp430Usart1P" qname="HplMsp430Usart1P"/>
      <type-interface alignment="I:2" size="I:2"><interface-ref name="Usart" ref="0x2ac2c446f060" scoped=""/></type-interface>
      <instance>
        <interfacedef-ref nicename="HplMsp430Usart" qname="HplMsp430Usart"/>
      </instance>
      <interface-functions>
        <function-ref name="isTxEmpty" ref="0x2ac2c446f3b0" scoped=""/>
        <function-ref name="enableUartRx" ref="0x2ac2c446f538" scoped=""/>
        <function-ref name="setUctl" ref="0x2ac2c446f6c0" scoped=""/>
        <function-ref name="enableUart" ref="0x2ac2c446f848" scoped=""/>
        <function-ref name="setUrctl" ref="0x2ac2c446f9d0" scoped=""/>
        <function-ref name="enableRxIntr" ref="0x2ac2c446fb58" scoped=""/>
        <function-ref name="clrRxIntr" ref="0x2ac2c446fce0" scoped=""/>
        <function-ref name="getUtctl" ref="0x2ac2c446fe68" scoped=""/>
        <function-ref name="getUrctl" ref="0x2ac2c446e020" scoped=""/>
        <function-ref name="resetUsart" ref="0x2ac2c446e1a8" scoped=""/>
        <function-ref name="getUmctl" ref="0x2ac2c446e330" scoped=""/>
        <function-ref name="disableIntr" ref="0x2ac2c446e4b8" scoped=""/>
        <function-ref name="setUtctl" ref="0x2ac2c446e640" scoped=""/>
        <function-ref name="getUbr" ref="0x2ac2c446e8c8" scoped=""/>
        <function-ref name="enableTxIntr" ref="0x2ac2c446ea50" scoped=""/>
        <function-ref name="setUmctl" ref="0x2ac2c446ebd8" scoped=""/>
        <function-ref name="isUartRx" ref="0x2ac2c446ed60" scoped=""/>
        <function-ref name="isUart" ref="0x2ac2c446d020" scoped=""/>
        <function-ref name="disableRxIntr" ref="0x2ac2c446d1a8" scoped=""/>
        <function-ref name="isSpi" ref="0x2ac2c446d330" scoped=""/>
        <function-ref name="enableUartTx" ref="0x2ac2c446d4b8" scoped=""/>
        <function-ref name="disableTxIntr" ref="0x2ac2c446d640" scoped=""/>
        <function-ref name="disableUartRx" ref="0x2ac2c446d7c8" scoped=""/>
        <function-ref name="enableIntr" ref="0x2ac2c446d950" scoped=""/>
        <function-ref name="getMode" ref="0x2ac2c446dad8" scoped=""/>
        <function-ref name="isTxIntrPending" ref="0x2ac2c446de60" scoped=""/>
        <function-ref name="clrIntr" ref="0x2ac2c446c020" scoped=""/>
        <function-ref name="setUbr" ref="0x2ac2c446c1a8" scoped=""/>
        <function-ref name="tx" ref="0x2ac2c446c330" scoped=""/>
        <function-ref name="getUctl" ref="0x2ac2c446c4b8" scoped=""/>
        <function-ref name="disableUart" ref="0x2ac2c446c640" scoped=""/>
        <function-ref name="enableSpi" ref="0x2ac2c446c7c8" scoped=""/>
        <function-ref name="setModeUart" ref="0x2ac2c446c950" scoped=""/>
        <function-ref name="setModeSpi" ref="0x2ac2c446cad8" scoped=""/>
        <function-ref name="rx" ref="0x2ac2c446cc60" scoped=""/>
        <function-ref name="isRxIntrPending" ref="0x2ac2c446cde8" scoped=""/>
        <function-ref name="isUartTx" ref="0x2ac2c446b020" scoped=""/>
        <function-ref name="clrTxIntr" ref="0x2ac2c446b1a8" scoped=""/>
        <function-ref name="disableSpi" ref="0x2ac2c446b330" scoped=""/>
        <function-ref name="disableUartTx" ref="0x2ac2c446b4b8" scoped=""/>
      </interface-functions>
    </interface><interface loc="154:/home/kasper/tinyos-main//tos/chips/msp430/pins/HplMsp430GeneralIOC.nc" name="SOMI1" provided="1" ref="0x2ac2c30e2560">
      <component-ref nicename="HplMsp430GeneralIOC" qname="HplMsp430GeneralIOC"/>
      <type-interface alignment="I:2" size="I:2"><interface-ref name="SOMI1" ref="0x2ac2c30e2560" scoped=""/></type-interface>
      <instance>
        <interfacedef-ref nicename="HplMsp430GeneralIO" qname="HplMsp430GeneralIO"/>
      </instance>
      <interface-functions>
        <function-ref name="makeInput" ref="0x2ac2c30e28b0" scoped=""/>
        <function-ref name="isInput" ref="0x2ac2c30e2a38" scoped=""/>
        <function-ref name="setResistor" ref="0x2ac2c30e2bc0" scoped=""/>
        <function-ref name="toggle" ref="0x2ac2c30e2d48" scoped=""/>
        <function-ref name="isOutput" ref="0x2ac2c30e1020" scoped=""/>
        <function-ref name="getResistor" ref="0x2ac2c30e11a8" scoped=""/>
        <function-ref name="makeOutput" ref="0x2ac2c30e1330" scoped=""/>
        <function-ref name="get" ref="0x2ac2c30e14b8" scoped=""/>
        <function-ref name="selectIOFunc" ref="0x2ac2c30e1640" scoped=""/>
        <function-ref name="getRaw" ref="0x2ac2c30e17c8" scoped=""/>
        <function-ref name="set" ref="0x2ac2c30e1950" scoped=""/>
        <function-ref name="selectModuleFunc" ref="0x2ac2c30e1ad8" scoped=""/>
        <function-ref name="isIOFunc" ref="0x2ac2c30e1c60" scoped=""/>
        <function-ref name="isModuleFunc" ref="0x2ac2c30e0020" scoped=""/>
        <function-ref name="clr" ref="0x2ac2c30e01a8" scoped=""/>
      </interface-functions>
    </interface><interface loc="74:/home/kasper/tinyos-main//tos/chips/msp430/usart/HplMsp430Usart1P.nc" name="AsyncStdControl" provided="1" ref="0x2ac2c44727d0">
      <component-ref nicename="HplMsp430Usart1P" qname="HplMsp430Usart1P"/>
      <type-interface alignment="I:2" size="I:2"><interface-ref name="AsyncStdControl" ref="0x2ac2c44727d0" scoped=""/></type-interface>
      <instance>
        <interfacedef-ref nicename="AsyncStdControl" qname="AsyncStdControl"/>
      </instance>
      <interface-functions>
        <function-ref name="start" ref="0x2ac2c4472b20" scoped=""/>
        <function-ref name="stop" ref="0x2ac2c4472ca8" scoped=""/>
      </interface-functions>
    </interface><component loc="45:/home/kasper/tinyos-main//tos/chips/msp430/pins/HplMsp430GeneralIOC.nc" nicename="HplMsp430GeneralIOC" qname="HplMsp430GeneralIOC">
      <documentation loc="35:/home/kasper/tinyos-main//tos/chips/msp430/pins/HplMsp430GeneralIOC.nc">
        <short>
 HPL for the TI MSP430 family of microprocessors.</short>
        <long>
 HPL for the TI MSP430 family of microprocessors. This provides an
 abstraction for general-purpose I/O.

 @author Joe Polastre
 @author Xavier Orduna &lt;xorduna@dexmatech.com&gt;
 @author Peter A. Bigot &lt;pab@peoplepowerco.com&gt;
 @author Eric B. Decker &lt;cire831@gmail.com&gt;
</long>
      </documentation>
      <configuration/>
      <wiring>
        <wire loc="442:/home/kasper/tinyos-main//tos/chips/msp430/pins/HplMsp430GeneralIOC.nc">
          <from><interface-ref name="Port14" ref="0x2ac2c3090978" scoped=""/></from>
          <to><interface-ref name="IO" ref="0x2ac2c3150ca0" scoped=""/></to>
        </wire>
        <wire loc="455:/home/kasper/tinyos-main//tos/chips/msp430/pins/HplMsp430GeneralIOC.nc">
          <from><interface-ref name="Port26" ref="0x2ac2c30a1568" scoped=""/></from>
          <to><interface-ref name="IO" ref="0x2ac2c3175ca0" scoped=""/></to>
        </wire>
        <wire loc="531:/home/kasper/tinyos-main//tos/chips/msp430/pins/HplMsp430GeneralIOC.nc">
          <from><interface-ref name="SDA" ref="0x2ac2c30cb7d0" scoped=""/></from>
          <to><interface-ref name="IO" ref="0x2ac2c31903d8" scoped=""/></to>
        </wire>
        <wire loc="551:/home/kasper/tinyos-main//tos/chips/msp430/pins/HplMsp430GeneralIOC.nc">
          <from><interface-ref name="ADC6" ref="0x2ac2c30f6558" scoped=""/></from>
          <to><interface-ref name="IO" ref="0x2ac2c320bca0" scoped=""/></to>
        </wire>
        <wire loc="532:/home/kasper/tinyos-main//tos/chips/msp430/pins/HplMsp430GeneralIOC.nc">
          <from><interface-ref name="SOMI0" ref="0x2ac2c30f0660" scoped=""/></from>
          <to><interface-ref name="IO" ref="0x2ac2c318cca0" scoped=""/></to>
        </wire>
        <wire loc="460:/home/kasper/tinyos-main//tos/chips/msp430/pins/HplMsp430GeneralIOC.nc">
          <from><interface-ref name="Port30" ref="0x2ac2c309d568" scoped=""/></from>
          <to><interface-ref name="IO" ref="0x2ac2c316bca0" scoped=""/></to>
        </wire>
        <wire loc="473:/home/kasper/tinyos-main//tos/chips/msp430/pins/HplMsp430GeneralIOC.nc">
          <from><interface-ref name="Port42" ref="0x2ac2c30af568" scoped=""/></from>
          <to><interface-ref name="IO" ref="0x2ac2c31bbca0" scoped=""/></to>
        </wire>
        <wire loc="486:/home/kasper/tinyos-main//tos/chips/msp430/pins/HplMsp430GeneralIOC.nc">
          <from><interface-ref name="Port54" ref="0x2ac2c30c0568" scoped=""/></from>
          <to><interface-ref name="IO" ref="0x2ac2c31e2ca0" scoped=""/></to>
        </wire>
        <wire loc="497:/home/kasper/tinyos-main//tos/chips/msp430/pins/HplMsp430GeneralIOC.nc">
          <from><interface-ref name="Port64" ref="0x2ac2c30d7568" scoped=""/></from>
          <to><interface-ref name="IO" ref="0x2ac2c3215ca0" scoped=""/></to>
        </wire>
        <wire loc="535:/home/kasper/tinyos-main//tos/chips/msp430/pins/HplMsp430GeneralIOC.nc">
          <from><interface-ref name="UTXD0" ref="0x2ac2c30ea560" scoped=""/></from>
          <to><interface-ref name="IO" ref="0x2ac2c3183ca0" scoped=""/></to>
        </wire>
        <wire loc="545:/home/kasper/tinyos-main//tos/chips/msp430/pins/HplMsp430GeneralIOC.nc">
          <from><interface-ref name="ADC0" ref="0x2ac2c3102558" scoped=""/></from>
          <to><interface-ref name="IO" ref="0x2ac2c31fbca0" scoped=""/></to>
        </wire>
        <wire loc="557:/home/kasper/tinyos-main//tos/chips/msp430/pins/HplMsp430GeneralIOC.nc">
          <from><interface-ref name="SVSIN" ref="0x2ac2c3116560" scoped=""/></from>
          <to><interface-ref name="IO" ref="0x2ac2c32063d8" scoped=""/></to>
        </wire>
        <wire loc="445:/home/kasper/tinyos-main//tos/chips/msp430/pins/HplMsp430GeneralIOC.nc">
          <from><interface-ref name="Port17" ref="0x2ac2c3089568" scoped=""/></from>
          <to><interface-ref name="IO" ref="0x2ac2c316a3d8" scoped=""/></to>
        </wire>
        <wire loc="536:/home/kasper/tinyos-main//tos/chips/msp430/pins/HplMsp430GeneralIOC.nc">
          <from><interface-ref name="URXD0" ref="0x2ac2c30e8560" scoped=""/></from>
          <to><interface-ref name="IO" ref="0x2ac2c31a83d8" scoped=""/></to>
        </wire>
        <wire loc="450:/home/kasper/tinyos-main//tos/chips/msp430/pins/HplMsp430GeneralIOC.nc">
          <from><interface-ref name="Port21" ref="0x2ac2c3085568" scoped=""/></from>
          <to><interface-ref name="IO" ref="0x2ac2c31613d8" scoped=""/></to>
        </wire>
        <wire loc="463:/home/kasper/tinyos-main//tos/chips/msp430/pins/HplMsp430GeneralIOC.nc">
          <from><interface-ref name="Port33" ref="0x2ac2c3097568" scoped=""/></from>
          <to><interface-ref name="IO" ref="0x2ac2c31873d8" scoped=""/></to>
        </wire>
        <wire loc="476:/home/kasper/tinyos-main//tos/chips/msp430/pins/HplMsp430GeneralIOC.nc">
          <from><interface-ref name="Port45" ref="0x2ac2c30a8568" scoped=""/></from>
          <to><interface-ref name="IO" ref="0x2ac2c31ad3d8" scoped=""/></to>
        </wire>
        <wire loc="489:/home/kasper/tinyos-main//tos/chips/msp430/pins/HplMsp430GeneralIOC.nc">
          <from><interface-ref name="Port57" ref="0x2ac2c30ba568" scoped=""/></from>
          <to><interface-ref name="IO" ref="0x2ac2c31ff3d8" scoped=""/></to>
        </wire>
        <wire loc="500:/home/kasper/tinyos-main//tos/chips/msp430/pins/HplMsp430GeneralIOC.nc">
          <from><interface-ref name="Port67" ref="0x2ac2c30d1568" scoped=""/></from>
          <to><interface-ref name="IO" ref="0x2ac2c32063d8" scoped=""/></to>
        </wire>
        <wire loc="440:/home/kasper/tinyos-main//tos/chips/msp430/pins/HplMsp430GeneralIOC.nc">
          <from><interface-ref name="Port12" ref="0x2ac2c306ec88" scoped=""/></from>
          <to><interface-ref name="IO" ref="0x2ac2c3131ca0" scoped=""/></to>
        </wire>
        <wire loc="453:/home/kasper/tinyos-main//tos/chips/msp430/pins/HplMsp430GeneralIOC.nc">
          <from><interface-ref name="Port24" ref="0x2ac2c307f568" scoped=""/></from>
          <to><interface-ref name="IO" ref="0x2ac2c317ed08" scoped=""/></to>
        </wire>
        <wire loc="466:/home/kasper/tinyos-main//tos/chips/msp430/pins/HplMsp430GeneralIOC.nc">
          <from><interface-ref name="Port36" ref="0x2ac2c3091568" scoped=""/></from>
          <to><interface-ref name="IO" ref="0x2ac2c31a3ca0" scoped=""/></to>
        </wire>
        <wire loc="530:/home/kasper/tinyos-main//tos/chips/msp430/pins/HplMsp430GeneralIOC.nc">
          <from><interface-ref name="SIMO0" ref="0x2ac2c30cd970" scoped=""/></from>
          <to><interface-ref name="IO" ref="0x2ac2c31903d8" scoped=""/></to>
        </wire>
        <wire loc="548:/home/kasper/tinyos-main//tos/chips/msp430/pins/HplMsp430GeneralIOC.nc">
          <from><interface-ref name="ADC3" ref="0x2ac2c30fc558" scoped=""/></from>
          <to><interface-ref name="IO" ref="0x2ac2c31ed3d8" scoped=""/></to>
        </wire>
        <wire loc="555:/home/kasper/tinyos-main//tos/chips/msp430/pins/HplMsp430GeneralIOC.nc">
          <from><interface-ref name="DAC1" ref="0x2ac2c3118558" scoped=""/></from>
          <to><interface-ref name="IO" ref="0x2ac2c32063d8" scoped=""/></to>
        </wire>
        <wire loc="541:/home/kasper/tinyos-main//tos/chips/msp430/pins/HplMsp430GeneralIOC.nc">
          <from><interface-ref name="UCLK1" ref="0x2ac2c30e0560" scoped=""/></from>
          <to><interface-ref name="IO" ref="0x2ac2c31e63d8" scoped=""/></to>
        </wire>
        <wire loc="471:/home/kasper/tinyos-main//tos/chips/msp430/pins/HplMsp430GeneralIOC.nc">
          <from><interface-ref name="Port40" ref="0x2ac2c30b3568" scoped=""/></from>
          <to><interface-ref name="IO" ref="0x2ac2c319add8" scoped=""/></to>
        </wire>
        <wire loc="484:/home/kasper/tinyos-main//tos/chips/msp430/pins/HplMsp430GeneralIOC.nc">
          <from><interface-ref name="Port52" ref="0x2ac2c30c4568" scoped=""/></from>
          <to><interface-ref name="IO" ref="0x2ac2c31c0ca0" scoped=""/></to>
        </wire>
        <wire loc="495:/home/kasper/tinyos-main//tos/chips/msp430/pins/HplMsp430GeneralIOC.nc">
          <from><interface-ref name="Port62" ref="0x2ac2c30db568" scoped=""/></from>
          <to><interface-ref name="IO" ref="0x2ac2c31f2ca0" scoped=""/></to>
        </wire>
        <wire loc="549:/home/kasper/tinyos-main//tos/chips/msp430/pins/HplMsp430GeneralIOC.nc">
          <from><interface-ref name="ADC4" ref="0x2ac2c30fa558" scoped=""/></from>
          <to><interface-ref name="IO" ref="0x2ac2c3215ca0" scoped=""/></to>
        </wire>
        <wire loc="538:/home/kasper/tinyos-main//tos/chips/msp430/pins/HplMsp430GeneralIOC.nc">
          <from><interface-ref name="STE1" ref="0x2ac2c30e6558" scoped=""/></from>
          <to><interface-ref name="IO" ref="0x2ac2c31c9ca0" scoped=""/></to>
        </wire>
        <wire loc="443:/home/kasper/tinyos-main//tos/chips/msp430/pins/HplMsp430GeneralIOC.nc">
          <from><interface-ref name="Port15" ref="0x2ac2c308d7f0" scoped=""/></from>
          <to><interface-ref name="IO" ref="0x2ac2c314b3d8" scoped=""/></to>
        </wire>
        <wire loc="456:/home/kasper/tinyos-main//tos/chips/msp430/pins/HplMsp430GeneralIOC.nc">
          <from><interface-ref name="Port27" ref="0x2ac2c309f568" scoped=""/></from>
          <to><interface-ref name="IO" ref="0x2ac2c316f3d8" scoped=""/></to>
        </wire>
        <wire loc="493:/home/kasper/tinyos-main//tos/chips/msp430/pins/HplMsp430GeneralIOC.nc">
          <from><interface-ref name="Port60" ref="0x2ac2c30b8568" scoped=""/></from>
          <to><interface-ref name="IO" ref="0x2ac2c31fbca0" scoped=""/></to>
        </wire>
        <wire loc="461:/home/kasper/tinyos-main//tos/chips/msp430/pins/HplMsp430GeneralIOC.nc">
          <from><interface-ref name="Port31" ref="0x2ac2c309b568" scoped=""/></from>
          <to><interface-ref name="IO" ref="0x2ac2c31903d8" scoped=""/></to>
        </wire>
        <wire loc="474:/home/kasper/tinyos-main//tos/chips/msp430/pins/HplMsp430GeneralIOC.nc">
          <from><interface-ref name="Port43" ref="0x2ac2c30ad568" scoped=""/></from>
          <to><interface-ref name="IO" ref="0x2ac2c31b63d8" scoped=""/></to>
        </wire>
        <wire loc="487:/home/kasper/tinyos-main//tos/chips/msp430/pins/HplMsp430GeneralIOC.nc">
          <from><interface-ref name="Port55" ref="0x2ac2c30be568" scoped=""/></from>
          <to><interface-ref name="IO" ref="0x2ac2c31dd3d8" scoped=""/></to>
        </wire>
        <wire loc="498:/home/kasper/tinyos-main//tos/chips/msp430/pins/HplMsp430GeneralIOC.nc">
          <from><interface-ref name="Port65" ref="0x2ac2c30d5568" scoped=""/></from>
          <to><interface-ref name="IO" ref="0x2ac2c320f3d8" scoped=""/></to>
        </wire>
        <wire loc="540:/home/kasper/tinyos-main//tos/chips/msp430/pins/HplMsp430GeneralIOC.nc">
          <from><interface-ref name="SOMI1" ref="0x2ac2c30e2560" scoped=""/></from>
          <to><interface-ref name="IO" ref="0x2ac2c31c0ca0" scoped=""/></to>
        </wire>
        <wire loc="438:/home/kasper/tinyos-main//tos/chips/msp430/pins/HplMsp430GeneralIOC.nc">
          <from><interface-ref name="Port10" ref="0x2ac2c307a020" scoped=""/></from>
          <to><interface-ref name="IO" ref="0x2ac2c310fe18" scoped=""/></to>
        </wire>
        <wire loc="451:/home/kasper/tinyos-main//tos/chips/msp430/pins/HplMsp430GeneralIOC.nc">
          <from><interface-ref name="Port22" ref="0x2ac2c3083568" scoped=""/></from>
          <to><interface-ref name="IO" ref="0x2ac2c315dca0" scoped=""/></to>
        </wire>
        <wire loc="464:/home/kasper/tinyos-main//tos/chips/msp430/pins/HplMsp430GeneralIOC.nc">
          <from><interface-ref name="Port34" ref="0x2ac2c3095568" scoped=""/></from>
          <to><interface-ref name="IO" ref="0x2ac2c3183ca0" scoped=""/></to>
        </wire>
        <wire loc="477:/home/kasper/tinyos-main//tos/chips/msp430/pins/HplMsp430GeneralIOC.nc">
          <from><interface-ref name="Port46" ref="0x2ac2c30a6568" scoped=""/></from>
          <to><interface-ref name="IO" ref="0x2ac2c31d2ca0" scoped=""/></to>
        </wire>
        <wire loc="542:/home/kasper/tinyos-main//tos/chips/msp430/pins/HplMsp430GeneralIOC.nc">
          <from><interface-ref name="UTXD1" ref="0x2ac2c30de560" scoped=""/></from>
          <to><interface-ref name="IO" ref="0x2ac2c31a3ca0" scoped=""/></to>
        </wire>
        <wire loc="546:/home/kasper/tinyos-main//tos/chips/msp430/pins/HplMsp430GeneralIOC.nc">
          <from><interface-ref name="ADC1" ref="0x2ac2c3100558" scoped=""/></from>
          <to><interface-ref name="IO" ref="0x2ac2c31f63d8" scoped=""/></to>
        </wire>
        <wire loc="552:/home/kasper/tinyos-main//tos/chips/msp430/pins/HplMsp430GeneralIOC.nc">
          <from><interface-ref name="ADC7" ref="0x2ac2c30f4558" scoped=""/></from>
          <to><interface-ref name="IO" ref="0x2ac2c32063d8" scoped=""/></to>
        </wire>
        <wire loc="482:/home/kasper/tinyos-main//tos/chips/msp430/pins/HplMsp430GeneralIOC.nc">
          <from><interface-ref name="Port50" ref="0x2ac2c30c8568" scoped=""/></from>
          <to><interface-ref name="IO" ref="0x2ac2c31c9ca0" scoped=""/></to>
        </wire>
        <wire loc="543:/home/kasper/tinyos-main//tos/chips/msp430/pins/HplMsp430GeneralIOC.nc">
          <from><interface-ref name="URXD1" ref="0x2ac2c3104560" scoped=""/></from>
          <to><interface-ref name="IO" ref="0x2ac2c319e3d8" scoped=""/></to>
        </wire>
        <wire loc="441:/home/kasper/tinyos-main//tos/chips/msp430/pins/HplMsp430GeneralIOC.nc">
          <from><interface-ref name="Port13" ref="0x2ac2c306cb00" scoped=""/></from>
          <to><interface-ref name="IO" ref="0x2ac2c31543d8" scoped=""/></to>
        </wire>
        <wire loc="454:/home/kasper/tinyos-main//tos/chips/msp430/pins/HplMsp430GeneralIOC.nc">
          <from><interface-ref name="Port25" ref="0x2ac2c30a3568" scoped=""/></from>
          <to><interface-ref name="IO" ref="0x2ac2c31793d8" scoped=""/></to>
        </wire>
        <wire loc="467:/home/kasper/tinyos-main//tos/chips/msp430/pins/HplMsp430GeneralIOC.nc">
          <from><interface-ref name="Port37" ref="0x2ac2c30b5568" scoped=""/></from>
          <to><interface-ref name="IO" ref="0x2ac2c319e3d8" scoped=""/></to>
        </wire>
        <wire loc="539:/home/kasper/tinyos-main//tos/chips/msp430/pins/HplMsp430GeneralIOC.nc">
          <from><interface-ref name="SIMO1" ref="0x2ac2c30e4560" scoped=""/></from>
          <to><interface-ref name="IO" ref="0x2ac2c31c43d8" scoped=""/></to>
        </wire>
        <wire loc="550:/home/kasper/tinyos-main//tos/chips/msp430/pins/HplMsp430GeneralIOC.nc">
          <from><interface-ref name="ADC5" ref="0x2ac2c30f8558" scoped=""/></from>
          <to><interface-ref name="IO" ref="0x2ac2c320f3d8" scoped=""/></to>
        </wire>
        <wire loc="472:/home/kasper/tinyos-main//tos/chips/msp430/pins/HplMsp430GeneralIOC.nc">
          <from><interface-ref name="Port41" ref="0x2ac2c30b1668" scoped=""/></from>
          <to><interface-ref name="IO" ref="0x2ac2c3195478" scoped=""/></to>
        </wire>
        <wire loc="485:/home/kasper/tinyos-main//tos/chips/msp430/pins/HplMsp430GeneralIOC.nc">
          <from><interface-ref name="Port53" ref="0x2ac2c30c2568" scoped=""/></from>
          <to><interface-ref name="IO" ref="0x2ac2c31e63d8" scoped=""/></to>
        </wire>
        <wire loc="496:/home/kasper/tinyos-main//tos/chips/msp430/pins/HplMsp430GeneralIOC.nc">
          <from><interface-ref name="Port63" ref="0x2ac2c30d9568" scoped=""/></from>
          <to><interface-ref name="IO" ref="0x2ac2c31ed3d8" scoped=""/></to>
        </wire>
        <wire loc="444:/home/kasper/tinyos-main//tos/chips/msp430/pins/HplMsp430GeneralIOC.nc">
          <from><interface-ref name="Port16" ref="0x2ac2c308b668" scoped=""/></from>
          <to><interface-ref name="IO" ref="0x2ac2c3147ca0" scoped=""/></to>
        </wire>
        <wire loc="494:/home/kasper/tinyos-main//tos/chips/msp430/pins/HplMsp430GeneralIOC.nc">
          <from><interface-ref name="Port61" ref="0x2ac2c30dd568" scoped=""/></from>
          <to><interface-ref name="IO" ref="0x2ac2c31f63d8" scoped=""/></to>
        </wire>
        <wire loc="449:/home/kasper/tinyos-main//tos/chips/msp430/pins/HplMsp430GeneralIOC.nc">
          <from><interface-ref name="Port20" ref="0x2ac2c3087568" scoped=""/></from>
          <to><interface-ref name="IO" ref="0x2ac2c3166ca0" scoped=""/></to>
        </wire>
        <wire loc="462:/home/kasper/tinyos-main//tos/chips/msp430/pins/HplMsp430GeneralIOC.nc">
          <from><interface-ref name="Port32" ref="0x2ac2c3099568" scoped=""/></from>
          <to><interface-ref name="IO" ref="0x2ac2c318cca0" scoped=""/></to>
        </wire>
        <wire loc="475:/home/kasper/tinyos-main//tos/chips/msp430/pins/HplMsp430GeneralIOC.nc">
          <from><interface-ref name="Port44" ref="0x2ac2c30aa568" scoped=""/></from>
          <to><interface-ref name="IO" ref="0x2ac2c31b2ca0" scoped=""/></to>
        </wire>
        <wire loc="488:/home/kasper/tinyos-main//tos/chips/msp430/pins/HplMsp430GeneralIOC.nc">
          <from><interface-ref name="Port56" ref="0x2ac2c30bc568" scoped=""/></from>
          <to><interface-ref name="IO" ref="0x2ac2c31d8ca0" scoped=""/></to>
        </wire>
        <wire loc="499:/home/kasper/tinyos-main//tos/chips/msp430/pins/HplMsp430GeneralIOC.nc">
          <from><interface-ref name="Port66" ref="0x2ac2c30d3568" scoped=""/></from>
          <to><interface-ref name="IO" ref="0x2ac2c320bca0" scoped=""/></to>
        </wire>
        <wire loc="439:/home/kasper/tinyos-main//tos/chips/msp430/pins/HplMsp430GeneralIOC.nc">
          <from><interface-ref name="Port11" ref="0x2ac2c3079e10" scoped=""/></from>
          <to><interface-ref name="IO" ref="0x2ac2c3135478" scoped=""/></to>
        </wire>
        <wire loc="452:/home/kasper/tinyos-main//tos/chips/msp430/pins/HplMsp430GeneralIOC.nc">
          <from><interface-ref name="Port23" ref="0x2ac2c3081568" scoped=""/></from>
          <to><interface-ref name="IO" ref="0x2ac2c31583d8" scoped=""/></to>
        </wire>
        <wire loc="465:/home/kasper/tinyos-main//tos/chips/msp430/pins/HplMsp430GeneralIOC.nc">
          <from><interface-ref name="Port35" ref="0x2ac2c3093568" scoped=""/></from>
          <to><interface-ref name="IO" ref="0x2ac2c31a83d8" scoped=""/></to>
        </wire>
        <wire loc="478:/home/kasper/tinyos-main//tos/chips/msp430/pins/HplMsp430GeneralIOC.nc">
          <from><interface-ref name="Port47" ref="0x2ac2c30a4568" scoped=""/></from>
          <to><interface-ref name="IO" ref="0x2ac2c31cd3d8" scoped=""/></to>
        </wire>
        <wire loc="534:/home/kasper/tinyos-main//tos/chips/msp430/pins/HplMsp430GeneralIOC.nc">
          <from><interface-ref name="SCL" ref="0x2ac2c30ec548" scoped=""/></from>
          <to><interface-ref name="IO" ref="0x2ac2c31873d8" scoped=""/></to>
        </wire>
        <wire loc="547:/home/kasper/tinyos-main//tos/chips/msp430/pins/HplMsp430GeneralIOC.nc">
          <from><interface-ref name="ADC2" ref="0x2ac2c30fe558" scoped=""/></from>
          <to><interface-ref name="IO" ref="0x2ac2c31f2ca0" scoped=""/></to>
        </wire>
        <wire loc="533:/home/kasper/tinyos-main//tos/chips/msp430/pins/HplMsp430GeneralIOC.nc">
          <from><interface-ref name="UCLK0" ref="0x2ac2c30ee560" scoped=""/></from>
          <to><interface-ref name="IO" ref="0x2ac2c31873d8" scoped=""/></to>
        </wire>
        <wire loc="483:/home/kasper/tinyos-main//tos/chips/msp430/pins/HplMsp430GeneralIOC.nc">
          <from><interface-ref name="Port51" ref="0x2ac2c30c6568" scoped=""/></from>
          <to><interface-ref name="IO" ref="0x2ac2c31c43d8" scoped=""/></to>
        </wire>
        <wire loc="554:/home/kasper/tinyos-main//tos/chips/msp430/pins/HplMsp430GeneralIOC.nc">
          <from><interface-ref name="DAC0" ref="0x2ac2c30f2558" scoped=""/></from>
          <to><interface-ref name="IO" ref="0x2ac2c320bca0" scoped=""/></to>
        </wire>
        <wire loc="558:/home/kasper/tinyos-main//tos/chips/msp430/pins/HplMsp430GeneralIOC.nc">
          <from><interface-ref name="SVSOUT" ref="0x2ac2c3114568" scoped=""/></from>
          <to><interface-ref name="IO" ref="0x2ac2c31ff3d8" scoped=""/></to>
        </wire>
        <wire loc="529:/home/kasper/tinyos-main//tos/chips/msp430/pins/HplMsp430GeneralIOC.nc">
          <from><interface-ref name="STE0" ref="0x2ac2c30cf5b8" scoped=""/></from>
          <to><interface-ref name="IO" ref="0x2ac2c316bca0" scoped=""/></to>
        </wire>
      </wiring>
    </component><component loc="73:/home/kasper/tinyos-main//tos/chips/msp430/usart/HplMsp430Usart1P.nc" nicename="HplMsp430Usart1P" qname="HplMsp430Usart1P">
      <documentation loc="62:/home/kasper/tinyos-main//tos/chips/msp430/usart/HplMsp430Usart1P.nc">
        <short>
 Implementation of USART1 lowlevel functionality - stateless.</short>
        <long>
 Implementation of USART1 lowlevel functionality - stateless.
 Setting a mode will by default disable USART-Interrupts.

 @author: Jan Hauer &lt;hauer@tkn.tu-berlin.de&gt;
 @author: Jonathan Hui &lt;jhui@archedrock.com&gt;
 @author: Vlado Handziski &lt;handzisk@tkn.tu-berlin.de&gt;
 @author: Joe Polastre
 @version $Revision: 1.7 $ $Date: 2010-06-04 22:30:21 $
</long>
      </documentation>
      <module/>
    </component></referenced></component>