<?xml version="1.0" ?><component loc="26:/home/kasper/tinyos-main//tos/platforms/epic/chips/ds2411/LocalIeeeEui64C.nc" nicename="LocalIeeeEui64C" qname="LocalIeeeEui64C">
      <configuration/>
      <wiring>
        <wire loc="33:/home/kasper/tinyos-main//tos/platforms/epic/chips/ds2411/LocalIeeeEui64C.nc">
          <from><interface-ref name="LocalIeeeEui64" ref="0x2ac2c3d9ace0" scoped=""/></from>
          <to><interface-ref name="LocalIeeeEui64" ref="0x2ac2c3e23020" scoped=""/></to>
        </wire>
        <wire loc="34:/home/kasper/tinyos-main//tos/platforms/epic/chips/ds2411/LocalIeeeEui64C.nc">
          <from><interface-ref name="ReadId48" ref="0x2ac2c3e23650" scoped=""/></from>
          <to><interface-ref name="ReadId48" ref="0x2ac2c3ddb998" scoped=""/></to>
        </wire>
      </wiring>
    <specification><interface loc="27:/home/kasper/tinyos-main//tos/platforms/epic/chips/ds2411/LocalIeeeEui64C.nc" name="LocalIeeeEui64" provided="1" ref="0x2ac2c3d9ace0">
      <component-ref nicename="LocalIeeeEui64C" qname="LocalIeeeEui64C"/>
      <type-interface alignment="I:2" size="I:2"><interface-ref name="LocalIeeeEui64" ref="0x2ac2c3d9ace0" scoped=""/></type-interface>
      <instance>
        <interfacedef-ref nicename="LocalIeeeEui64" qname="LocalIeeeEui64"/>
      </instance>
      <interface-functions>
        <function-ref name="getId" ref="0x2ac2c3de10a0" scoped=""/>
      </interface-functions>
    </interface></specification><referenced><interface loc="6:/home/kasper/tinyos-main//tos/platforms/epic/chips/ds2411/DallasId48ToIeeeEui64C.nc" name="ReadId48" provided="0" ref="0x2ac2c3e23650">
      <component-ref nicename="DallasId48ToIeeeEui64C" qname="DallasId48ToIeeeEui64C"/>
      <type-interface alignment="I:2" size="I:2"><interface-ref name="ReadId48" ref="0x2ac2c3e23650" scoped=""/></type-interface>
      <instance>
        <interfacedef-ref nicename="ReadId48" qname="ReadId48"/>
      </instance>
      <interface-functions>
        <function-ref name="read" ref="0x2ac2c3e239a0" scoped=""/>
      </interface-functions>
    </interface><interface loc="12:/home/kasper/tinyos-main//tos/platforms/epic/chips/ds2411/Ds2411C.nc" name="ReadId48" provided="1" ref="0x2ac2c3ddb998">
      <component-ref nicename="Ds2411C" qname="Ds2411C"/>
      <type-interface alignment="I:2" size="I:2"><interface-ref name="ReadId48" ref="0x2ac2c3ddb998" scoped=""/></type-interface>
      <instance>
        <interfacedef-ref nicename="ReadId48" qname="ReadId48"/>
      </instance>
      <interface-functions>
        <function-ref name="read" ref="0x2ac2c3ddbce8" scoped=""/>
      </interface-functions>
    </interface><interface loc="5:/home/kasper/tinyos-main//tos/platforms/epic/chips/ds2411/DallasId48ToIeeeEui64C.nc" name="LocalIeeeEui64" provided="1" ref="0x2ac2c3e23020">
      <component-ref nicename="DallasId48ToIeeeEui64C" qname="DallasId48ToIeeeEui64C"/>
      <type-interface alignment="I:2" size="I:2"><interface-ref name="LocalIeeeEui64" ref="0x2ac2c3e23020" scoped=""/></type-interface>
      <instance>
        <interfacedef-ref nicename="LocalIeeeEui64" qname="LocalIeeeEui64"/>
      </instance>
      <interface-functions>
        <function-ref name="getId" ref="0x2ac2c3e23370" scoped=""/>
      </interface-functions>
    </interface><component loc="11:/home/kasper/tinyos-main//tos/platforms/epic/chips/ds2411/Ds2411C.nc" nicename="Ds2411C" qname="Ds2411C">
      <documentation loc="5:/home/kasper/tinyos-main//tos/platforms/epic/chips/ds2411/Ds2411C.nc">
        <short>
 </short>
        <long>
 @author: Andreas Koepke (koepke@tkn.tu-berlin.de)
</long>
      </documentation>
      <configuration/>
      <wiring>
        <wire loc="25:/home/kasper/tinyos-main//tos/platforms/epic/chips/ds2411/Ds2411C.nc">
          <from><interface-ref name="ReadId48" ref="0x2ac2c3ddb998" scoped=""/></from>
          <to><interface-ref name="ReadId48" ref="0x2ac2c3dd2458" scoped=""/></to>
        </wire>
        <wire loc="23:/home/kasper/tinyos-main//tos/platforms/epic/chips/ds2411/Ds2411C.nc">
          <from><interface-ref name="HplGeneralIO" ref="0x2ac2c3e2ca90" scoped=""/></from>
          <to><interface-ref name="Port24" ref="0x2ac2c307f568" scoped=""/></to>
        </wire>
        <wire loc="26:/home/kasper/tinyos-main//tos/platforms/epic/chips/ds2411/Ds2411C.nc">
          <from><interface-ref name="OneWire" ref="0x2ac2c3dcdc70" scoped=""/></from>
          <to><interface-ref name="OneWire" ref="0x2ac2c3dbb108" scoped=""/></to>
        </wire>
        <wire loc="27:/home/kasper/tinyos-main//tos/platforms/epic/chips/ds2411/Ds2411C.nc">
          <from><interface-ref name="Pin" ref="0x2ac2c3dbb968" scoped=""/></from>
          <to><interface-ref name="GeneralIO" ref="0x2ac2c3df2958" scoped=""/></to>
        </wire>
        <wire loc="28:/home/kasper/tinyos-main//tos/platforms/epic/chips/ds2411/Ds2411C.nc">
          <from><interface-ref name="BusyWait" ref="0x2ac2c3e10748" scoped=""/></from>
          <to><interface-ref name="BusyWait" ref="0x2ac2c3dbd8a8" scoped=""/></to>
        </wire>
      </wiring>
    </component><component loc="4:/home/kasper/tinyos-main//tos/platforms/epic/chips/ds2411/DallasId48ToIeeeEui64C.nc" nicename="DallasId48ToIeeeEui64C" qname="DallasId48ToIeeeEui64C">
      <module/>
    </component></referenced></component>