<?xml version="1.0" ?><component loc="56:/home/kasper/tinyos-main//tos/system/MainC.nc" nicename="MainC" qname="MainC">
      <documentation loc="45:/home/kasper/tinyos-main//tos/system/MainC.nc">
        <short>
 MainC is the system interface the TinyOS boot sequence.</short>
        <long>
 MainC is the system interface the TinyOS boot sequence. It wires the
 boot sequence implementation to the scheduler and hardware resources.

 @author Philip Levis
 @date   August 6 2005
 @see    TEP 107: Boot Sequence
</long>
      </documentation>
      <configuration/>
      <wiring>
        <wire loc="72:/home/kasper/tinyos-main//tos/system/MainC.nc">
          <from><interface-ref name="Boot" ref="0x2ac2c2e659c0" scoped=""/></from>
          <to><interface-ref name="Boot" ref="0x2ac2c2e64c40" scoped=""/></to>
        </wire>
        <wire loc="67:/home/kasper/tinyos-main//tos/system/MainC.nc">
          <from><interface-ref name="Scheduler" ref="0x2ac2c3010308" scoped=""/></from>
          <to><interface-ref name="Scheduler" ref="0x2ac2c29e8390" scoped=""/></to>
        </wire>
        <wire loc="68:/home/kasper/tinyos-main//tos/system/MainC.nc">
          <from><interface-ref name="PlatformInit" ref="0x2ac2c3010ce0" scoped=""/></from>
          <to><interface-ref name="Init" ref="0x2ac2c2e66d70" scoped=""/></to>
        </wire>
        <wire loc="71:/home/kasper/tinyos-main//tos/system/MainC.nc">
          <from><interface-ref name="SoftwareInit" ref="0x2ac2c302a418" scoped=""/></from>
          <to><interface-ref name="SoftwareInit" ref="0x2ac2c2e67e48" scoped=""/></to>
        </wire>
      </wiring>
    <specification><interface loc="58:/home/kasper/tinyos-main//tos/system/MainC.nc" name="SoftwareInit" provided="0" ref="0x2ac2c2e67e48">
      <component-ref nicename="MainC" qname="MainC"/>
      <type-interface alignment="I:2" size="I:2"><interface-ref name="SoftwareInit" ref="0x2ac2c2e67e48" scoped=""/></type-interface>
      <instance>
        <interfacedef-ref nicename="Init" qname="Init"/>
      </instance>
      <interface-functions>
        <function-ref name="init" ref="0x2ac2c2e661c0" scoped=""/>
      </interface-functions>
    </interface><interface loc="57:/home/kasper/tinyos-main//tos/system/MainC.nc" name="Boot" provided="1" ref="0x2ac2c2e659c0">
      <component-ref nicename="MainC" qname="MainC"/>
      <type-interface alignment="I:2" size="I:2"><interface-ref name="Boot" ref="0x2ac2c2e659c0" scoped=""/></type-interface>
      <instance>
        <interfacedef-ref nicename="Boot" qname="Boot"/>
      </instance>
      <interface-functions>
        <function-ref name="booted" ref="0x2ac2c2e65d10" scoped=""/>
      </interface-functions>
    </interface></specification><referenced><interface loc="58:/home/kasper/tinyos-main//tos/system/RealMainP.nc" name="Scheduler" provided="0" ref="0x2ac2c3010308">
      <component-ref nicename="RealMainP" qname="RealMainP"/>
      <type-interface alignment="I:2" size="I:2"><interface-ref name="Scheduler" ref="0x2ac2c3010308" scoped=""/></type-interface>
      <instance>
        <interfacedef-ref nicename="Scheduler" qname="Scheduler"/>
      </instance>
      <interface-functions>
        <function-ref name="init" ref="0x2ac2c3010658" scoped=""/>
        <function-ref name="taskLoop" ref="0x2ac2c30107e0" scoped=""/>
        <function-ref name="runNextTask" ref="0x2ac2c3010968" scoped=""/>
      </interface-functions>
    </interface><interface loc="42:/home/kasper/tinyos-main//tos/platforms/telosa/PlatformC.nc" name="Init" provided="1" ref="0x2ac2c2e66d70">
      <component-ref nicename="PlatformC" qname="PlatformC"/>
      <type-interface alignment="I:2" size="I:2"><interface-ref name="Init" ref="0x2ac2c2e66d70" scoped=""/></type-interface>
      <instance>
        <interfacedef-ref nicename="Init" qname="Init"/>
      </instance>
      <interface-functions>
        <function-ref name="init" ref="0x2ac2c2e800f0" scoped=""/>
      </interface-functions>
    </interface><interface loc="59:/home/kasper/tinyos-main//tos/system/RealMainP.nc" name="PlatformInit" provided="0" ref="0x2ac2c3010ce0">
      <component-ref nicename="RealMainP" qname="RealMainP"/>
      <type-interface alignment="I:2" size="I:2"><interface-ref name="PlatformInit" ref="0x2ac2c3010ce0" scoped=""/></type-interface>
      <instance>
        <interfacedef-ref nicename="Init" qname="Init"/>
      </instance>
      <interface-functions>
        <function-ref name="init" ref="0x2ac2c302a0a0" scoped=""/>
      </interface-functions>
    </interface><interface loc="60:/home/kasper/tinyos-main//tos/system/RealMainP.nc" name="SoftwareInit" provided="0" ref="0x2ac2c302a418">
      <component-ref nicename="RealMainP" qname="RealMainP"/>
      <type-interface alignment="I:2" size="I:2"><interface-ref name="SoftwareInit" ref="0x2ac2c302a418" scoped=""/></type-interface>
      <instance>
        <interfacedef-ref nicename="Init" qname="Init"/>
      </instance>
      <interface-functions>
        <function-ref name="init" ref="0x2ac2c302a768" scoped=""/>
      </interface-functions>
    </interface><interface loc="57:/home/kasper/tinyos-main//tos/system/RealMainP.nc" name="Boot" provided="1" ref="0x2ac2c2e64c40">
      <component-ref nicename="RealMainP" qname="RealMainP"/>
      <type-interface alignment="I:2" size="I:2"><interface-ref name="Boot" ref="0x2ac2c2e64c40" scoped=""/></type-interface>
      <instance>
        <interfacedef-ref nicename="Boot" qname="Boot"/>
      </instance>
      <interface-functions>
        <function-ref name="booted" ref="0x2ac2c3010020" scoped=""/>
      </interface-functions>
    </interface><interface loc="47:/home/kasper/tinyos-main//tos/system/TinySchedulerC.nc" name="Scheduler" provided="1" ref="0x2ac2c29e8390">
      <component-ref nicename="TinySchedulerC" qname="TinySchedulerC"/>
      <type-interface alignment="I:2" size="I:2"><interface-ref name="Scheduler" ref="0x2ac2c29e8390" scoped=""/></type-interface>
      <instance>
        <interfacedef-ref nicename="Scheduler" qname="Scheduler"/>
      </instance>
      <interface-functions>
        <function-ref name="init" ref="0x2ac2c29e86e0" scoped=""/>
        <function-ref name="taskLoop" ref="0x2ac2c29e8868" scoped=""/>
        <function-ref name="runNextTask" ref="0x2ac2c29e89f0" scoped=""/>
      </interface-functions>
    </interface><component loc="56:/home/kasper/tinyos-main//tos/system/RealMainP.nc" nicename="RealMainP" qname="RealMainP" safe="">
      <documentation loc="49:/home/kasper/tinyos-main//tos/system/RealMainP.nc">
        <short>
 RealMain implements the TinyOS boot sequence, as documented in TEP 107.</short>
        <long>
 RealMain implements the TinyOS boot sequence, as documented in TEP 107.

 @author Philip Levis
 @date   January 17 2005
</long>
      </documentation>
      <module/>
    </component><component loc="40:/home/kasper/tinyos-main//tos/platforms/telosa/PlatformC.nc" nicename="PlatformC" qname="PlatformC">
      <documentation loc="34:/home/kasper/tinyos-main//tos/platforms/telosa/PlatformC.nc">
        <short>
 </short>
        <long>
 @author Joe Polastre and Cory Sharp
 @version $Revision: 1.6 $ $Date: 2010-06-29 22:07:55 $
</long>
      </documentation>
      <configuration/>
      <wiring>
        <wire loc="48:/home/kasper/tinyos-main//tos/platforms/telosa/PlatformC.nc">
          <from><interface-ref name="Init" ref="0x2ac2c2e66d70" scoped=""/></from>
          <to><interface-ref name="Init" ref="0x2ac2c2e7d020" scoped=""/></to>
        </wire>
        <wire loc="49:/home/kasper/tinyos-main//tos/platforms/telosa/PlatformC.nc">
          <from><interface-ref name="MoteClockInit" ref="0x2ac2c2e7d6f0" scoped=""/></from>
          <to><interface-ref name="MoteClockInit" ref="0x2ac2c2e77448" scoped=""/></to>
        </wire>
        <wire loc="50:/home/kasper/tinyos-main//tos/platforms/telosa/PlatformC.nc">
          <from><interface-ref name="MoteInit" ref="0x2ac2c2e7dd90" scoped=""/></from>
          <to><interface-ref name="Init" ref="0x2ac2c2e7fd60" scoped=""/></to>
        </wire>
      </wiring>
    </component><component loc="46:/home/kasper/tinyos-main//tos/system/TinySchedulerC.nc" nicename="TinySchedulerC" qname="TinySchedulerC">
      <documentation loc="34:/home/kasper/tinyos-main//tos/system/TinySchedulerC.nc">
        <short>
 The TinyOS scheduler.</short>
        <long>
 The TinyOS scheduler. It provides two interfaces: Scheduler,
 for TinyOS to initialize and run tasks, and TaskBasic, the simplext
 class of TinyOS tasks (reserved always at-most-once posting,
 FIFO, parameter-free). For details and information on how to
 replace the scheduler, refer to TEP 106.

 @author  Phil Levis
 @date    August 7 2005
 @see     TEP 106: Tasks and Schedulers
</long>
      </documentation>
      <configuration/>
      <wiring>
        <wire loc="54:/home/kasper/tinyos-main//tos/system/TinySchedulerC.nc">
          <from><interface-ref name="TaskBasic" ref="0x2ac2c29efca0" scoped=""/></from>
          <to><interface-ref name="TaskBasic" ref="0x2ac2c2e207f8" scoped=""/></to>
        </wire>
        <wire loc="53:/home/kasper/tinyos-main//tos/system/TinySchedulerC.nc">
          <from><interface-ref name="Scheduler" ref="0x2ac2c29e8390" scoped=""/></from>
          <to><interface-ref name="Scheduler" ref="0x2ac2c2e21940" scoped=""/></to>
        </wire>
        <wire loc="55:/home/kasper/tinyos-main//tos/system/TinySchedulerC.nc">
          <from><interface-ref name="McuSleep" ref="0x2ac2c2e1ed30" scoped=""/></from>
          <to><interface-ref name="McuSleep" ref="0x2ac2c29eaba0" scoped=""/></to>
        </wire>
      </wiring>
    </component></referenced></component>