<?xml version="1.0" ?><component loc="49:/home/kasper/tinyos-main//tos/chips/msp430/McuSleepC.nc" nicename="McuSleepC" qname="McuSleepC" safe="">
      <documentation loc="33:/home/kasper/tinyos-main//tos/chips/msp430/McuSleepC.nc">
        <short>
 Implementation of TEP 112 (Microcontroller Power Management) for
 the MSP430.</short>
        <long>
 Implementation of TEP 112 (Microcontroller Power Management) for
 the MSP430. Code for low power calculation copied from older
 msp430hardware.h by Vlado Handziski, Joe Polastre, and Cory Sharp.


 @author Philip Levis
 @author Vlado Handziski
 @author Joe Polastre
 @author Cory Sharp
 @date   October 26, 2005
 @see  Please refer to TEP 112 for more information about this component and its
          intended use.

</long>
      </documentation>
      <module/>
    <specification><interface loc="55:/home/kasper/tinyos-main//tos/chips/msp430/McuSleepC.nc" name="McuPowerOverride" provided="0" ref="0x2ac2c2e3c808">
      <component-ref nicename="McuSleepC" qname="McuSleepC"/>
      <type-interface alignment="I:2" size="I:2"><interface-ref name="McuPowerOverride" ref="0x2ac2c2e3c808" scoped=""/></type-interface>
      <instance>
        <interfacedef-ref nicename="McuPowerOverride" qname="McuPowerOverride"/>
      </instance>
      <interface-functions>
        <function-ref name="lowestState" ref="0x2ac2c2e3cb58" scoped=""/>
      </interface-functions>
    </interface><interface loc="51:/home/kasper/tinyos-main//tos/chips/msp430/McuSleepC.nc" name="McuSleep" provided="1" ref="0x2ac2c29eaba0">
      <component-ref nicename="McuSleepC" qname="McuSleepC"/>
      <type-interface alignment="I:2" size="I:2"><interface-ref name="McuSleep" ref="0x2ac2c29eaba0" scoped=""/></type-interface>
      <instance>
        <interfacedef-ref nicename="McuSleep" qname="McuSleep"/>
      </instance>
      <interface-functions>
        <function-ref name="sleep" ref="0x2ac2c2b4a020" scoped=""/>
      </interface-functions>
    </interface><interface loc="52:/home/kasper/tinyos-main//tos/chips/msp430/McuSleepC.nc" name="McuPowerState" provided="1" ref="0x2ac2c2db90f0">
      <component-ref nicename="McuSleepC" qname="McuSleepC"/>
      <type-interface alignment="I:2" size="I:2"><interface-ref name="McuPowerState" ref="0x2ac2c2db90f0" scoped=""/></type-interface>
      <instance>
        <interfacedef-ref nicename="McuPowerState" qname="McuPowerState"/>
      </instance>
      <interface-functions>
        <function-ref name="update" ref="0x2ac2c2db9440" scoped=""/>
      </interface-functions>
    </interface></specification><referenced/></component>