<?xml version="1.0" ?><component loc="1:/home/kasper/tinyos-main//tos/platforms/telosb/MotePlatformC.nc" nicename="MotePlatformC" qname="MotePlatformC" safe="">
      <module/>
    <specification><interface loc="2:/home/kasper/tinyos-main//tos/platforms/telosb/MotePlatformC.nc" name="Init" provided="1" ref="0x2ac2c2e7fd60">
      <component-ref nicename="MotePlatformC" qname="MotePlatformC"/>
      <type-interface alignment="I:2" size="I:2"><interface-ref name="Init" ref="0x2ac2c2e7fd60" scoped=""/></type-interface>
      <instance>
        <interfacedef-ref nicename="Init" qname="Init"/>
      </instance>
      <interface-functions>
        <function-ref name="init" ref="0x2ac2c2e750d8" scoped=""/>
      </interface-functions>
    </interface></specification><referenced/></component>