<?xml version="1.0" ?><component loc="37:/home/kasper/tinyos-main//tos/platforms/telosb/MoteClockC.nc" nicename="MoteClockC" qname="MoteClockC">
      <documentation loc="33:/home/kasper/tinyos-main//tos/platforms/telosb/MoteClockC.nc">
        <short>
 </short>
        <long>
 @author Vlado Handziski &lt;handzisk@tkn.tu-berlind.de&gt;
</long>
      </documentation>
      <configuration/>
      <wiring>
        <wire loc="46:/home/kasper/tinyos-main//tos/platforms/telosb/MoteClockC.nc">
          <from><interface-ref name="MoteClockInit" ref="0x2ac2c2e77448" scoped=""/></from>
          <to><interface-ref name="Init" ref="0x2ac2c2e99290" scoped=""/></to>
        </wire>
      </wiring>
    <specification><interface loc="39:/home/kasper/tinyos-main//tos/platforms/telosb/MoteClockC.nc" name="MoteClockInit" provided="1" ref="0x2ac2c2e77448">
      <component-ref nicename="MoteClockC" qname="MoteClockC"/>
      <type-interface alignment="I:2" size="I:2"><interface-ref name="MoteClockInit" ref="0x2ac2c2e77448" scoped=""/></type-interface>
      <instance>
        <interfacedef-ref nicename="Init" qname="Init"/>
      </instance>
      <interface-functions>
        <function-ref name="init" ref="0x2ac2c2e77798" scoped=""/>
      </interface-functions>
    </interface></specification><referenced><interface loc="39:/home/kasper/tinyos-main//tos/chips/msp430/timer/Msp430ClockC.nc" name="Init" provided="1" ref="0x2ac2c2e99290">
      <component-ref nicename="Msp430ClockC" qname="Msp430ClockC"/>
      <type-interface alignment="I:2" size="I:2"><interface-ref name="Init" ref="0x2ac2c2e99290" scoped=""/></type-interface>
      <instance>
        <interfacedef-ref nicename="Init" qname="Init"/>
      </instance>
      <interface-functions>
        <function-ref name="init" ref="0x2ac2c2e995e0" scoped=""/>
      </interface-functions>
    </interface><component loc="37:/home/kasper/tinyos-main//tos/chips/msp430/timer/Msp430ClockC.nc" nicename="Msp430ClockC" qname="Msp430ClockC">
      <documentation loc="33:/home/kasper/tinyos-main//tos/chips/msp430/timer/Msp430ClockC.nc">
        <short>
 </short>
        <long>
 @author Cory Sharp &lt;cssharp@eecs.berkeley.edu&gt;
</long>
      </documentation>
      <configuration/>
      <wiring>
        <wire loc="47:/home/kasper/tinyos-main//tos/chips/msp430/timer/Msp430ClockC.nc">
          <from><interface-ref name="Msp430ClockInit" ref="0x2ac2c2e92528" scoped=""/></from>
          <to><interface-ref name="Msp430ClockInit" ref="0x2ac2c2ea1b60" scoped=""/></to>
        </wire>
        <wire loc="46:/home/kasper/tinyos-main//tos/chips/msp430/timer/Msp430ClockC.nc">
          <from><interface-ref name="Init" ref="0x2ac2c2e99290" scoped=""/></from>
          <to><interface-ref name="Init" ref="0x2ac2c2ea14f0" scoped=""/></to>
        </wire>
        <wire loc="48:/home/kasper/tinyos-main//tos/chips/msp430/timer/Msp430ClockC.nc">
          <from><interface-ref name="McuPowerOverride" ref="0x2ac2c2e3c808" scoped=""/></from>
          <to><interface-ref name="McuPowerOverride" ref="0x2ac2c2ea0e08" scoped=""/></to>
        </wire>
      </wiring>
    </component></referenced></component>