<?xml version="1.0" ?><component loc="38:/home/kasper/tinyos-main//tos/platforms/telosb/MoteClockP.nc" nicename="MoteClockP" qname="MoteClockP">
      <documentation loc="33:/home/kasper/tinyos-main//tos/platforms/telosb/MoteClockP.nc">
        <short>
 </short>
        <long>
 @author Vlado Handziski &lt;handzisk@tkn.tu-berlind.de&gt;
 @author Cory Sharp &lt;cssharp@eecs.berkeley.edu&gt;
</long>
      </documentation>
      <module/>
    <specification><interface loc="39:/home/kasper/tinyos-main//tos/platforms/telosb/MoteClockP.nc" name="Msp430ClockInit" provided="0" ref="0x2ac2c2e9baa8">
      <component-ref nicename="MoteClockP" qname="MoteClockP"/>
      <type-interface alignment="I:2" size="I:2"><interface-ref name="Msp430ClockInit" ref="0x2ac2c2e9baa8" scoped=""/></type-interface>
      <instance>
        <interfacedef-ref nicename="Msp430ClockInit" qname="Msp430ClockInit"/>
      </instance>
      <interface-functions>
        <function-ref name="defaultInitClocks" ref="0x2ac2c300f950" scoped=""/>
        <function-ref name="initTimerB" ref="0x2ac2c300f020" scoped=""/>
        <function-ref name="defaultInitTimerA" ref="0x2ac2c300f1a8" scoped=""/>
        <function-ref name="initTimerA" ref="0x2ac2c300f330" scoped=""/>
        <function-ref name="defaultInitTimerB" ref="0x2ac2c2e9bdf8" scoped=""/>
        <function-ref name="defaultSetupDcoCalibrate" ref="0x2ac2c300f4b8" scoped=""/>
        <function-ref name="setupDcoCalibrate" ref="0x2ac2c300f640" scoped=""/>
        <function-ref name="initClocks" ref="0x2ac2c300f7c8" scoped=""/>
      </interface-functions>
    </interface></specification><referenced/></component>