<?xml version="1.0" ?><component loc="2:/home/kasper/tinyos-main//tos/chips/msp430/timer/Msp430TimerCommonP.nc" nicename="Msp430TimerCommonP" qname="Msp430TimerCommonP" safe="">
      <module/>
    <specification><interface loc="7:/home/kasper/tinyos-main//tos/chips/msp430/timer/Msp430TimerCommonP.nc" name="VectorTimerB1" provided="1" ref="0x2ac2c2ff4b60">
      <component-ref nicename="Msp430TimerCommonP" qname="Msp430TimerCommonP"/>
      <type-interface alignment="I:2" size="I:2"><interface-ref name="VectorTimerB1" ref="0x2ac2c2ff4b60" scoped=""/></type-interface>
      <instance>
        <interfacedef-ref nicename="Msp430TimerEvent" qname="Msp430TimerEvent"/>
      </instance>
      <interface-functions>
        <function-ref name="fired" ref="0x2ac2c2ff3020" scoped=""/>
      </interface-functions>
    </interface><interface loc="4:/home/kasper/tinyos-main//tos/chips/msp430/timer/Msp430TimerCommonP.nc" name="VectorTimerA0" provided="1" ref="0x2ac2c2ff5520">
      <component-ref nicename="Msp430TimerCommonP" qname="Msp430TimerCommonP"/>
      <type-interface alignment="I:2" size="I:2"><interface-ref name="VectorTimerA0" ref="0x2ac2c2ff5520" scoped=""/></type-interface>
      <instance>
        <interfacedef-ref nicename="Msp430TimerEvent" qname="Msp430TimerEvent"/>
      </instance>
      <interface-functions>
        <function-ref name="fired" ref="0x2ac2c2ff5870" scoped=""/>
      </interface-functions>
    </interface><interface loc="5:/home/kasper/tinyos-main//tos/chips/msp430/timer/Msp430TimerCommonP.nc" name="VectorTimerA1" provided="1" ref="0x2ac2c2ff5c68">
      <component-ref nicename="Msp430TimerCommonP" qname="Msp430TimerCommonP"/>
      <type-interface alignment="I:2" size="I:2"><interface-ref name="VectorTimerA1" ref="0x2ac2c2ff5c68" scoped=""/></type-interface>
      <instance>
        <interfacedef-ref nicename="Msp430TimerEvent" qname="Msp430TimerEvent"/>
      </instance>
      <interface-functions>
        <function-ref name="fired" ref="0x2ac2c2ff4020" scoped=""/>
      </interface-functions>
    </interface><interface loc="6:/home/kasper/tinyos-main//tos/chips/msp430/timer/Msp430TimerCommonP.nc" name="VectorTimerB0" provided="1" ref="0x2ac2c2ff4418">
      <component-ref nicename="Msp430TimerCommonP" qname="Msp430TimerCommonP"/>
      <type-interface alignment="I:2" size="I:2"><interface-ref name="VectorTimerB0" ref="0x2ac2c2ff4418" scoped=""/></type-interface>
      <instance>
        <interfacedef-ref nicename="Msp430TimerEvent" qname="Msp430TimerEvent"/>
      </instance>
      <interface-functions>
        <function-ref name="fired" ref="0x2ac2c2ff4768" scoped=""/>
      </interface-functions>
    </interface></specification><referenced/></component>