<?xml version="1.0" ?><component abstract="" loc="42:/home/kasper/tinyos-main//tos/chips/msp430/pins/Msp430GpioC.nc" nicename="Msp430GpioC" qname="Msp430GpioC" safe="">
      <documentation loc="33:/home/kasper/tinyos-main//tos/chips/msp430/pins/Msp430GpioC.nc">
        <short>
 Implementation of the general-purpose I/O abstraction
 for the TI MSP430 microcontroller.</short>
        <long>
 Implementation of the general-purpose I/O abstraction
 for the TI MSP430 microcontroller.

 @author Joe Polastre
 @see  Please refer to TEP 117 for more information about this component and its
          intended use.
</long>
      </documentation>
      <parameters>
      </parameters>
      <module/>
    <specification><interface loc="44:/home/kasper/tinyos-main//tos/chips/msp430/pins/Msp430GpioC.nc" name="HplGeneralIO" provided="0" ref="0x2ac2c327d730">
      <component-ref nicename="Msp430GpioC" qname="Msp430GpioC"/>
      <type-interface alignment="I:2" size="I:2"><interface-ref name="HplGeneralIO" ref="0x2ac2c327d730" scoped=""/></type-interface>
      <instance>
        <interfacedef-ref nicename="HplMsp430GeneralIO" qname="HplMsp430GeneralIO"/>
      </instance>
      <interface-functions>
        <function-ref name="makeInput" ref="0x2ac2c327da80" scoped=""/>
        <function-ref name="isInput" ref="0x2ac2c327dc08" scoped=""/>
        <function-ref name="setResistor" ref="0x2ac2c327dd90" scoped=""/>
        <function-ref name="toggle" ref="0x2ac2c327c020" scoped=""/>
        <function-ref name="isOutput" ref="0x2ac2c327c1a8" scoped=""/>
        <function-ref name="getResistor" ref="0x2ac2c327c330" scoped=""/>
        <function-ref name="makeOutput" ref="0x2ac2c327c4b8" scoped=""/>
        <function-ref name="get" ref="0x2ac2c327c640" scoped=""/>
        <function-ref name="selectIOFunc" ref="0x2ac2c327c7c8" scoped=""/>
        <function-ref name="getRaw" ref="0x2ac2c327c950" scoped=""/>
        <function-ref name="set" ref="0x2ac2c327cad8" scoped=""/>
        <function-ref name="selectModuleFunc" ref="0x2ac2c327cc60" scoped=""/>
        <function-ref name="isIOFunc" ref="0x2ac2c327cde8" scoped=""/>
        <function-ref name="isModuleFunc" ref="0x2ac2c327b120" scoped=""/>
        <function-ref name="clr" ref="0x2ac2c327b2a8" scoped=""/>
      </interface-functions>
    </interface><interface loc="43:/home/kasper/tinyos-main//tos/chips/msp430/pins/Msp430GpioC.nc" name="GeneralIO" provided="1" ref="0x2ac2c327e448">
      <component-ref nicename="Msp430GpioC" qname="Msp430GpioC"/>
      <type-interface alignment="I:2" size="I:2"><interface-ref name="GeneralIO" ref="0x2ac2c327e448" scoped=""/></type-interface>
      <instance>
        <interfacedef-ref nicename="GeneralIO" qname="GeneralIO"/>
      </instance>
      <interface-functions>
        <function-ref name="makeInput" ref="0x2ac2c327e798" scoped=""/>
        <function-ref name="isInput" ref="0x2ac2c327e920" scoped=""/>
        <function-ref name="toggle" ref="0x2ac2c327eaa8" scoped=""/>
        <function-ref name="isOutput" ref="0x2ac2c327ec30" scoped=""/>
        <function-ref name="get" ref="0x2ac2c327edb8" scoped=""/>
        <function-ref name="makeOutput" ref="0x2ac2c327d020" scoped=""/>
        <function-ref name="set" ref="0x2ac2c327d1a8" scoped=""/>
        <function-ref name="clr" ref="0x2ac2c327d330" scoped=""/>
      </interface-functions>
    </interface></specification><referenced/></component>