<?xml version="1.0" ?><component abstract="" loc="37:/home/kasper/tinyos-main//tos/chips/msp430/timer/Msp430Timer32khzC.nc" nicename="Msp430Timer32khzC" qname="Msp430Timer32khzC">
      <documentation loc="33:/home/kasper/tinyos-main//tos/chips/msp430/timer/Msp430Timer32khzC.nc">
        <short>
 </short>
        <long>
 @author Cory Sharp &lt;cssharp@eecs.berkeley.edu&gt;
</long>
      </documentation>
      <parameters>
      </parameters>
      <configuration/>
      <wiring>
        <wire loc="51:/home/kasper/tinyos-main//tos/chips/msp430/timer/Msp430Timer32khzC.nc">
          <from><interface-ref name="Msp430Compare" ref="0x2ac2c3408950" scoped=""/></from>
          <to><interface-ref name="Msp430Compare" ref="0x2ac2c3434cb8" scoped=""/>
          <arguments>
            <value cst="U:">
              <type-int alignment="I:2" cname="int" size="I:2"/>
            </value>
          </arguments>
          </to>
        </wire>
        <wire loc="49:/home/kasper/tinyos-main//tos/chips/msp430/timer/Msp430Timer32khzC.nc">
          <from><interface-ref name="Msp430Timer" ref="0x2ac2c340a020" scoped=""/></from>
          <to><interface-ref name="Msp430Timer" ref="0x2ac2c3438858" scoped=""/>
          <arguments>
            <value cst="U:">
              <type-int alignment="I:2" cname="int" size="I:2"/>
            </value>
          </arguments>
          </to>
        </wire>
        <wire loc="50:/home/kasper/tinyos-main//tos/chips/msp430/timer/Msp430Timer32khzC.nc">
          <from><interface-ref name="Msp430TimerControl" ref="0x2ac2c3409670" scoped=""/></from>
          <to><interface-ref name="Msp430TimerControl" ref="0x2ac2c34354d0" scoped=""/>
          <arguments>
            <value cst="U:">
              <type-int alignment="I:2" cname="int" size="I:2"/>
            </value>
          </arguments>
          </to>
        </wire>
      </wiring>
    <specification><interface loc="41:/home/kasper/tinyos-main//tos/chips/msp430/timer/Msp430Timer32khzC.nc" name="Msp430Compare" provided="1" ref="0x2ac2c3408950">
      <component-ref nicename="Msp430Timer32khzC" qname="Msp430Timer32khzC"/>
      <type-interface alignment="I:2" size="I:2"><interface-ref name="Msp430Compare" ref="0x2ac2c3408950" scoped=""/></type-interface>
      <instance>
        <interfacedef-ref nicename="Msp430Compare" qname="Msp430Compare"/>
      </instance>
      <interface-functions>
        <function-ref name="getEvent" ref="0x2ac2c3408ca0" scoped=""/>
        <function-ref name="setEvent" ref="0x2ac2c3408e28" scoped=""/>
        <function-ref name="setEventFromPrev" ref="0x2ac2c343b020" scoped=""/>
        <function-ref name="setEventFromNow" ref="0x2ac2c343b1a8" scoped=""/>
        <function-ref name="fired" ref="0x2ac2c343b330" scoped=""/>
      </interface-functions>
    </interface><interface loc="39:/home/kasper/tinyos-main//tos/chips/msp430/timer/Msp430Timer32khzC.nc" name="Msp430Timer" provided="1" ref="0x2ac2c340a020">
      <component-ref nicename="Msp430Timer32khzC" qname="Msp430Timer32khzC"/>
      <type-interface alignment="I:2" size="I:2"><interface-ref name="Msp430Timer" ref="0x2ac2c340a020" scoped=""/></type-interface>
      <instance>
        <interfacedef-ref nicename="Msp430Timer" qname="Msp430Timer"/>
      </instance>
      <interface-functions>
        <function-ref name="clear" ref="0x2ac2c340a370" scoped=""/>
        <function-ref name="setClockSource" ref="0x2ac2c340a4f8" scoped=""/>
        <function-ref name="enableEvents" ref="0x2ac2c340a680" scoped=""/>
        <function-ref name="get" ref="0x2ac2c340a808" scoped=""/>
        <function-ref name="disableEvents" ref="0x2ac2c340a990" scoped=""/>
        <function-ref name="clearOverflow" ref="0x2ac2c340ab18" scoped=""/>
        <function-ref name="getMode" ref="0x2ac2c340aca0" scoped=""/>
        <function-ref name="isOverflowPending" ref="0x2ac2c340ae28" scoped=""/>
        <function-ref name="overflow" ref="0x2ac2c3409020" scoped=""/>
        <function-ref name="setMode" ref="0x2ac2c34091a8" scoped=""/>
        <function-ref name="setInputDivider" ref="0x2ac2c3409330" scoped=""/>
      </interface-functions>
    </interface><interface loc="40:/home/kasper/tinyos-main//tos/chips/msp430/timer/Msp430Timer32khzC.nc" name="Msp430TimerControl" provided="1" ref="0x2ac2c3409670">
      <component-ref nicename="Msp430Timer32khzC" qname="Msp430Timer32khzC"/>
      <type-interface alignment="I:2" size="I:2"><interface-ref name="Msp430TimerControl" ref="0x2ac2c3409670" scoped=""/></type-interface>
      <instance>
        <interfacedef-ref nicename="Msp430TimerControl" qname="Msp430TimerControl"/>
      </instance>
      <interface-functions>
        <function-ref name="setControlAsCapture" ref="0x2ac2c34099c0" scoped=""/>
        <function-ref name="getControl" ref="0x2ac2c3409b48" scoped=""/>
        <function-ref name="enableEvents" ref="0x2ac2c3409cd0" scoped=""/>
        <function-ref name="areEventsEnabled" ref="0x2ac2c3409e58" scoped=""/>
        <function-ref name="setControlAsCompare" ref="0x2ac2c3408020" scoped=""/>
        <function-ref name="disableEvents" ref="0x2ac2c34081a8" scoped=""/>
        <function-ref name="isInterruptPending" ref="0x2ac2c3408330" scoped=""/>
        <function-ref name="clearPendingInterrupt" ref="0x2ac2c34084b8" scoped=""/>
        <function-ref name="setControl" ref="0x2ac2c3408640" scoped=""/>
      </interface-functions>
    </interface></specification><referenced><interface loc="50:/home/kasper/tinyos-main//tos/platforms/telosa/Msp430Timer32khzMapC.nc" name="Msp430Timer" provided="1" ref="0x2ac2c3438858">
      <component-ref nicename="Msp430Timer32khzMapC" qname="Msp430Timer32khzMapC"/>
      <type-interface alignment="I:2" size="I:2"><interface-ref name="Msp430Timer" ref="0x2ac2c3438858" scoped=""/></type-interface>
      <instance>
        <interfacedef-ref nicename="Msp430Timer" qname="Msp430Timer"/>
      </instance>
      <interface-parameters>
        <type-int alignment="I:1" cname="unsigned char" size="I:1" unsigned="">
          <typename><typedef-ref name="uint8_t" ref="0x2ac2c209a790"/></typename>
        </type-int>
      </interface-parameters>
      <interface-functions>
        <function-ref name="clear" ref="0x2ac2c3438ba8" scoped=""/>
        <function-ref name="setClockSource" ref="0x2ac2c3438d30" scoped=""/>
        <function-ref name="enableEvents" ref="0x2ac2c3437020" scoped=""/>
        <function-ref name="get" ref="0x2ac2c34371a8" scoped=""/>
        <function-ref name="disableEvents" ref="0x2ac2c3437330" scoped=""/>
        <function-ref name="clearOverflow" ref="0x2ac2c34374b8" scoped=""/>
        <function-ref name="getMode" ref="0x2ac2c3437640" scoped=""/>
        <function-ref name="isOverflowPending" ref="0x2ac2c34377c8" scoped=""/>
        <function-ref name="overflow" ref="0x2ac2c3437950" scoped=""/>
        <function-ref name="setMode" ref="0x2ac2c3437ad8" scoped=""/>
        <function-ref name="setInputDivider" ref="0x2ac2c3437c60" scoped=""/>
      </interface-functions>
    </interface><interface loc="51:/home/kasper/tinyos-main//tos/platforms/telosa/Msp430Timer32khzMapC.nc" name="Msp430TimerControl" provided="1" ref="0x2ac2c34354d0">
      <component-ref nicename="Msp430Timer32khzMapC" qname="Msp430Timer32khzMapC"/>
      <type-interface alignment="I:2" size="I:2"><interface-ref name="Msp430TimerControl" ref="0x2ac2c34354d0" scoped=""/></type-interface>
      <instance>
        <interfacedef-ref nicename="Msp430TimerControl" qname="Msp430TimerControl"/>
      </instance>
      <interface-parameters>
        <type-int alignment="I:1" cname="unsigned char" size="I:1" unsigned="">
          <typename><typedef-ref name="uint8_t" ref="0x2ac2c209a790"/></typename>
        </type-int>
      </interface-parameters>
      <interface-functions>
        <function-ref name="setControlAsCapture" ref="0x2ac2c3435820" scoped=""/>
        <function-ref name="getControl" ref="0x2ac2c34359a8" scoped=""/>
        <function-ref name="enableEvents" ref="0x2ac2c3435b30" scoped=""/>
        <function-ref name="areEventsEnabled" ref="0x2ac2c3435cb8" scoped=""/>
        <function-ref name="setControlAsCompare" ref="0x2ac2c3435e40" scoped=""/>
        <function-ref name="disableEvents" ref="0x2ac2c3434020" scoped=""/>
        <function-ref name="isInterruptPending" ref="0x2ac2c34341a8" scoped=""/>
        <function-ref name="clearPendingInterrupt" ref="0x2ac2c3434330" scoped=""/>
        <function-ref name="setControl" ref="0x2ac2c34344b8" scoped=""/>
      </interface-functions>
    </interface><interface loc="52:/home/kasper/tinyos-main//tos/platforms/telosa/Msp430Timer32khzMapC.nc" name="Msp430Compare" provided="1" ref="0x2ac2c3434cb8">
      <component-ref nicename="Msp430Timer32khzMapC" qname="Msp430Timer32khzMapC"/>
      <type-interface alignment="I:2" size="I:2"><interface-ref name="Msp430Compare" ref="0x2ac2c3434cb8" scoped=""/></type-interface>
      <instance>
        <interfacedef-ref nicename="Msp430Compare" qname="Msp430Compare"/>
      </instance>
      <interface-parameters>
        <type-int alignment="I:1" cname="unsigned char" size="I:1" unsigned="">
          <typename><typedef-ref name="uint8_t" ref="0x2ac2c209a790"/></typename>
        </type-int>
      </interface-parameters>
      <interface-functions>
        <function-ref name="getEvent" ref="0x2ac2c34320a0" scoped=""/>
        <function-ref name="setEvent" ref="0x2ac2c3432228" scoped=""/>
        <function-ref name="setEventFromPrev" ref="0x2ac2c34323b0" scoped=""/>
        <function-ref name="setEventFromNow" ref="0x2ac2c3432538" scoped=""/>
        <function-ref name="fired" ref="0x2ac2c34326c0" scoped=""/>
      </interface-functions>
    </interface><component loc="48:/home/kasper/tinyos-main//tos/platforms/telosa/Msp430Timer32khzMapC.nc" nicename="Msp430Timer32khzMapC" qname="Msp430Timer32khzMapC">
      <documentation loc="34:/home/kasper/tinyos-main//tos/platforms/telosa/Msp430Timer32khzMapC.nc">
        <short>
 MSP430Timer32khzMapC presents as paramaterized interfaces all of
 the 32khz hardware timers on the MSP430 that are available for
 compile time allocation by &quot;new Alarm32khz16C()&quot;, &quot;new
 AlarmMilli32C()&quot;, and so on.</short>
        <long>
 MSP430Timer32khzMapC presents as paramaterized interfaces all of
 the 32khz hardware timers on the MSP430 that are available for
 compile time allocation by &quot;new Alarm32khz16C()&quot;, &quot;new
 AlarmMilli32C()&quot;, and so on.  

 Platforms based on the MSP430 are * encouraged to copy in and
 override this file, presenting only the * hardware timers that are
 available for allocation on that platform.

 @author Cory Sharp &lt;cssharp@eecs.berkeley.edu&gt;
 @version $Revision: 1.5 $ $Date: 2010-06-29 22:07:55 $
</long>
      </documentation>
      <configuration/>
      <wiring>
        <wire loc="58:/home/kasper/tinyos-main//tos/platforms/telosa/Msp430Timer32khzMapC.nc">
          <from><interface-ref name="Msp430Timer" ref="0x2ac2c3438858" scoped=""/>
          <arguments>
            <value cst="I:0">
              <type-int alignment="I:2" cname="int" size="I:2"/>
            </value>
          </arguments>
          </from>
          <to><interface-ref name="TimerB" ref="0x2ac2c2f09398" scoped=""/></to>
        </wire>
        <wire loc="59:/home/kasper/tinyos-main//tos/platforms/telosa/Msp430Timer32khzMapC.nc">
          <from><interface-ref name="Msp430TimerControl" ref="0x2ac2c34354d0" scoped=""/>
          <arguments>
            <value cst="I:0">
              <type-int alignment="I:2" cname="int" size="I:2"/>
            </value>
          </arguments>
          </from>
          <to><interface-ref name="ControlB0" ref="0x2ac2c2f07ba8" scoped=""/></to>
        </wire>
        <wire loc="60:/home/kasper/tinyos-main//tos/platforms/telosa/Msp430Timer32khzMapC.nc">
          <from><interface-ref name="Msp430Compare" ref="0x2ac2c3434cb8" scoped=""/>
          <arguments>
            <value cst="I:0">
              <type-int alignment="I:2" cname="int" size="I:2"/>
            </value>
          </arguments>
          </from>
          <to><interface-ref name="CompareB0" ref="0x2ac2c2efed00" scoped=""/></to>
        </wire>
        <wire loc="66:/home/kasper/tinyos-main//tos/platforms/telosa/Msp430Timer32khzMapC.nc">
          <from><interface-ref name="Msp430Timer" ref="0x2ac2c3438858" scoped=""/>
          <arguments>
            <value cst="I:1">
              <type-int alignment="I:2" cname="int" size="I:2"/>
            </value>
          </arguments>
          </from>
          <to><interface-ref name="TimerB" ref="0x2ac2c2f09398" scoped=""/></to>
        </wire>
        <wire loc="67:/home/kasper/tinyos-main//tos/platforms/telosa/Msp430Timer32khzMapC.nc">
          <from><interface-ref name="Msp430TimerControl" ref="0x2ac2c34354d0" scoped=""/>
          <arguments>
            <value cst="I:1">
              <type-int alignment="I:2" cname="int" size="I:2"/>
            </value>
          </arguments>
          </from>
          <to><interface-ref name="ControlB2" ref="0x2ac2c2f04588" scoped=""/></to>
        </wire>
        <wire loc="68:/home/kasper/tinyos-main//tos/platforms/telosa/Msp430Timer32khzMapC.nc">
          <from><interface-ref name="Msp430Compare" ref="0x2ac2c3434cb8" scoped=""/>
          <arguments>
            <value cst="I:1">
              <type-int alignment="I:2" cname="int" size="I:2"/>
            </value>
          </arguments>
          </from>
          <to><interface-ref name="CompareB2" ref="0x2ac2c2f1c868" scoped=""/></to>
        </wire>
        <wire loc="70:/home/kasper/tinyos-main//tos/platforms/telosa/Msp430Timer32khzMapC.nc">
          <from><interface-ref name="Msp430Timer" ref="0x2ac2c3438858" scoped=""/>
          <arguments>
            <value cst="I:2">
              <type-int alignment="I:2" cname="int" size="I:2"/>
            </value>
          </arguments>
          </from>
          <to><interface-ref name="TimerB" ref="0x2ac2c2f09398" scoped=""/></to>
        </wire>
        <wire loc="71:/home/kasper/tinyos-main//tos/platforms/telosa/Msp430Timer32khzMapC.nc">
          <from><interface-ref name="Msp430TimerControl" ref="0x2ac2c34354d0" scoped=""/>
          <arguments>
            <value cst="I:2">
              <type-int alignment="I:2" cname="int" size="I:2"/>
            </value>
          </arguments>
          </from>
          <to><interface-ref name="ControlB3" ref="0x2ac2c2f03a20" scoped=""/></to>
        </wire>
        <wire loc="72:/home/kasper/tinyos-main//tos/platforms/telosa/Msp430Timer32khzMapC.nc">
          <from><interface-ref name="Msp430Compare" ref="0x2ac2c3434cb8" scoped=""/>
          <arguments>
            <value cst="I:2">
              <type-int alignment="I:2" cname="int" size="I:2"/>
            </value>
          </arguments>
          </from>
          <to><interface-ref name="CompareB3" ref="0x2ac2c2f1b6e0" scoped=""/></to>
        </wire>
        <wire loc="74:/home/kasper/tinyos-main//tos/platforms/telosa/Msp430Timer32khzMapC.nc">
          <from><interface-ref name="Msp430Timer" ref="0x2ac2c3438858" scoped=""/>
          <arguments>
            <value cst="I:3">
              <type-int alignment="I:2" cname="int" size="I:2"/>
            </value>
          </arguments>
          </from>
          <to><interface-ref name="TimerB" ref="0x2ac2c2f09398" scoped=""/></to>
        </wire>
        <wire loc="75:/home/kasper/tinyos-main//tos/platforms/telosa/Msp430Timer32khzMapC.nc">
          <from><interface-ref name="Msp430TimerControl" ref="0x2ac2c34354d0" scoped=""/>
          <arguments>
            <value cst="I:3">
              <type-int alignment="I:2" cname="int" size="I:2"/>
            </value>
          </arguments>
          </from>
          <to><interface-ref name="ControlB4" ref="0x2ac2c2f01020" scoped=""/></to>
        </wire>
        <wire loc="76:/home/kasper/tinyos-main//tos/platforms/telosa/Msp430Timer32khzMapC.nc">
          <from><interface-ref name="Msp430Compare" ref="0x2ac2c3434cb8" scoped=""/>
          <arguments>
            <value cst="I:3">
              <type-int alignment="I:2" cname="int" size="I:2"/>
            </value>
          </arguments>
          </from>
          <to><interface-ref name="CompareB4" ref="0x2ac2c2f1a558" scoped=""/></to>
        </wire>
        <wire loc="78:/home/kasper/tinyos-main//tos/platforms/telosa/Msp430Timer32khzMapC.nc">
          <from><interface-ref name="Msp430Timer" ref="0x2ac2c3438858" scoped=""/>
          <arguments>
            <value cst="I:4">
              <type-int alignment="I:2" cname="int" size="I:2"/>
            </value>
          </arguments>
          </from>
          <to><interface-ref name="TimerB" ref="0x2ac2c2f09398" scoped=""/></to>
        </wire>
        <wire loc="79:/home/kasper/tinyos-main//tos/platforms/telosa/Msp430Timer32khzMapC.nc">
          <from><interface-ref name="Msp430TimerControl" ref="0x2ac2c34354d0" scoped=""/>
          <arguments>
            <value cst="I:4">
              <type-int alignment="I:2" cname="int" size="I:2"/>
            </value>
          </arguments>
          </from>
          <to><interface-ref name="ControlB5" ref="0x2ac2c2f00400" scoped=""/></to>
        </wire>
        <wire loc="80:/home/kasper/tinyos-main//tos/platforms/telosa/Msp430Timer32khzMapC.nc">
          <from><interface-ref name="Msp430Compare" ref="0x2ac2c3434cb8" scoped=""/>
          <arguments>
            <value cst="I:4">
              <type-int alignment="I:2" cname="int" size="I:2"/>
            </value>
          </arguments>
          </from>
          <to><interface-ref name="CompareB5" ref="0x2ac2c2f193d0" scoped=""/></to>
        </wire>
        <wire loc="82:/home/kasper/tinyos-main//tos/platforms/telosa/Msp430Timer32khzMapC.nc">
          <from><interface-ref name="Msp430Timer" ref="0x2ac2c3438858" scoped=""/>
          <arguments>
            <value cst="I:5">
              <type-int alignment="I:2" cname="int" size="I:2"/>
            </value>
          </arguments>
          </from>
          <to><interface-ref name="TimerB" ref="0x2ac2c2f09398" scoped=""/></to>
        </wire>
        <wire loc="83:/home/kasper/tinyos-main//tos/platforms/telosa/Msp430Timer32khzMapC.nc">
          <from><interface-ref name="Msp430TimerControl" ref="0x2ac2c34354d0" scoped=""/>
          <arguments>
            <value cst="I:5">
              <type-int alignment="I:2" cname="int" size="I:2"/>
            </value>
          </arguments>
          </from>
          <to><interface-ref name="ControlB6" ref="0x2ac2c2eff898" scoped=""/></to>
        </wire>
        <wire loc="84:/home/kasper/tinyos-main//tos/platforms/telosa/Msp430Timer32khzMapC.nc">
          <from><interface-ref name="Msp430Compare" ref="0x2ac2c3434cb8" scoped=""/>
          <arguments>
            <value cst="I:5">
              <type-int alignment="I:2" cname="int" size="I:2"/>
            </value>
          </arguments>
          </from>
          <to><interface-ref name="CompareB6" ref="0x2ac2c2f18120" scoped=""/></to>
        </wire>
      </wiring>
    </component></referenced></component>