<?xml version="1.0" ?><component abstract="" loc="42:/home/kasper/tinyos-main//tos/chips/msp430/timer/Msp430CounterC.nc" nicename="Msp430CounterC" qname="Msp430CounterC" safe="">
      <documentation loc="33:/home/kasper/tinyos-main//tos/chips/msp430/timer/Msp430CounterC.nc">
        <short>
 Msp430Counter is a generic component that wraps the MSP430 HPL timers into a
 TinyOS Counter.</short>
        <long>
 Msp430Counter is a generic component that wraps the MSP430 HPL timers into a
 TinyOS Counter.

 @author Cory Sharp &lt;cssharp@eecs.berkeley.edu&gt;
 @see  Please refer to TEP 102 for more information about this component and its
          intended use.
</long>
      </documentation>
      <parameters>
        <typedef loc="42:/home/kasper/tinyos-main//tos/chips/msp430/timer/Msp430CounterC.nc" name="frequency_tag" ref="0x2ac2c347ea68">
          <component-ref nicename="Msp430CounterC" qname="Msp430CounterC"/>
          <type-var alignment="U:" size="U:"><typedef-ref name="frequency_tag" ref="0x2ac2c347ea68" scoped=""/></type-var>
        </typedef>
      </parameters>
      <module/>
    <specification><interface loc="45:/home/kasper/tinyos-main//tos/chips/msp430/timer/Msp430CounterC.nc" name="Msp430Timer" provided="0" ref="0x2ac2c3478680">
      <component-ref nicename="Msp430CounterC" qname="Msp430CounterC"/>
      <type-interface alignment="I:2" size="I:2"><interface-ref name="Msp430Timer" ref="0x2ac2c3478680" scoped=""/></type-interface>
      <instance>
        <interfacedef-ref nicename="Msp430Timer" qname="Msp430Timer"/>
      </instance>
      <interface-functions>
        <function-ref name="clear" ref="0x2ac2c34789d0" scoped=""/>
        <function-ref name="setClockSource" ref="0x2ac2c3478b58" scoped=""/>
        <function-ref name="enableEvents" ref="0x2ac2c3478ce0" scoped=""/>
        <function-ref name="get" ref="0x2ac2c3478e68" scoped=""/>
        <function-ref name="disableEvents" ref="0x2ac2c3477020" scoped=""/>
        <function-ref name="clearOverflow" ref="0x2ac2c34771a8" scoped=""/>
        <function-ref name="getMode" ref="0x2ac2c3477330" scoped=""/>
        <function-ref name="isOverflowPending" ref="0x2ac2c34774b8" scoped=""/>
        <function-ref name="overflow" ref="0x2ac2c3477640" scoped=""/>
        <function-ref name="setMode" ref="0x2ac2c34777c8" scoped=""/>
        <function-ref name="setInputDivider" ref="0x2ac2c3477950" scoped=""/>
      </interface-functions>
    </interface><interface loc="44:/home/kasper/tinyos-main//tos/chips/msp430/timer/Msp430CounterC.nc" name="Counter" provided="1" ref="0x2ac2c347b660">
      <component-ref nicename="Msp430CounterC" qname="Msp430CounterC"/>
      <type-interface alignment="I:2" size="I:2"><interface-ref name="Counter" ref="0x2ac2c347b660" scoped=""/></type-interface>
      <instance>
        <interfacedef-ref nicename="Counter" qname="Counter"/>
        <arguments>
          <type-var alignment="U:" size="U:"><typedef-ref name="frequency_tag" ref="0x2ac2c347ea68" scoped=""/></type-var>
          <type-int alignment="I:2" cname="unsigned int" size="I:2" unsigned="">
            <typename><typedef-ref name="uint16_t" ref="0x2ac2c209ab20"/></typename>
          </type-int>
        </arguments>
      </instance>
      <interface-functions>
        <function-ref name="get" ref="0x2ac2c34793f0" scoped=""/>
        <function-ref name="clearOverflow" ref="0x2ac2c3479d00" scoped=""/>
        <function-ref name="isOverflowPending" ref="0x2ac2c3479878" scoped=""/>
        <function-ref name="overflow" ref="0x2ac2c34781f8" scoped=""/>
      </interface-functions>
    </interface></specification><referenced/></component>