<?xml version="1.0" ?><component loc="43:/home/kasper/tinyos-main//tos/chips/msp430/timer/Msp430ClockP.nc" nicename="Msp430ClockP" qname="Msp430ClockP" safe="">
      <module/>
    <specification><interface loc="46:/home/kasper/tinyos-main//tos/chips/msp430/timer/Msp430ClockP.nc" name="Msp430ClockInit" provided="1" ref="0x2ac2c2ea1b60">
      <component-ref nicename="Msp430ClockP" qname="Msp430ClockP"/>
      <type-interface alignment="I:2" size="I:2"><interface-ref name="Msp430ClockInit" ref="0x2ac2c2ea1b60" scoped=""/></type-interface>
      <instance>
        <interfacedef-ref nicename="Msp430ClockInit" qname="Msp430ClockInit"/>
      </instance>
      <interface-functions>
        <function-ref name="defaultInitClocks" ref="0x2ac2c2ea0ad8" scoped=""/>
        <function-ref name="initTimerB" ref="0x2ac2c2ea01a8" scoped=""/>
        <function-ref name="defaultInitTimerA" ref="0x2ac2c2ea0330" scoped=""/>
        <function-ref name="initTimerA" ref="0x2ac2c2ea04b8" scoped=""/>
        <function-ref name="defaultInitTimerB" ref="0x2ac2c2ea0020" scoped=""/>
        <function-ref name="defaultSetupDcoCalibrate" ref="0x2ac2c2ea0640" scoped=""/>
        <function-ref name="setupDcoCalibrate" ref="0x2ac2c2ea07c8" scoped=""/>
        <function-ref name="initClocks" ref="0x2ac2c2ea0950" scoped=""/>
      </interface-functions>
    </interface><interface loc="47:/home/kasper/tinyos-main//tos/chips/msp430/timer/Msp430ClockP.nc" name="McuPowerOverride" provided="1" ref="0x2ac2c2ea0e08">
      <component-ref nicename="Msp430ClockP" qname="Msp430ClockP"/>
      <type-interface alignment="I:2" size="I:2"><interface-ref name="McuPowerOverride" ref="0x2ac2c2ea0e08" scoped=""/></type-interface>
      <instance>
        <interfacedef-ref nicename="McuPowerOverride" qname="McuPowerOverride"/>
      </instance>
      <interface-functions>
        <function-ref name="lowestState" ref="0x2ac2c2ebd1a8" scoped=""/>
      </interface-functions>
    </interface><interface loc="45:/home/kasper/tinyos-main//tos/chips/msp430/timer/Msp430ClockP.nc" name="Init" provided="1" ref="0x2ac2c2ea14f0">
      <component-ref nicename="Msp430ClockP" qname="Msp430ClockP"/>
      <type-interface alignment="I:2" size="I:2"><interface-ref name="Init" ref="0x2ac2c2ea14f0" scoped=""/></type-interface>
      <instance>
        <interfacedef-ref nicename="Init" qname="Init"/>
      </instance>
      <interface-functions>
        <function-ref name="init" ref="0x2ac2c2ea1840" scoped=""/>
      </interface-functions>
    </interface></specification><referenced/></component>