<?xml version="1.0" ?><component loc="37:/home/kasper/tinyos-main//tos/chips/msp430/timer/Msp430ClockC.nc" nicename="Msp430ClockC" qname="Msp430ClockC">
      <documentation loc="33:/home/kasper/tinyos-main//tos/chips/msp430/timer/Msp430ClockC.nc">
        <short>
 </short>
        <long>
 @author Cory Sharp &lt;cssharp@eecs.berkeley.edu&gt;
</long>
      </documentation>
      <configuration/>
      <wiring>
        <wire loc="47:/home/kasper/tinyos-main//tos/chips/msp430/timer/Msp430ClockC.nc">
          <from><interface-ref name="Msp430ClockInit" ref="0x2ac2c2e92528" scoped=""/></from>
          <to><interface-ref name="Msp430ClockInit" ref="0x2ac2c2ea1b60" scoped=""/></to>
        </wire>
        <wire loc="46:/home/kasper/tinyos-main//tos/chips/msp430/timer/Msp430ClockC.nc">
          <from><interface-ref name="Init" ref="0x2ac2c2e99290" scoped=""/></from>
          <to><interface-ref name="Init" ref="0x2ac2c2ea14f0" scoped=""/></to>
        </wire>
        <wire loc="48:/home/kasper/tinyos-main//tos/chips/msp430/timer/Msp430ClockC.nc">
          <from><interface-ref name="McuPowerOverride" ref="0x2ac2c2e3c808" scoped=""/></from>
          <to><interface-ref name="McuPowerOverride" ref="0x2ac2c2ea0e08" scoped=""/></to>
        </wire>
      </wiring>
    <specification><interface loc="40:/home/kasper/tinyos-main//tos/chips/msp430/timer/Msp430ClockC.nc" name="Msp430ClockInit" provided="1" ref="0x2ac2c2e92528">
      <component-ref nicename="Msp430ClockC" qname="Msp430ClockC"/>
      <type-interface alignment="I:2" size="I:2"><interface-ref name="Msp430ClockInit" ref="0x2ac2c2e92528" scoped=""/></type-interface>
      <instance>
        <interfacedef-ref nicename="Msp430ClockInit" qname="Msp430ClockInit"/>
      </instance>
      <interface-functions>
        <function-ref name="defaultInitClocks" ref="0x2ac2c2e984b8" scoped=""/>
        <function-ref name="initTimerB" ref="0x2ac2c2e92a00" scoped=""/>
        <function-ref name="defaultInitTimerA" ref="0x2ac2c2e92b88" scoped=""/>
        <function-ref name="initTimerA" ref="0x2ac2c2e92d10" scoped=""/>
        <function-ref name="defaultInitTimerB" ref="0x2ac2c2e92878" scoped=""/>
        <function-ref name="defaultSetupDcoCalibrate" ref="0x2ac2c2e98020" scoped=""/>
        <function-ref name="setupDcoCalibrate" ref="0x2ac2c2e981a8" scoped=""/>
        <function-ref name="initClocks" ref="0x2ac2c2e98330" scoped=""/>
      </interface-functions>
    </interface><interface loc="39:/home/kasper/tinyos-main//tos/chips/msp430/timer/Msp430ClockC.nc" name="Init" provided="1" ref="0x2ac2c2e99290">
      <component-ref nicename="Msp430ClockC" qname="Msp430ClockC"/>
      <type-interface alignment="I:2" size="I:2"><interface-ref name="Init" ref="0x2ac2c2e99290" scoped=""/></type-interface>
      <instance>
        <interfacedef-ref nicename="Init" qname="Init"/>
      </instance>
      <interface-functions>
        <function-ref name="init" ref="0x2ac2c2e995e0" scoped=""/>
      </interface-functions>
    </interface></specification><referenced><interface loc="46:/home/kasper/tinyos-main//tos/chips/msp430/timer/Msp430ClockP.nc" name="Msp430ClockInit" provided="1" ref="0x2ac2c2ea1b60">
      <component-ref nicename="Msp430ClockP" qname="Msp430ClockP"/>
      <type-interface alignment="I:2" size="I:2"><interface-ref name="Msp430ClockInit" ref="0x2ac2c2ea1b60" scoped=""/></type-interface>
      <instance>
        <interfacedef-ref nicename="Msp430ClockInit" qname="Msp430ClockInit"/>
      </instance>
      <interface-functions>
        <function-ref name="defaultInitClocks" ref="0x2ac2c2ea0ad8" scoped=""/>
        <function-ref name="initTimerB" ref="0x2ac2c2ea01a8" scoped=""/>
        <function-ref name="defaultInitTimerA" ref="0x2ac2c2ea0330" scoped=""/>
        <function-ref name="initTimerA" ref="0x2ac2c2ea04b8" scoped=""/>
        <function-ref name="defaultInitTimerB" ref="0x2ac2c2ea0020" scoped=""/>
        <function-ref name="defaultSetupDcoCalibrate" ref="0x2ac2c2ea0640" scoped=""/>
        <function-ref name="setupDcoCalibrate" ref="0x2ac2c2ea07c8" scoped=""/>
        <function-ref name="initClocks" ref="0x2ac2c2ea0950" scoped=""/>
      </interface-functions>
    </interface><interface loc="45:/home/kasper/tinyos-main//tos/chips/msp430/timer/Msp430ClockP.nc" name="Init" provided="1" ref="0x2ac2c2ea14f0">
      <component-ref nicename="Msp430ClockP" qname="Msp430ClockP"/>
      <type-interface alignment="I:2" size="I:2"><interface-ref name="Init" ref="0x2ac2c2ea14f0" scoped=""/></type-interface>
      <instance>
        <interfacedef-ref nicename="Init" qname="Init"/>
      </instance>
      <interface-functions>
        <function-ref name="init" ref="0x2ac2c2ea1840" scoped=""/>
      </interface-functions>
    </interface><interface loc="55:/home/kasper/tinyos-main//tos/chips/msp430/McuSleepC.nc" name="McuPowerOverride" provided="0" ref="0x2ac2c2e3c808">
      <component-ref nicename="McuSleepC" qname="McuSleepC"/>
      <type-interface alignment="I:2" size="I:2"><interface-ref name="McuPowerOverride" ref="0x2ac2c2e3c808" scoped=""/></type-interface>
      <instance>
        <interfacedef-ref nicename="McuPowerOverride" qname="McuPowerOverride"/>
      </instance>
      <interface-functions>
        <function-ref name="lowestState" ref="0x2ac2c2e3cb58" scoped=""/>
      </interface-functions>
    </interface><interface loc="47:/home/kasper/tinyos-main//tos/chips/msp430/timer/Msp430ClockP.nc" name="McuPowerOverride" provided="1" ref="0x2ac2c2ea0e08">
      <component-ref nicename="Msp430ClockP" qname="Msp430ClockP"/>
      <type-interface alignment="I:2" size="I:2"><interface-ref name="McuPowerOverride" ref="0x2ac2c2ea0e08" scoped=""/></type-interface>
      <instance>
        <interfacedef-ref nicename="McuPowerOverride" qname="McuPowerOverride"/>
      </instance>
      <interface-functions>
        <function-ref name="lowestState" ref="0x2ac2c2ebd1a8" scoped=""/>
      </interface-functions>
    </interface><component loc="43:/home/kasper/tinyos-main//tos/chips/msp430/timer/Msp430ClockP.nc" nicename="Msp430ClockP" qname="Msp430ClockP" safe="">
      <module/>
    </component><component loc="49:/home/kasper/tinyos-main//tos/chips/msp430/McuSleepC.nc" nicename="McuSleepC" qname="McuSleepC" safe="">
      <documentation loc="33:/home/kasper/tinyos-main//tos/chips/msp430/McuSleepC.nc">
        <short>
 Implementation of TEP 112 (Microcontroller Power Management) for
 the MSP430.</short>
        <long>
 Implementation of TEP 112 (Microcontroller Power Management) for
 the MSP430. Code for low power calculation copied from older
 msp430hardware.h by Vlado Handziski, Joe Polastre, and Cory Sharp.


 @author Philip Levis
 @author Vlado Handziski
 @author Joe Polastre
 @author Cory Sharp
 @date   October 26, 2005
 @see  Please refer to TEP 112 for more information about this component and its
          intended use.

</long>
      </documentation>
      <module/>
    </component></referenced></component>