<?xml version="1.0" ?><component loc="39:/home/kasper/tinyos-main//tos/chips/msp430/usart/Msp430Uart1P.nc" nicename="Msp430Uart1P" qname="Msp430Uart1P">
      <documentation loc="32:/home/kasper/tinyos-main//tos/chips/msp430/usart/Msp430Uart1P.nc">
        <short>
 </short>
        <long>
 @author Jonathan Hui &lt;jhui@archedrock.com&gt;
 @author Vlado Handziski &lt;handzisk@tkn.tu-berlin.de&gt;
 @author Eric B. Decker &lt;cire831@gmail.com&gt;
 @version $Revision: 1.5 $ $Date: 2008-05-21 22:11:57 $
</long>
      </documentation>
      <configuration/>
      <wiring>
        <wire loc="56:/home/kasper/tinyos-main//tos/chips/msp430/usart/Msp430Uart1P.nc">
          <from><interface-ref name="ResourceConfigure" ref="0x2ac2c440d208" scoped=""/></from>
          <to><interface-ref name="ResourceConfigure" ref="0x2ac2c448ee00" scoped=""/></to>
        </wire>
        <wire loc="59:/home/kasper/tinyos-main//tos/chips/msp430/usart/Msp430Uart1P.nc">
          <from><interface-ref name="UartByte" ref="0x2ac2c440b498" scoped=""/></from>
          <to><interface-ref name="UartByte" ref="0x2ac2c448c860" scoped=""/></to>
        </wire>
        <wire loc="58:/home/kasper/tinyos-main//tos/chips/msp430/usart/Msp430Uart1P.nc">
          <from><interface-ref name="UartStream" ref="0x2ac2c440c020" scoped=""/></from>
          <to><interface-ref name="UartStream" ref="0x2ac2c448d6d8" scoped=""/></to>
        </wire>
        <wire loc="55:/home/kasper/tinyos-main//tos/chips/msp430/usart/Msp430Uart1P.nc">
          <from><interface-ref name="Resource" ref="0x2ac2c440f020" scoped=""/></from>
          <to><interface-ref name="Resource" ref="0x2ac2c448e0c8" scoped=""/></to>
        </wire>
        <wire loc="57:/home/kasper/tinyos-main//tos/chips/msp430/usart/Msp430Uart1P.nc">
          <from><interface-ref name="Msp430UartConfigure" ref="0x2ac2c448a020" scoped=""/></from>
          <to><interface-ref name="Msp430UartConfigure" ref="0x2ac2c4408498" scoped=""/></to>
        </wire>
        <wire loc="60:/home/kasper/tinyos-main//tos/chips/msp430/usart/Msp430Uart1P.nc">
          <from><interface-ref name="UsartResource" ref="0x2ac2c448b180" scoped=""/></from>
          <to><interface-ref name="UsartResource" ref="0x2ac2c440a270" scoped=""/></to>
        </wire>
        <wire loc="61:/home/kasper/tinyos-main//tos/chips/msp430/usart/Msp430Uart1P.nc">
          <from><interface-ref name="UsartInterrupts" ref="0x2ac2c4485020" scoped=""/></from>
          <to><interface-ref name="UsartInterrupts" ref="0x2ac2c44071c8" scoped=""/></to>
        </wire>
        <wire loc="64:/home/kasper/tinyos-main//tos/chips/msp430/usart/Msp430Uart1P.nc">
          <from><interface-ref name="Usart" ref="0x2ac2c448a658" scoped=""/></from>
          <to><interface-ref name="HplMsp430Usart" ref="0x2ac2c4476ce0" scoped=""/></to>
        </wire>
        <wire loc="67:/home/kasper/tinyos-main//tos/chips/msp430/usart/Msp430Uart1P.nc">
          <from><interface-ref name="Counter" ref="0x2ac2c44859b0" scoped=""/></from>
          <to><interface-ref name="Counter" ref="0x2ac2c454d020" scoped=""/></to>
        </wire>
        <wire loc="70:/home/kasper/tinyos-main//tos/chips/msp430/usart/Msp430Uart1P.nc">
          <from><interface-ref name="Leds" ref="0x2ac2c4482928" scoped=""/></from>
          <to><interface-ref name="Leds" ref="0x2ac2c3039c38" scoped=""/></to>
        </wire>
      </wiring>
    <specification><interface loc="42:/home/kasper/tinyos-main//tos/chips/msp430/usart/Msp430Uart1P.nc" name="ResourceConfigure" provided="1" ref="0x2ac2c440d208">
      <component-ref nicename="Msp430Uart1P" qname="Msp430Uart1P"/>
      <type-interface alignment="I:2" size="I:2"><interface-ref name="ResourceConfigure" ref="0x2ac2c440d208" scoped=""/></type-interface>
      <instance>
        <interfacedef-ref nicename="ResourceConfigure" qname="ResourceConfigure"/>
      </instance>
      <interface-parameters>
        <type-int alignment="I:1" cname="unsigned char" size="I:1" unsigned="">
          <typename><typedef-ref name="uint8_t" ref="0x2ac2c209a790"/></typename>
        </type-int>
      </interface-parameters>
      <interface-functions>
        <function-ref name="unconfigure" ref="0x2ac2c440d558" scoped=""/>
        <function-ref name="configure" ref="0x2ac2c440d6e0" scoped=""/>
      </interface-functions>
    </interface><interface loc="44:/home/kasper/tinyos-main//tos/chips/msp430/usart/Msp430Uart1P.nc" name="UartByte" provided="1" ref="0x2ac2c440b498">
      <component-ref nicename="Msp430Uart1P" qname="Msp430Uart1P"/>
      <type-interface alignment="I:2" size="I:2"><interface-ref name="UartByte" ref="0x2ac2c440b498" scoped=""/></type-interface>
      <instance>
        <interfacedef-ref nicename="UartByte" qname="UartByte"/>
      </instance>
      <interface-parameters>
        <type-int alignment="I:1" cname="unsigned char" size="I:1" unsigned="">
          <typename><typedef-ref name="uint8_t" ref="0x2ac2c209a790"/></typename>
        </type-int>
      </interface-parameters>
      <interface-functions>
        <function-ref name="send" ref="0x2ac2c440b7e8" scoped=""/>
        <function-ref name="receive" ref="0x2ac2c440b970" scoped=""/>
      </interface-functions>
    </interface><interface loc="47:/home/kasper/tinyos-main//tos/chips/msp430/usart/Msp430Uart1P.nc" name="Msp430UartConfigure" provided="0" ref="0x2ac2c4408498">
      <component-ref nicename="Msp430Uart1P" qname="Msp430Uart1P"/>
      <type-interface alignment="I:2" size="I:2"><interface-ref name="Msp430UartConfigure" ref="0x2ac2c4408498" scoped=""/></type-interface>
      <instance>
        <interfacedef-ref nicename="Msp430UartConfigure" qname="Msp430UartConfigure"/>
      </instance>
      <interface-parameters>
        <type-int alignment="I:1" cname="unsigned char" size="I:1" unsigned="">
          <typename><typedef-ref name="uint8_t" ref="0x2ac2c209a790"/></typename>
        </type-int>
      </interface-parameters>
      <interface-functions>
        <function-ref name="getConfig" ref="0x2ac2c44087e8" scoped=""/>
      </interface-functions>
    </interface><interface loc="43:/home/kasper/tinyos-main//tos/chips/msp430/usart/Msp430Uart1P.nc" name="UartStream" provided="1" ref="0x2ac2c440c020">
      <component-ref nicename="Msp430Uart1P" qname="Msp430Uart1P"/>
      <type-interface alignment="I:2" size="I:2"><interface-ref name="UartStream" ref="0x2ac2c440c020" scoped=""/></type-interface>
      <instance>
        <interfacedef-ref nicename="UartStream" qname="UartStream"/>
      </instance>
      <interface-parameters>
        <type-int alignment="I:1" cname="unsigned char" size="I:1" unsigned="">
          <typename><typedef-ref name="uint8_t" ref="0x2ac2c209a790"/></typename>
        </type-int>
      </interface-parameters>
      <interface-functions>
        <function-ref name="send" ref="0x2ac2c440c370" scoped=""/>
        <function-ref name="receivedByte" ref="0x2ac2c440c4f8" scoped=""/>
        <function-ref name="receive" ref="0x2ac2c440c680" scoped=""/>
        <function-ref name="enableReceiveInterrupt" ref="0x2ac2c440c808" scoped=""/>
        <function-ref name="receiveDone" ref="0x2ac2c440c990" scoped=""/>
        <function-ref name="disableReceiveInterrupt" ref="0x2ac2c440cb18" scoped=""/>
        <function-ref name="sendDone" ref="0x2ac2c440cca0" scoped=""/>
      </interface-functions>
    </interface><interface loc="46:/home/kasper/tinyos-main//tos/chips/msp430/usart/Msp430Uart1P.nc" name="UsartResource" provided="0" ref="0x2ac2c440a270">
      <component-ref nicename="Msp430Uart1P" qname="Msp430Uart1P"/>
      <type-interface alignment="I:2" size="I:2"><interface-ref name="UsartResource" ref="0x2ac2c440a270" scoped=""/></type-interface>
      <instance>
        <interfacedef-ref nicename="Resource" qname="Resource"/>
      </instance>
      <interface-parameters>
        <type-int alignment="I:1" cname="unsigned char" size="I:1" unsigned="">
          <typename><typedef-ref name="uint8_t" ref="0x2ac2c209a790"/></typename>
        </type-int>
      </interface-parameters>
      <interface-functions>
        <function-ref name="release" ref="0x2ac2c440a5c0" scoped=""/>
        <function-ref name="immediateRequest" ref="0x2ac2c440a748" scoped=""/>
        <function-ref name="request" ref="0x2ac2c440a8d0" scoped=""/>
        <function-ref name="granted" ref="0x2ac2c440aa58" scoped=""/>
        <function-ref name="isOwner" ref="0x2ac2c440abe0" scoped=""/>
      </interface-functions>
    </interface><interface loc="41:/home/kasper/tinyos-main//tos/chips/msp430/usart/Msp430Uart1P.nc" name="Resource" provided="1" ref="0x2ac2c440f020">
      <component-ref nicename="Msp430Uart1P" qname="Msp430Uart1P"/>
      <type-interface alignment="I:2" size="I:2"><interface-ref name="Resource" ref="0x2ac2c440f020" scoped=""/></type-interface>
      <instance>
        <interfacedef-ref nicename="Resource" qname="Resource"/>
      </instance>
      <interface-parameters>
        <type-int alignment="I:1" cname="unsigned char" size="I:1" unsigned="">
          <typename><typedef-ref name="uint8_t" ref="0x2ac2c209a790"/></typename>
        </type-int>
      </interface-parameters>
      <interface-functions>
        <function-ref name="release" ref="0x2ac2c440f370" scoped=""/>
        <function-ref name="immediateRequest" ref="0x2ac2c440f4f8" scoped=""/>
        <function-ref name="request" ref="0x2ac2c440f680" scoped=""/>
        <function-ref name="granted" ref="0x2ac2c440f808" scoped=""/>
        <function-ref name="isOwner" ref="0x2ac2c440f990" scoped=""/>
      </interface-functions>
    </interface><interface loc="48:/home/kasper/tinyos-main//tos/chips/msp430/usart/Msp430Uart1P.nc" name="UsartInterrupts" provided="0" ref="0x2ac2c44071c8">
      <component-ref nicename="Msp430Uart1P" qname="Msp430Uart1P"/>
      <type-interface alignment="I:2" size="I:2"><interface-ref name="UsartInterrupts" ref="0x2ac2c44071c8" scoped=""/></type-interface>
      <instance>
        <interfacedef-ref nicename="HplMsp430UsartInterrupts" qname="HplMsp430UsartInterrupts"/>
      </instance>
      <interface-parameters>
        <type-int alignment="I:1" cname="unsigned char" size="I:1" unsigned="">
          <typename><typedef-ref name="uint8_t" ref="0x2ac2c209a790"/></typename>
        </type-int>
      </interface-parameters>
      <interface-functions>
        <function-ref name="rxDone" ref="0x2ac2c4407518" scoped=""/>
        <function-ref name="txDone" ref="0x2ac2c44076a0" scoped=""/>
      </interface-functions>
    </interface></specification><referenced><interface loc="50:/home/kasper/tinyos-main//tos/chips/msp430/usart/Msp430UartP.nc" name="Usart" provided="0" ref="0x2ac2c448a658">
      <component-ref nicename="Msp430Uart1P.UartP" qname="Msp430Uart1P.UartP"/>
      <type-interface alignment="I:2" size="I:2"><interface-ref name="Usart" ref="0x2ac2c448a658" scoped=""/></type-interface>
      <instance>
        <interfacedef-ref nicename="HplMsp430Usart" qname="HplMsp430Usart"/>
      </instance>
      <interface-functions>
        <function-ref name="isTxEmpty" ref="0x2ac2c448a9a8" scoped=""/>
        <function-ref name="enableUartRx" ref="0x2ac2c448ab30" scoped=""/>
        <function-ref name="setUctl" ref="0x2ac2c448acb8" scoped=""/>
        <function-ref name="enableUart" ref="0x2ac2c448ae40" scoped=""/>
        <function-ref name="setUrctl" ref="0x2ac2c4489020" scoped=""/>
        <function-ref name="enableRxIntr" ref="0x2ac2c44891a8" scoped=""/>
        <function-ref name="clrRxIntr" ref="0x2ac2c4489330" scoped=""/>
        <function-ref name="getUtctl" ref="0x2ac2c44894b8" scoped=""/>
        <function-ref name="getUrctl" ref="0x2ac2c4489640" scoped=""/>
        <function-ref name="resetUsart" ref="0x2ac2c44897c8" scoped=""/>
        <function-ref name="getUmctl" ref="0x2ac2c4489950" scoped=""/>
        <function-ref name="disableIntr" ref="0x2ac2c4489ad8" scoped=""/>
        <function-ref name="setUtctl" ref="0x2ac2c4489c60" scoped=""/>
        <function-ref name="getUbr" ref="0x2ac2c4488020" scoped=""/>
        <function-ref name="enableTxIntr" ref="0x2ac2c44881a8" scoped=""/>
        <function-ref name="setUmctl" ref="0x2ac2c4488330" scoped=""/>
        <function-ref name="isUartRx" ref="0x2ac2c44884b8" scoped=""/>
        <function-ref name="isUart" ref="0x2ac2c4488640" scoped=""/>
        <function-ref name="disableRxIntr" ref="0x2ac2c44887c8" scoped=""/>
        <function-ref name="isSpi" ref="0x2ac2c4488950" scoped=""/>
        <function-ref name="enableUartTx" ref="0x2ac2c4488ad8" scoped=""/>
        <function-ref name="disableTxIntr" ref="0x2ac2c4488c60" scoped=""/>
        <function-ref name="disableUartRx" ref="0x2ac2c4488de8" scoped=""/>
        <function-ref name="enableIntr" ref="0x2ac2c4487020" scoped=""/>
        <function-ref name="getMode" ref="0x2ac2c44871a8" scoped=""/>
        <function-ref name="isTxIntrPending" ref="0x2ac2c4487530" scoped=""/>
        <function-ref name="clrIntr" ref="0x2ac2c44876b8" scoped=""/>
        <function-ref name="setUbr" ref="0x2ac2c4487840" scoped=""/>
        <function-ref name="tx" ref="0x2ac2c44879c8" scoped=""/>
        <function-ref name="getUctl" ref="0x2ac2c4487b50" scoped=""/>
        <function-ref name="disableUart" ref="0x2ac2c4487cd8" scoped=""/>
        <function-ref name="enableSpi" ref="0x2ac2c4487e60" scoped=""/>
        <function-ref name="setModeUart" ref="0x2ac2c4486020" scoped=""/>
        <function-ref name="setModeSpi" ref="0x2ac2c44861a8" scoped=""/>
        <function-ref name="rx" ref="0x2ac2c4486330" scoped=""/>
        <function-ref name="isRxIntrPending" ref="0x2ac2c44864b8" scoped=""/>
        <function-ref name="isUartTx" ref="0x2ac2c4486640" scoped=""/>
        <function-ref name="clrTxIntr" ref="0x2ac2c44867c8" scoped=""/>
        <function-ref name="disableSpi" ref="0x2ac2c4486950" scoped=""/>
        <function-ref name="disableUartTx" ref="0x2ac2c4486ad8" scoped=""/>
      </interface-functions>
    </interface><interface loc="77:/home/kasper/tinyos-main//tos/chips/msp430/usart/HplMsp430Usart1C.nc" name="HplMsp430Usart" provided="1" ref="0x2ac2c4476ce0">
      <component-ref nicename="HplMsp430Usart1C" qname="HplMsp430Usart1C"/>
      <type-interface alignment="I:2" size="I:2"><interface-ref name="HplMsp430Usart" ref="0x2ac2c4476ce0" scoped=""/></type-interface>
      <instance>
        <interfacedef-ref nicename="HplMsp430Usart" qname="HplMsp430Usart"/>
      </instance>
      <interface-functions>
        <function-ref name="isTxEmpty" ref="0x2ac2c44790a0" scoped=""/>
        <function-ref name="enableUartRx" ref="0x2ac2c4479228" scoped=""/>
        <function-ref name="setUctl" ref="0x2ac2c44793b0" scoped=""/>
        <function-ref name="enableUart" ref="0x2ac2c4479538" scoped=""/>
        <function-ref name="setUrctl" ref="0x2ac2c44796c0" scoped=""/>
        <function-ref name="enableRxIntr" ref="0x2ac2c4479848" scoped=""/>
        <function-ref name="clrRxIntr" ref="0x2ac2c44799d0" scoped=""/>
        <function-ref name="getUtctl" ref="0x2ac2c4479b58" scoped=""/>
        <function-ref name="getUrctl" ref="0x2ac2c4479ce0" scoped=""/>
        <function-ref name="resetUsart" ref="0x2ac2c4479e68" scoped=""/>
        <function-ref name="getUmctl" ref="0x2ac2c4478020" scoped=""/>
        <function-ref name="disableIntr" ref="0x2ac2c44781a8" scoped=""/>
        <function-ref name="setUtctl" ref="0x2ac2c4478330" scoped=""/>
        <function-ref name="getUbr" ref="0x2ac2c44785b8" scoped=""/>
        <function-ref name="enableTxIntr" ref="0x2ac2c4478740" scoped=""/>
        <function-ref name="setUmctl" ref="0x2ac2c44788c8" scoped=""/>
        <function-ref name="isUartRx" ref="0x2ac2c4478a50" scoped=""/>
        <function-ref name="isUart" ref="0x2ac2c4478bd8" scoped=""/>
        <function-ref name="disableRxIntr" ref="0x2ac2c4478d60" scoped=""/>
        <function-ref name="isSpi" ref="0x2ac2c4475020" scoped=""/>
        <function-ref name="enableUartTx" ref="0x2ac2c44751a8" scoped=""/>
        <function-ref name="disableTxIntr" ref="0x2ac2c4475330" scoped=""/>
        <function-ref name="disableUartRx" ref="0x2ac2c44754b8" scoped=""/>
        <function-ref name="enableIntr" ref="0x2ac2c4475640" scoped=""/>
        <function-ref name="getMode" ref="0x2ac2c44757c8" scoped=""/>
        <function-ref name="isTxIntrPending" ref="0x2ac2c4475b50" scoped=""/>
        <function-ref name="clrIntr" ref="0x2ac2c4475cd8" scoped=""/>
        <function-ref name="setUbr" ref="0x2ac2c4475e60" scoped=""/>
        <function-ref name="tx" ref="0x2ac2c4474020" scoped=""/>
        <function-ref name="getUctl" ref="0x2ac2c44741a8" scoped=""/>
        <function-ref name="disableUart" ref="0x2ac2c4474330" scoped=""/>
        <function-ref name="enableSpi" ref="0x2ac2c44744b8" scoped=""/>
        <function-ref name="setModeUart" ref="0x2ac2c4474640" scoped=""/>
        <function-ref name="setModeSpi" ref="0x2ac2c44747c8" scoped=""/>
        <function-ref name="rx" ref="0x2ac2c4474950" scoped=""/>
        <function-ref name="isRxIntrPending" ref="0x2ac2c4474ad8" scoped=""/>
        <function-ref name="isUartTx" ref="0x2ac2c4474c60" scoped=""/>
        <function-ref name="clrTxIntr" ref="0x2ac2c4474de8" scoped=""/>
        <function-ref name="disableSpi" ref="0x2ac2c4473020" scoped=""/>
        <function-ref name="disableUartTx" ref="0x2ac2c44731a8" scoped=""/>
      </interface-functions>
    </interface><interface loc="49:/home/kasper/tinyos-main//tos/chips/msp430/usart/Msp430UartP.nc" name="Msp430UartConfigure" provided="0" ref="0x2ac2c448a020">
      <component-ref nicename="Msp430Uart1P.UartP" qname="Msp430Uart1P.UartP"/>
      <type-interface alignment="I:2" size="I:2"><interface-ref name="Msp430UartConfigure" ref="0x2ac2c448a020" scoped=""/></type-interface>
      <instance>
        <interfacedef-ref nicename="Msp430UartConfigure" qname="Msp430UartConfigure"/>
      </instance>
      <interface-parameters>
        <type-int alignment="I:1" cname="unsigned char" size="I:1" unsigned="">
          <typename><typedef-ref name="uint8_t" ref="0x2ac2c209a790"/></typename>
        </type-int>
      </interface-parameters>
      <interface-functions>
        <function-ref name="getConfig" ref="0x2ac2c448a390" scoped=""/>
      </interface-functions>
    </interface><interface loc="43:/home/kasper/tinyos-main//tos/chips/msp430/usart/Msp430UartP.nc" name="Resource" provided="1" ref="0x2ac2c448e0c8">
      <component-ref nicename="Msp430Uart1P.UartP" qname="Msp430Uart1P.UartP"/>
      <type-interface alignment="I:2" size="I:2"><interface-ref name="Resource" ref="0x2ac2c448e0c8" scoped=""/></type-interface>
      <instance>
        <interfacedef-ref nicename="Resource" qname="Resource"/>
      </instance>
      <interface-parameters>
        <type-int alignment="I:1" cname="unsigned char" size="I:1" unsigned="">
          <typename><typedef-ref name="uint8_t" ref="0x2ac2c209a790"/></typename>
        </type-int>
      </interface-parameters>
      <interface-functions>
        <function-ref name="release" ref="0x2ac2c448e438" scoped=""/>
        <function-ref name="immediateRequest" ref="0x2ac2c448e5c0" scoped=""/>
        <function-ref name="request" ref="0x2ac2c448e748" scoped=""/>
        <function-ref name="granted" ref="0x2ac2c448e8d0" scoped=""/>
        <function-ref name="isOwner" ref="0x2ac2c448ea58" scoped=""/>
      </interface-functions>
    </interface><interface loc="51:/home/kasper/tinyos-main//tos/chips/msp430/usart/Msp430UartP.nc" name="UsartInterrupts" provided="0" ref="0x2ac2c4485020">
      <component-ref nicename="Msp430Uart1P.UartP" qname="Msp430Uart1P.UartP"/>
      <type-interface alignment="I:2" size="I:2"><interface-ref name="UsartInterrupts" ref="0x2ac2c4485020" scoped=""/></type-interface>
      <instance>
        <interfacedef-ref nicename="HplMsp430UsartInterrupts" qname="HplMsp430UsartInterrupts"/>
      </instance>
      <interface-parameters>
        <type-int alignment="I:1" cname="unsigned char" size="I:1" unsigned="">
          <typename><typedef-ref name="uint8_t" ref="0x2ac2c209a790"/></typename>
        </type-int>
      </interface-parameters>
      <interface-functions>
        <function-ref name="rxDone" ref="0x2ac2c4485390" scoped=""/>
        <function-ref name="txDone" ref="0x2ac2c4485518" scoped=""/>
      </interface-functions>
    </interface><interface loc="46:/home/kasper/tinyos-main//tos/chips/msp430/usart/Msp430UartP.nc" name="UartByte" provided="1" ref="0x2ac2c448c860">
      <component-ref nicename="Msp430Uart1P.UartP" qname="Msp430Uart1P.UartP"/>
      <type-interface alignment="I:2" size="I:2"><interface-ref name="UartByte" ref="0x2ac2c448c860" scoped=""/></type-interface>
      <instance>
        <interfacedef-ref nicename="UartByte" qname="UartByte"/>
      </instance>
      <interface-parameters>
        <type-int alignment="I:1" cname="unsigned char" size="I:1" unsigned="">
          <typename><typedef-ref name="uint8_t" ref="0x2ac2c209a790"/></typename>
        </type-int>
      </interface-parameters>
      <interface-functions>
        <function-ref name="send" ref="0x2ac2c448cbd0" scoped=""/>
        <function-ref name="receive" ref="0x2ac2c448cd58" scoped=""/>
      </interface-functions>
    </interface><interface loc="52:/home/kasper/tinyos-main//tos/chips/msp430/usart/Msp430UartP.nc" name="Counter" provided="0" ref="0x2ac2c44859b0">
      <component-ref nicename="Msp430Uart1P.UartP" qname="Msp430Uart1P.UartP"/>
      <type-interface alignment="I:2" size="I:2"><interface-ref name="Counter" ref="0x2ac2c44859b0" scoped=""/></type-interface>
      <instance>
        <interfacedef-ref nicename="Counter" qname="Counter"/>
        <arguments>
          <type-tag alignment="I:2" size="I:2"><struct-ref ref="0x2ac2c33df788"/>
            <typename><typedef-ref name="T32khz" ref="0x2ac2c33dfae0"/></typename>
          </type-tag>
          <type-int alignment="I:2" cname="unsigned int" size="I:2" unsigned="">
            <typename><typedef-ref name="uint16_t" ref="0x2ac2c209ab20"/></typename>
          </type-int>
        </arguments>
      </instance>
      <interface-functions>
        <function-ref name="get" ref="0x2ac2c4483730" scoped=""/>
        <function-ref name="clearOverflow" ref="0x2ac2c4482088" scoped=""/>
        <function-ref name="isOverflowPending" ref="0x2ac2c4483bb8" scoped=""/>
        <function-ref name="overflow" ref="0x2ac2c4482510" scoped=""/>
      </interface-functions>
    </interface><interface loc="43:/home/kasper/tinyos-main//tos/chips/msp430/timer/Counter32khz16C.nc" name="Counter" provided="1" ref="0x2ac2c454d020">
      <component-ref nicename="Counter32khz16C" qname="Counter32khz16C"/>
      <type-interface alignment="I:2" size="I:2"><interface-ref name="Counter" ref="0x2ac2c454d020" scoped=""/></type-interface>
      <instance>
        <interfacedef-ref nicename="Counter" qname="Counter"/>
        <arguments>
          <type-tag alignment="I:2" size="I:2"><struct-ref ref="0x2ac2c33df788"/>
            <typename><typedef-ref name="T32khz" ref="0x2ac2c33dfae0"/></typename>
          </type-tag>
          <type-int alignment="I:2" cname="unsigned int" size="I:2" unsigned="">
            <typename><typedef-ref name="uint16_t" ref="0x2ac2c209ab20"/></typename>
          </type-int>
        </arguments>
      </instance>
      <interface-functions>
        <function-ref name="get" ref="0x2ac2c454dd70" scoped=""/>
        <function-ref name="clearOverflow" ref="0x2ac2c454c6b8" scoped=""/>
        <function-ref name="isOverflowPending" ref="0x2ac2c454c230" scoped=""/>
        <function-ref name="overflow" ref="0x2ac2c454cb40" scoped=""/>
      </interface-functions>
    </interface><interface loc="45:/home/kasper/tinyos-main//tos/chips/msp430/usart/Msp430UartP.nc" name="UartStream" provided="1" ref="0x2ac2c448d6d8">
      <component-ref nicename="Msp430Uart1P.UartP" qname="Msp430Uart1P.UartP"/>
      <type-interface alignment="I:2" size="I:2"><interface-ref name="UartStream" ref="0x2ac2c448d6d8" scoped=""/></type-interface>
      <instance>
        <interfacedef-ref nicename="UartStream" qname="UartStream"/>
      </instance>
      <interface-parameters>
        <type-int alignment="I:1" cname="unsigned char" size="I:1" unsigned="">
          <typename><typedef-ref name="uint8_t" ref="0x2ac2c209a790"/></typename>
        </type-int>
      </interface-parameters>
      <interface-functions>
        <function-ref name="send" ref="0x2ac2c448da48" scoped=""/>
        <function-ref name="receivedByte" ref="0x2ac2c448dbd0" scoped=""/>
        <function-ref name="receive" ref="0x2ac2c448dd58" scoped=""/>
        <function-ref name="enableReceiveInterrupt" ref="0x2ac2c448c020" scoped=""/>
        <function-ref name="receiveDone" ref="0x2ac2c448c1a8" scoped=""/>
        <function-ref name="disableReceiveInterrupt" ref="0x2ac2c448c330" scoped=""/>
        <function-ref name="sendDone" ref="0x2ac2c448c4b8" scoped=""/>
      </interface-functions>
    </interface><interface loc="44:/home/kasper/tinyos-main//tos/chips/msp430/usart/Msp430UartP.nc" name="ResourceConfigure" provided="1" ref="0x2ac2c448ee00">
      <component-ref nicename="Msp430Uart1P.UartP" qname="Msp430Uart1P.UartP"/>
      <type-interface alignment="I:2" size="I:2"><interface-ref name="ResourceConfigure" ref="0x2ac2c448ee00" scoped=""/></type-interface>
      <instance>
        <interfacedef-ref nicename="ResourceConfigure" qname="ResourceConfigure"/>
      </instance>
      <interface-parameters>
        <type-int alignment="I:1" cname="unsigned char" size="I:1" unsigned="">
          <typename><typedef-ref name="uint8_t" ref="0x2ac2c209a790"/></typename>
        </type-int>
      </interface-parameters>
      <interface-functions>
        <function-ref name="unconfigure" ref="0x2ac2c448d1a8" scoped=""/>
        <function-ref name="configure" ref="0x2ac2c448d330" scoped=""/>
      </interface-functions>
    </interface><interface loc="46:/home/kasper/tinyos-main//tos/system/LedsC.nc" name="Leds" provided="1" ref="0x2ac2c3039c38">
      <component-ref nicename="LedsC" qname="LedsC"/>
      <type-interface alignment="I:2" size="I:2"><interface-ref name="Leds" ref="0x2ac2c3039c38" scoped=""/></type-interface>
      <instance>
        <interfacedef-ref nicename="Leds" qname="Leds"/>
      </instance>
      <interface-functions>
        <function-ref name="led0Off" ref="0x2ac2c3043020" scoped=""/>
        <function-ref name="led0Toggle" ref="0x2ac2c30431a8" scoped=""/>
        <function-ref name="led1On" ref="0x2ac2c3043330" scoped=""/>
        <function-ref name="led1Toggle" ref="0x2ac2c30434b8" scoped=""/>
        <function-ref name="led2Toggle" ref="0x2ac2c3043640" scoped=""/>
        <function-ref name="get" ref="0x2ac2c30437c8" scoped=""/>
        <function-ref name="led1Off" ref="0x2ac2c3043950" scoped=""/>
        <function-ref name="led2Off" ref="0x2ac2c3042020" scoped=""/>
        <function-ref name="set" ref="0x2ac2c3043ad8" scoped=""/>
        <function-ref name="led0On" ref="0x2ac2c3043c60" scoped=""/>
        <function-ref name="led2On" ref="0x2ac2c3043de8" scoped=""/>
      </interface-functions>
    </interface><interface loc="48:/home/kasper/tinyos-main//tos/chips/msp430/usart/Msp430UartP.nc" name="UsartResource" provided="0" ref="0x2ac2c448b180">
      <component-ref nicename="Msp430Uart1P.UartP" qname="Msp430Uart1P.UartP"/>
      <type-interface alignment="I:2" size="I:2"><interface-ref name="UsartResource" ref="0x2ac2c448b180" scoped=""/></type-interface>
      <instance>
        <interfacedef-ref nicename="Resource" qname="Resource"/>
      </instance>
      <interface-parameters>
        <type-int alignment="I:1" cname="unsigned char" size="I:1" unsigned="">
          <typename><typedef-ref name="uint8_t" ref="0x2ac2c209a790"/></typename>
        </type-int>
      </interface-parameters>
      <interface-functions>
        <function-ref name="release" ref="0x2ac2c448b4f0" scoped=""/>
        <function-ref name="immediateRequest" ref="0x2ac2c448b678" scoped=""/>
        <function-ref name="request" ref="0x2ac2c448b800" scoped=""/>
        <function-ref name="granted" ref="0x2ac2c448b988" scoped=""/>
        <function-ref name="isOwner" ref="0x2ac2c448bb10" scoped=""/>
      </interface-functions>
    </interface><interface loc="53:/home/kasper/tinyos-main//tos/chips/msp430/usart/Msp430UartP.nc" name="Leds" provided="0" ref="0x2ac2c4482928">
      <component-ref nicename="Msp430Uart1P.UartP" qname="Msp430Uart1P.UartP"/>
      <type-interface alignment="I:2" size="I:2"><interface-ref name="Leds" ref="0x2ac2c4482928" scoped=""/></type-interface>
      <instance>
        <interfacedef-ref nicename="Leds" qname="Leds"/>
      </instance>
      <interface-functions>
        <function-ref name="led0Off" ref="0x2ac2c4482c78" scoped=""/>
        <function-ref name="led0Toggle" ref="0x2ac2c4482e00" scoped=""/>
        <function-ref name="led1On" ref="0x2ac2c4481020" scoped=""/>
        <function-ref name="led1Toggle" ref="0x2ac2c44811a8" scoped=""/>
        <function-ref name="led2Toggle" ref="0x2ac2c4481330" scoped=""/>
        <function-ref name="get" ref="0x2ac2c44814b8" scoped=""/>
        <function-ref name="led1Off" ref="0x2ac2c4481640" scoped=""/>
        <function-ref name="led2On" ref="0x2ac2c4481c60" scoped=""/>
        <function-ref name="set" ref="0x2ac2c4481950" scoped=""/>
        <function-ref name="led2Off" ref="0x2ac2c44817c8" scoped=""/>
        <function-ref name="led0On" ref="0x2ac2c4481ad8" scoped=""/>
      </interface-functions>
    </interface><component loc="45:/home/kasper/tinyos-main//tos/system/LedsC.nc" nicename="LedsC" qname="LedsC">
      <documentation loc="34:/home/kasper/tinyos-main//tos/system/LedsC.nc">
        <short>

 The basic TinyOS LEDs abstraction.</short>
        <long>

 The basic TinyOS LEDs abstraction.

 @author Phil Buonadonna
 @author David Gay
 @author Philip Levis
 @author Joe Polastre
</long>
      </documentation>
      <configuration/>
      <wiring>
        <wire loc="51:/home/kasper/tinyos-main//tos/system/LedsC.nc">
          <from><interface-ref name="Leds" ref="0x2ac2c3039c38" scoped=""/></from>
          <to><interface-ref name="Leds" ref="0x2ac2c30365e8" scoped=""/></to>
        </wire>
        <wire loc="53:/home/kasper/tinyos-main//tos/system/LedsC.nc">
          <from><interface-ref name="Init" ref="0x2ac2c3058460" scoped=""/></from>
          <to><interface-ref name="Init" ref="0x2ac2c3036020" scoped=""/></to>
        </wire>
        <wire loc="54:/home/kasper/tinyos-main//tos/system/LedsC.nc">
          <from><interface-ref name="Led0" ref="0x2ac2c30527c8" scoped=""/></from>
          <to><interface-ref name="Led0" ref="0x2ac2c305b020" scoped=""/></to>
        </wire>
        <wire loc="55:/home/kasper/tinyos-main//tos/system/LedsC.nc">
          <from><interface-ref name="Led1" ref="0x2ac2c3034958" scoped=""/></from>
          <to><interface-ref name="Led1" ref="0x2ac2c305a1b0" scoped=""/></to>
        </wire>
        <wire loc="56:/home/kasper/tinyos-main//tos/system/LedsC.nc">
          <from><interface-ref name="Led2" ref="0x2ac2c3051ae0" scoped=""/></from>
          <to><interface-ref name="Led2" ref="0x2ac2c3059378" scoped=""/></to>
        </wire>
      </wiring>
    </component><component loc="74:/home/kasper/tinyos-main//tos/chips/msp430/usart/HplMsp430Usart1C.nc" nicename="HplMsp430Usart1C" qname="HplMsp430Usart1C">
      <documentation loc="31:/home/kasper/tinyos-main//tos/chips/msp430/usart/msp430usart.h">
        <short>
 </short>
        <long>
 @author Vlado Handziski &lt;handzisk@tkn.tu-berlin.de&gt;
 @author Philipp Huppertz &lt;huppertz@tkn.tu-berlin.de&gt;
</long>
      </documentation>
      <configuration/>
      <wiring>
        <wire loc="89:/home/kasper/tinyos-main//tos/chips/msp430/usart/HplMsp430Usart1C.nc">
          <from><interface-ref name="HplMsp430UsartInterrupts" ref="0x2ac2c4473528" scoped=""/></from>
          <to><interface-ref name="Interrupts" ref="0x2ac2c446b8e0" scoped=""/></to>
        </wire>
        <wire loc="87:/home/kasper/tinyos-main//tos/chips/msp430/usart/HplMsp430Usart1C.nc">
          <from><interface-ref name="AsyncStdControl" ref="0x2ac2c44764f0" scoped=""/></from>
          <to><interface-ref name="AsyncStdControl" ref="0x2ac2c44727d0" scoped=""/></to>
        </wire>
        <wire loc="88:/home/kasper/tinyos-main//tos/chips/msp430/usart/HplMsp430Usart1C.nc">
          <from><interface-ref name="HplMsp430Usart" ref="0x2ac2c4476ce0" scoped=""/></from>
          <to><interface-ref name="Usart" ref="0x2ac2c446f060" scoped=""/></to>
        </wire>
        <wire loc="91:/home/kasper/tinyos-main//tos/chips/msp430/usart/HplMsp430Usart1C.nc">
          <from><interface-ref name="SIMO" ref="0x2ac2c44691e8" scoped=""/></from>
          <to><interface-ref name="SIMO1" ref="0x2ac2c30e4560" scoped=""/></to>
        </wire>
        <wire loc="92:/home/kasper/tinyos-main//tos/chips/msp430/usart/HplMsp430Usart1C.nc">
          <from><interface-ref name="SOMI" ref="0x2ac2c4467020" scoped=""/></from>
          <to><interface-ref name="SOMI1" ref="0x2ac2c30e2560" scoped=""/></to>
        </wire>
        <wire loc="93:/home/kasper/tinyos-main//tos/chips/msp430/usart/HplMsp430Usart1C.nc">
          <from><interface-ref name="UCLK" ref="0x2ac2c4466e00" scoped=""/></from>
          <to><interface-ref name="UCLK1" ref="0x2ac2c30e0560" scoped=""/></to>
        </wire>
        <wire loc="94:/home/kasper/tinyos-main//tos/chips/msp430/usart/HplMsp430Usart1C.nc">
          <from><interface-ref name="URXD" ref="0x2ac2c44dac78" scoped=""/></from>
          <to><interface-ref name="URXD1" ref="0x2ac2c3104560" scoped=""/></to>
        </wire>
        <wire loc="95:/home/kasper/tinyos-main//tos/chips/msp430/usart/HplMsp430Usart1C.nc">
          <from><interface-ref name="UTXD" ref="0x2ac2c44d8af0" scoped=""/></from>
          <to><interface-ref name="UTXD1" ref="0x2ac2c30de560" scoped=""/></to>
        </wire>
      </wiring>
    </component><component loc="41(Msp430Uart1P.UartP):/home/kasper/tinyos-main//tos/chips/msp430/usart/Msp430UartP.nc" nicename="Msp430Uart1P.UartP" qname="Msp430Uart1P.UartP">
      <documentation loc="32:/home/kasper/tinyos-main//tos/chips/msp430/usart/Msp430UartP.nc">
        <short>
 </short>
        <long>
 @author Jonathan Hui &lt;jhui@archrock.com&gt;
 @author Vlado Handziski &lt;handzisk@tkn.tu-berlin.de&gt;
 @author Eric B. Decker &lt;cire831@gmail.com&gt;
 @version $Revision: 1.7 $ $Date: 2008-06-04 05:31:15 $
</long>
      </documentation>
      <instance number="0">
        <component-ref nicename="Msp430UartP" qname="Msp430UartP"/>
      </instance>
      <module/>
    </component><component loc="41:/home/kasper/tinyos-main//tos/chips/msp430/timer/Counter32khz16C.nc" nicename="Counter32khz16C" qname="Counter32khz16C">
      <documentation loc="33:/home/kasper/tinyos-main//tos/chips/msp430/timer/Counter32khz16C.nc">
        <short>
 Counter32khz16C provides at 16-bit counter at 32768 ticks per second.</short>
        <long>
 Counter32khz16C provides at 16-bit counter at 32768 ticks per second.

 @author Cory Sharp &lt;cssharp@eecs.berkeley.edu&gt;
 @see  Please refer to TEP 102 for more information about this component and its
          intended use.
</long>
      </documentation>
      <configuration/>
      <wiring>
        <wire loc="49:/home/kasper/tinyos-main//tos/chips/msp430/timer/Counter32khz16C.nc">
          <from><interface-ref name="Counter" ref="0x2ac2c454d020" scoped=""/></from>
          <to><interface-ref name="Msp430Counter32khz" ref="0x2ac2c3483b98" scoped=""/></to>
        </wire>
      </wiring>
    </component></referenced></component>