<?xml version="1.0" ?><component abstract="" loc="73:/home/kasper/tinyos-main//tos/chips/msp430/usart/Msp430SpiNoDmaP.nc" nicename="Msp430SpiNoDmaP" qname="Msp430SpiNoDmaP">
      <documentation loc="66:/home/kasper/tinyos-main//tos/chips/msp430/usart/Msp430SpiNoDmaP.nc">
        <short>
 </short>
        <long>
 @author Jonathan Hui &lt;jhui@archedrock.com&gt;
 @author Jan Hauer &lt;hauer@tkn.tu-berlin.de&gt; (bugfix in continueOp())
 @version $Revision: 1.8 $ $Date: 2010-06-29 22:07:45 $
</long>
      </documentation>
      <parameters>
      </parameters>
      <module/>
    <specification><interface loc="76:/home/kasper/tinyos-main//tos/chips/msp430/usart/Msp430SpiNoDmaP.nc" name="ResourceConfigure" provided="1" ref="0x2ac2c3a8d9d0">
      <component-ref nicename="Msp430SpiNoDmaP" qname="Msp430SpiNoDmaP"/>
      <type-interface alignment="I:2" size="I:2"><interface-ref name="ResourceConfigure" ref="0x2ac2c3a8d9d0" scoped=""/></type-interface>
      <instance>
        <interfacedef-ref nicename="ResourceConfigure" qname="ResourceConfigure"/>
      </instance>
      <interface-parameters>
        <type-int alignment="I:1" cname="unsigned char" size="I:1" unsigned="">
          <typename><typedef-ref name="uint8_t" ref="0x2ac2c209a790"/></typename>
        </type-int>
      </interface-parameters>
      <interface-functions>
        <function-ref name="unconfigure" ref="0x2ac2c3a8dd20" scoped=""/>
        <function-ref name="configure" ref="0x2ac2c3a8c020" scoped=""/>
      </interface-functions>
    </interface><interface loc="79:/home/kasper/tinyos-main//tos/chips/msp430/usart/Msp430SpiNoDmaP.nc" name="SpiPacket" provided="1" ref="0x2ac2c3a8b980">
      <component-ref nicename="Msp430SpiNoDmaP" qname="Msp430SpiNoDmaP"/>
      <type-interface alignment="I:2" size="I:2"><interface-ref name="SpiPacket" ref="0x2ac2c3a8b980" scoped=""/></type-interface>
      <instance>
        <interfacedef-ref nicename="SpiPacket" qname="SpiPacket"/>
      </instance>
      <interface-parameters>
        <type-int alignment="I:1" cname="unsigned char" size="I:1" unsigned="">
          <typename><typedef-ref name="uint8_t" ref="0x2ac2c209a790"/></typename>
        </type-int>
      </interface-parameters>
      <interface-functions>
        <function-ref name="send" ref="0x2ac2c3a8bcd0" scoped=""/>
        <function-ref name="sendDone" ref="0x2ac2c3a8be58" scoped=""/>
      </interface-functions>
    </interface><interface loc="82:/home/kasper/tinyos-main//tos/chips/msp430/usart/Msp430SpiNoDmaP.nc" name="Msp430SpiConfigure" provided="0" ref="0x2ac2c3a889d8">
      <component-ref nicename="Msp430SpiNoDmaP" qname="Msp430SpiNoDmaP"/>
      <type-interface alignment="I:2" size="I:2"><interface-ref name="Msp430SpiConfigure" ref="0x2ac2c3a889d8" scoped=""/></type-interface>
      <instance>
        <interfacedef-ref nicename="Msp430SpiConfigure" qname="Msp430SpiConfigure"/>
      </instance>
      <interface-parameters>
        <type-int alignment="I:1" cname="unsigned char" size="I:1" unsigned="">
          <typename><typedef-ref name="uint8_t" ref="0x2ac2c209a790"/></typename>
        </type-int>
      </interface-parameters>
      <interface-functions>
        <function-ref name="getConfig" ref="0x2ac2c3a88d28" scoped=""/>
      </interface-functions>
    </interface><interface loc="77:/home/kasper/tinyos-main//tos/chips/msp430/usart/Msp430SpiNoDmaP.nc" name="SpiByte" provided="1" ref="0x2ac2c3a8c2f0">
      <component-ref nicename="Msp430SpiNoDmaP" qname="Msp430SpiNoDmaP"/>
      <type-interface alignment="I:2" size="I:2"><interface-ref name="SpiByte" ref="0x2ac2c3a8c2f0" scoped=""/></type-interface>
      <instance>
        <interfacedef-ref nicename="SpiByte" qname="SpiByte"/>
      </instance>
      <interface-functions>
        <function-ref name="write" ref="0x2ac2c3a8c640" scoped=""/>
      </interface-functions>
    </interface><interface loc="83:/home/kasper/tinyos-main//tos/chips/msp430/usart/Msp430SpiNoDmaP.nc" name="Usart" provided="0" ref="0x2ac2c3a6b7c8">
      <component-ref nicename="Msp430SpiNoDmaP" qname="Msp430SpiNoDmaP"/>
      <type-interface alignment="I:2" size="I:2"><interface-ref name="Usart" ref="0x2ac2c3a6b7c8" scoped=""/></type-interface>
      <instance>
        <interfacedef-ref nicename="HplMsp430Usart" qname="HplMsp430Usart"/>
      </instance>
      <interface-functions>
        <function-ref name="isTxEmpty" ref="0x2ac2c3a6bb18" scoped=""/>
        <function-ref name="enableUartRx" ref="0x2ac2c3a6bca0" scoped=""/>
        <function-ref name="setUctl" ref="0x2ac2c3a6be28" scoped=""/>
        <function-ref name="enableUart" ref="0x2ac2c3a86020" scoped=""/>
        <function-ref name="setUrctl" ref="0x2ac2c3a861a8" scoped=""/>
        <function-ref name="enableRxIntr" ref="0x2ac2c3a86330" scoped=""/>
        <function-ref name="clrRxIntr" ref="0x2ac2c3a864b8" scoped=""/>
        <function-ref name="getUtctl" ref="0x2ac2c3a86640" scoped=""/>
        <function-ref name="getUrctl" ref="0x2ac2c3a867c8" scoped=""/>
        <function-ref name="resetUsart" ref="0x2ac2c3a86950" scoped=""/>
        <function-ref name="getUmctl" ref="0x2ac2c3a86ad8" scoped=""/>
        <function-ref name="disableIntr" ref="0x2ac2c3a86c60" scoped=""/>
        <function-ref name="setUtctl" ref="0x2ac2c3a86de8" scoped=""/>
        <function-ref name="getUbr" ref="0x2ac2c3a85120" scoped=""/>
        <function-ref name="enableTxIntr" ref="0x2ac2c3a852a8" scoped=""/>
        <function-ref name="setUmctl" ref="0x2ac2c3a85430" scoped=""/>
        <function-ref name="isUartRx" ref="0x2ac2c3a855b8" scoped=""/>
        <function-ref name="isUart" ref="0x2ac2c3a85740" scoped=""/>
        <function-ref name="disableRxIntr" ref="0x2ac2c3a858c8" scoped=""/>
        <function-ref name="isSpi" ref="0x2ac2c3a85a50" scoped=""/>
        <function-ref name="enableUartTx" ref="0x2ac2c3a85bd8" scoped=""/>
        <function-ref name="disableTxIntr" ref="0x2ac2c3a85d60" scoped=""/>
        <function-ref name="disableUartRx" ref="0x2ac2c3ab8020" scoped=""/>
        <function-ref name="enableIntr" ref="0x2ac2c3ab81a8" scoped=""/>
        <function-ref name="getMode" ref="0x2ac2c3ab8330" scoped=""/>
        <function-ref name="isTxIntrPending" ref="0x2ac2c3ab86b8" scoped=""/>
        <function-ref name="clrIntr" ref="0x2ac2c3ab8840" scoped=""/>
        <function-ref name="setUbr" ref="0x2ac2c3ab89c8" scoped=""/>
        <function-ref name="tx" ref="0x2ac2c3ab8b50" scoped=""/>
        <function-ref name="getUctl" ref="0x2ac2c3ab8cd8" scoped=""/>
        <function-ref name="disableUart" ref="0x2ac2c3ab8e60" scoped=""/>
        <function-ref name="enableSpi" ref="0x2ac2c3ab7020" scoped=""/>
        <function-ref name="setModeUart" ref="0x2ac2c3ab71a8" scoped=""/>
        <function-ref name="setModeSpi" ref="0x2ac2c3ab7330" scoped=""/>
        <function-ref name="rx" ref="0x2ac2c3ab74b8" scoped=""/>
        <function-ref name="isRxIntrPending" ref="0x2ac2c3ab7640" scoped=""/>
        <function-ref name="isUartTx" ref="0x2ac2c3ab77c8" scoped=""/>
        <function-ref name="clrTxIntr" ref="0x2ac2c3ab7950" scoped=""/>
        <function-ref name="disableSpi" ref="0x2ac2c3ab7ad8" scoped=""/>
        <function-ref name="disableUartTx" ref="0x2ac2c3ab7c60" scoped=""/>
      </interface-functions>
    </interface><interface loc="85:/home/kasper/tinyos-main//tos/chips/msp430/usart/Msp430SpiNoDmaP.nc" name="Leds" provided="0" ref="0x2ac2c3ab6888">
      <component-ref nicename="Msp430SpiNoDmaP" qname="Msp430SpiNoDmaP"/>
      <type-interface alignment="I:2" size="I:2"><interface-ref name="Leds" ref="0x2ac2c3ab6888" scoped=""/></type-interface>
      <instance>
        <interfacedef-ref nicename="Leds" qname="Leds"/>
      </instance>
      <interface-functions>
        <function-ref name="led0Off" ref="0x2ac2c3ab6bd8" scoped=""/>
        <function-ref name="led0Toggle" ref="0x2ac2c3ab6d60" scoped=""/>
        <function-ref name="led1On" ref="0x2ac2c3ab5020" scoped=""/>
        <function-ref name="led1Toggle" ref="0x2ac2c3ab51a8" scoped=""/>
        <function-ref name="led2Toggle" ref="0x2ac2c3ab5330" scoped=""/>
        <function-ref name="get" ref="0x2ac2c3ab54b8" scoped=""/>
        <function-ref name="led1Off" ref="0x2ac2c3ab5640" scoped=""/>
        <function-ref name="led2Off" ref="0x2ac2c3ab5c60" scoped=""/>
        <function-ref name="set" ref="0x2ac2c3ab57c8" scoped=""/>
        <function-ref name="led0On" ref="0x2ac2c3ab5950" scoped=""/>
        <function-ref name="led2On" ref="0x2ac2c3ab5ad8" scoped=""/>
      </interface-functions>
    </interface><interface loc="81:/home/kasper/tinyos-main//tos/chips/msp430/usart/Msp430SpiNoDmaP.nc" name="UsartResource" provided="0" ref="0x2ac2c3a89730">
      <component-ref nicename="Msp430SpiNoDmaP" qname="Msp430SpiNoDmaP"/>
      <type-interface alignment="I:2" size="I:2"><interface-ref name="UsartResource" ref="0x2ac2c3a89730" scoped=""/></type-interface>
      <instance>
        <interfacedef-ref nicename="Resource" qname="Resource"/>
      </instance>
      <interface-parameters>
        <type-int alignment="I:1" cname="unsigned char" size="I:1" unsigned="">
          <typename><typedef-ref name="uint8_t" ref="0x2ac2c209a790"/></typename>
        </type-int>
      </interface-parameters>
      <interface-functions>
        <function-ref name="release" ref="0x2ac2c3a89a80" scoped=""/>
        <function-ref name="immediateRequest" ref="0x2ac2c3a89c08" scoped=""/>
        <function-ref name="request" ref="0x2ac2c3a89d90" scoped=""/>
        <function-ref name="granted" ref="0x2ac2c3a88020" scoped=""/>
        <function-ref name="isOwner" ref="0x2ac2c3a881a8" scoped=""/>
      </interface-functions>
    </interface><interface loc="75:/home/kasper/tinyos-main//tos/chips/msp430/usart/Msp430SpiNoDmaP.nc" name="Resource" provided="1" ref="0x2ac2c3a8e6a8">
      <component-ref nicename="Msp430SpiNoDmaP" qname="Msp430SpiNoDmaP"/>
      <type-interface alignment="I:2" size="I:2"><interface-ref name="Resource" ref="0x2ac2c3a8e6a8" scoped=""/></type-interface>
      <instance>
        <interfacedef-ref nicename="Resource" qname="Resource"/>
      </instance>
      <interface-parameters>
        <type-int alignment="I:1" cname="unsigned char" size="I:1" unsigned="">
          <typename><typedef-ref name="uint8_t" ref="0x2ac2c209a790"/></typename>
        </type-int>
      </interface-parameters>
      <interface-functions>
        <function-ref name="release" ref="0x2ac2c3a8e9f8" scoped=""/>
        <function-ref name="immediateRequest" ref="0x2ac2c3a8eb80" scoped=""/>
        <function-ref name="request" ref="0x2ac2c3a8ed08" scoped=""/>
        <function-ref name="granted" ref="0x2ac2c3a8d020" scoped=""/>
        <function-ref name="isOwner" ref="0x2ac2c3a8d1a8" scoped=""/>
      </interface-functions>
    </interface><interface loc="78:/home/kasper/tinyos-main//tos/chips/msp430/usart/Msp430SpiNoDmaP.nc" name="FastSpiByte" provided="1" ref="0x2ac2c3a8c938">
      <component-ref nicename="Msp430SpiNoDmaP" qname="Msp430SpiNoDmaP"/>
      <type-interface alignment="I:2" size="I:2"><interface-ref name="FastSpiByte" ref="0x2ac2c3a8c938" scoped=""/></type-interface>
      <instance>
        <interfacedef-ref nicename="FastSpiByte" qname="FastSpiByte"/>
      </instance>
      <interface-functions>
        <function-ref name="splitWrite" ref="0x2ac2c3a8cc88" scoped=""/>
        <function-ref name="splitReadWrite" ref="0x2ac2c3a8ce10" scoped=""/>
        <function-ref name="splitRead" ref="0x2ac2c3a8b020" scoped=""/>
        <function-ref name="write" ref="0x2ac2c3a8b1a8" scoped=""/>
      </interface-functions>
    </interface><interface loc="84:/home/kasper/tinyos-main//tos/chips/msp430/usart/Msp430SpiNoDmaP.nc" name="UsartInterrupts" provided="0" ref="0x2ac2c3ab60f8">
      <component-ref nicename="Msp430SpiNoDmaP" qname="Msp430SpiNoDmaP"/>
      <type-interface alignment="I:2" size="I:2"><interface-ref name="UsartInterrupts" ref="0x2ac2c3ab60f8" scoped=""/></type-interface>
      <instance>
        <interfacedef-ref nicename="HplMsp430UsartInterrupts" qname="HplMsp430UsartInterrupts"/>
      </instance>
      <interface-functions>
        <function-ref name="rxDone" ref="0x2ac2c3ab6448" scoped=""/>
        <function-ref name="txDone" ref="0x2ac2c3ab65d0" scoped=""/>
      </interface-functions>
    </interface><interface loc="102:/home/kasper/tinyos-main//tos/chips/msp430/usart/Msp430SpiNoDmaP.nc" name="signalDone_task" provided="0" ref="0x2ac2c3ab0388">
      <component-ref nicename="Msp430SpiNoDmaP" qname="Msp430SpiNoDmaP"/>
      <type-interface alignment="I:2" size="I:2"><interface-ref name="signalDone_task" ref="0x2ac2c3ab0388" scoped=""/></type-interface>
      <instance>
        <interfacedef-ref nicename="TaskBasic" qname="TaskBasic"/>
      </instance>
      <interface-functions>
        <function-ref name="postTask" ref="0x2ac2c3ab06d8" scoped=""/>
        <function-ref name="runTask" ref="0x2ac2c3ab0860" scoped=""/>
      </interface-functions>
    </interface></specification><referenced/></component>