<?xml version="1.0" ?><component abstract="" loc="40:/home/kasper/tinyos-main//tos/chips/msp430/usart/Msp430Usart1C.nc" nicename="Msp430Usart1C" qname="Msp430Usart1C">
      <documentation loc="32:/home/kasper/tinyos-main//tos/chips/msp430/usart/Msp430Usart1C.nc">
        <short>
 Provides an interface for USART1 on the MSP430.</short>
        <long>
 Provides an interface for USART1 on the MSP430.

 @author Vlado Handziski &lt;handisk@tkn.tu-berlin.de&gt;
 @author Jonathan Hui &lt;jhui@archedrock.com&gt;
 @version $Revision: 1.5 $ $Date: 2008-05-21 22:11:57 $
</long>
      </documentation>
      <parameters>
      </parameters>
      <configuration/>
      <wiring>
        <wire loc="60:/home/kasper/tinyos-main//tos/chips/msp430/usart/Msp430Usart1C.nc">
          <from><interface-ref name="ResourceRequested" ref="0x2ac2c45411d0" scoped=""/></from>
          <to><interface-ref name="ResourceRequested" ref="0x2ac2c45344d0" scoped=""/>
          <arguments>
            <value cst="U:">
              <type-int alignment="I:2" cname="int" size="I:2"/>
            </value>
          </arguments>
          </to>
        </wire>
        <wire loc="63:/home/kasper/tinyos-main//tos/chips/msp430/usart/Msp430Usart1C.nc">
          <from><interface-ref name="HplMsp430UsartInterrupts" ref="0x2ac2c453b9c0" scoped=""/></from>
          <to><interface-ref name="Interrupts" ref="0x2ac2c4536618" scoped=""/>
          <arguments>
            <value cst="U:">
              <type-int alignment="I:2" cname="int" size="I:2"/>
            </value>
          </arguments>
          </to>
        </wire>
        <wire loc="59:/home/kasper/tinyos-main//tos/chips/msp430/usart/Msp430Usart1C.nc">
          <from><interface-ref name="Resource" ref="0x2ac2c45424d0" scoped=""/></from>
          <to><interface-ref name="Resource" ref="0x2ac2c4535300" scoped=""/>
          <arguments>
            <value cst="U:">
              <type-int alignment="I:2" cname="int" size="I:2"/>
            </value>
          </arguments>
          </to>
        </wire>
        <wire loc="66:/home/kasper/tinyos-main//tos/chips/msp430/usart/Msp430Usart1C.nc">
          <from><interface-ref name="HplMsp430Usart" ref="0x2ac2c45401c0" scoped=""/></from>
          <to><interface-ref name="HplMsp430Usart" ref="0x2ac2c4476ce0" scoped=""/></to>
        </wire>
        <wire loc="62:/home/kasper/tinyos-main//tos/chips/msp430/usart/Msp430Usart1C.nc">
          <from><interface-ref name="ArbiterInfo" ref="0x2ac2c45419a0" scoped=""/></from>
          <to><interface-ref name="ArbiterInfo" ref="0x2ac2c4534ca0" scoped=""/></to>
        </wire>
        <wire loc="61:/home/kasper/tinyos-main//tos/chips/msp430/usart/Msp430Usart1C.nc">
          <from><interface-ref name="ResourceConfigure" ref="0x2ac2c45339d0" scoped=""/>
          <arguments>
            <value cst="U:">
              <type-int alignment="I:2" cname="int" size="I:2"/>
            </value>
          </arguments>
          </from>
          <to><interface-ref name="ResourceConfigure" ref="0x2ac2c453a358" scoped=""/></to>
        </wire>
      </wiring>
    <specification><interface loc="43:/home/kasper/tinyos-main//tos/chips/msp430/usart/Msp430Usart1C.nc" name="ResourceRequested" provided="1" ref="0x2ac2c45411d0">
      <component-ref nicename="Msp430Usart1C" qname="Msp430Usart1C"/>
      <type-interface alignment="I:2" size="I:2"><interface-ref name="ResourceRequested" ref="0x2ac2c45411d0" scoped=""/></type-interface>
      <instance>
        <interfacedef-ref nicename="ResourceRequested" qname="ResourceRequested"/>
      </instance>
      <interface-functions>
        <function-ref name="requested" ref="0x2ac2c4541520" scoped=""/>
        <function-ref name="immediateRequested" ref="0x2ac2c45416a8" scoped=""/>
      </interface-functions>
    </interface><interface loc="48:/home/kasper/tinyos-main//tos/chips/msp430/usart/Msp430Usart1C.nc" name="ResourceConfigure" provided="0" ref="0x2ac2c453a358">
      <component-ref nicename="Msp430Usart1C" qname="Msp430Usart1C"/>
      <type-interface alignment="I:2" size="I:2"><interface-ref name="ResourceConfigure" ref="0x2ac2c453a358" scoped=""/></type-interface>
      <instance>
        <interfacedef-ref nicename="ResourceConfigure" qname="ResourceConfigure"/>
      </instance>
      <interface-functions>
        <function-ref name="unconfigure" ref="0x2ac2c453a6a8" scoped=""/>
        <function-ref name="configure" ref="0x2ac2c453a830" scoped=""/>
      </interface-functions>
    </interface><interface loc="46:/home/kasper/tinyos-main//tos/chips/msp430/usart/Msp430Usart1C.nc" name="HplMsp430UsartInterrupts" provided="1" ref="0x2ac2c453b9c0">
      <component-ref nicename="Msp430Usart1C" qname="Msp430Usart1C"/>
      <type-interface alignment="I:2" size="I:2"><interface-ref name="HplMsp430UsartInterrupts" ref="0x2ac2c453b9c0" scoped=""/></type-interface>
      <instance>
        <interfacedef-ref nicename="HplMsp430UsartInterrupts" qname="HplMsp430UsartInterrupts"/>
      </instance>
      <interface-functions>
        <function-ref name="rxDone" ref="0x2ac2c453bd10" scoped=""/>
        <function-ref name="txDone" ref="0x2ac2c453a020" scoped=""/>
      </interface-functions>
    </interface><interface loc="42:/home/kasper/tinyos-main//tos/chips/msp430/usart/Msp430Usart1C.nc" name="Resource" provided="1" ref="0x2ac2c45424d0">
      <component-ref nicename="Msp430Usart1C" qname="Msp430Usart1C"/>
      <type-interface alignment="I:2" size="I:2"><interface-ref name="Resource" ref="0x2ac2c45424d0" scoped=""/></type-interface>
      <instance>
        <interfacedef-ref nicename="Resource" qname="Resource"/>
      </instance>
      <interface-functions>
        <function-ref name="release" ref="0x2ac2c4542820" scoped=""/>
        <function-ref name="immediateRequest" ref="0x2ac2c45429a8" scoped=""/>
        <function-ref name="request" ref="0x2ac2c4542b30" scoped=""/>
        <function-ref name="granted" ref="0x2ac2c4542cb8" scoped=""/>
        <function-ref name="isOwner" ref="0x2ac2c4542e40" scoped=""/>
      </interface-functions>
    </interface><interface loc="45:/home/kasper/tinyos-main//tos/chips/msp430/usart/Msp430Usart1C.nc" name="HplMsp430Usart" provided="1" ref="0x2ac2c45401c0">
      <component-ref nicename="Msp430Usart1C" qname="Msp430Usart1C"/>
      <type-interface alignment="I:2" size="I:2"><interface-ref name="HplMsp430Usart" ref="0x2ac2c45401c0" scoped=""/></type-interface>
      <instance>
        <interfacedef-ref nicename="HplMsp430Usart" qname="HplMsp430Usart"/>
      </instance>
      <interface-functions>
        <function-ref name="isTxEmpty" ref="0x2ac2c4540510" scoped=""/>
        <function-ref name="enableUartRx" ref="0x2ac2c4540698" scoped=""/>
        <function-ref name="setUctl" ref="0x2ac2c4540820" scoped=""/>
        <function-ref name="enableUart" ref="0x2ac2c45409a8" scoped=""/>
        <function-ref name="setUrctl" ref="0x2ac2c4540b30" scoped=""/>
        <function-ref name="enableRxIntr" ref="0x2ac2c4540cb8" scoped=""/>
        <function-ref name="clrRxIntr" ref="0x2ac2c4540e40" scoped=""/>
        <function-ref name="getUtctl" ref="0x2ac2c453e020" scoped=""/>
        <function-ref name="getUrctl" ref="0x2ac2c453e1a8" scoped=""/>
        <function-ref name="resetUsart" ref="0x2ac2c453e330" scoped=""/>
        <function-ref name="getUmctl" ref="0x2ac2c453e4b8" scoped=""/>
        <function-ref name="disableIntr" ref="0x2ac2c453e640" scoped=""/>
        <function-ref name="setUtctl" ref="0x2ac2c453e7c8" scoped=""/>
        <function-ref name="getUbr" ref="0x2ac2c453ea50" scoped=""/>
        <function-ref name="enableTxIntr" ref="0x2ac2c453ebd8" scoped=""/>
        <function-ref name="setUmctl" ref="0x2ac2c453ed60" scoped=""/>
        <function-ref name="isUartRx" ref="0x2ac2c453d020" scoped=""/>
        <function-ref name="isUart" ref="0x2ac2c453d1a8" scoped=""/>
        <function-ref name="disableRxIntr" ref="0x2ac2c453d330" scoped=""/>
        <function-ref name="isSpi" ref="0x2ac2c453d4b8" scoped=""/>
        <function-ref name="enableUartTx" ref="0x2ac2c453d640" scoped=""/>
        <function-ref name="disableTxIntr" ref="0x2ac2c453d7c8" scoped=""/>
        <function-ref name="disableUartRx" ref="0x2ac2c453d950" scoped=""/>
        <function-ref name="enableIntr" ref="0x2ac2c453dad8" scoped=""/>
        <function-ref name="getMode" ref="0x2ac2c453dc60" scoped=""/>
        <function-ref name="isTxIntrPending" ref="0x2ac2c453c020" scoped=""/>
        <function-ref name="clrIntr" ref="0x2ac2c453c1a8" scoped=""/>
        <function-ref name="setUbr" ref="0x2ac2c453c330" scoped=""/>
        <function-ref name="tx" ref="0x2ac2c453c4b8" scoped=""/>
        <function-ref name="getUctl" ref="0x2ac2c453c640" scoped=""/>
        <function-ref name="disableUart" ref="0x2ac2c453c7c8" scoped=""/>
        <function-ref name="enableSpi" ref="0x2ac2c453c950" scoped=""/>
        <function-ref name="setModeUart" ref="0x2ac2c453cad8" scoped=""/>
        <function-ref name="setModeSpi" ref="0x2ac2c453cc60" scoped=""/>
        <function-ref name="rx" ref="0x2ac2c453cde8" scoped=""/>
        <function-ref name="isRxIntrPending" ref="0x2ac2c453b020" scoped=""/>
        <function-ref name="isUartTx" ref="0x2ac2c453b1a8" scoped=""/>
        <function-ref name="clrTxIntr" ref="0x2ac2c453b330" scoped=""/>
        <function-ref name="disableSpi" ref="0x2ac2c453b4b8" scoped=""/>
        <function-ref name="disableUartTx" ref="0x2ac2c453b640" scoped=""/>
      </interface-functions>
    </interface><interface loc="44:/home/kasper/tinyos-main//tos/chips/msp430/usart/Msp430Usart1C.nc" name="ArbiterInfo" provided="1" ref="0x2ac2c45419a0">
      <component-ref nicename="Msp430Usart1C" qname="Msp430Usart1C"/>
      <type-interface alignment="I:2" size="I:2"><interface-ref name="ArbiterInfo" ref="0x2ac2c45419a0" scoped=""/></type-interface>
      <instance>
        <interfacedef-ref nicename="ArbiterInfo" qname="ArbiterInfo"/>
      </instance>
      <interface-functions>
        <function-ref name="inUse" ref="0x2ac2c4541cf0" scoped=""/>
        <function-ref name="userId" ref="0x2ac2c4541e78" scoped=""/>
      </interface-functions>
    </interface></specification><referenced><interface loc="43:/home/kasper/tinyos-main//tos/chips/msp430/usart/Msp430UsartShare1P.nc" name="ArbiterInfo" provided="1" ref="0x2ac2c4534ca0">
      <component-ref nicename="Msp430UsartShare1P" qname="Msp430UsartShare1P"/>
      <type-interface alignment="I:2" size="I:2"><interface-ref name="ArbiterInfo" ref="0x2ac2c4534ca0" scoped=""/></type-interface>
      <instance>
        <interfacedef-ref nicename="ArbiterInfo" qname="ArbiterInfo"/>
      </instance>
      <interface-functions>
        <function-ref name="inUse" ref="0x2ac2c4533020" scoped=""/>
        <function-ref name="userId" ref="0x2ac2c45331a8" scoped=""/>
      </interface-functions>
    </interface><interface loc="77:/home/kasper/tinyos-main//tos/chips/msp430/usart/HplMsp430Usart1C.nc" name="HplMsp430Usart" provided="1" ref="0x2ac2c4476ce0">
      <component-ref nicename="HplMsp430Usart1C" qname="HplMsp430Usart1C"/>
      <type-interface alignment="I:2" size="I:2"><interface-ref name="HplMsp430Usart" ref="0x2ac2c4476ce0" scoped=""/></type-interface>
      <instance>
        <interfacedef-ref nicename="HplMsp430Usart" qname="HplMsp430Usart"/>
      </instance>
      <interface-functions>
        <function-ref name="isTxEmpty" ref="0x2ac2c44790a0" scoped=""/>
        <function-ref name="enableUartRx" ref="0x2ac2c4479228" scoped=""/>
        <function-ref name="setUctl" ref="0x2ac2c44793b0" scoped=""/>
        <function-ref name="enableUart" ref="0x2ac2c4479538" scoped=""/>
        <function-ref name="setUrctl" ref="0x2ac2c44796c0" scoped=""/>
        <function-ref name="enableRxIntr" ref="0x2ac2c4479848" scoped=""/>
        <function-ref name="clrRxIntr" ref="0x2ac2c44799d0" scoped=""/>
        <function-ref name="getUtctl" ref="0x2ac2c4479b58" scoped=""/>
        <function-ref name="getUrctl" ref="0x2ac2c4479ce0" scoped=""/>
        <function-ref name="resetUsart" ref="0x2ac2c4479e68" scoped=""/>
        <function-ref name="getUmctl" ref="0x2ac2c4478020" scoped=""/>
        <function-ref name="disableIntr" ref="0x2ac2c44781a8" scoped=""/>
        <function-ref name="setUtctl" ref="0x2ac2c4478330" scoped=""/>
        <function-ref name="getUbr" ref="0x2ac2c44785b8" scoped=""/>
        <function-ref name="enableTxIntr" ref="0x2ac2c4478740" scoped=""/>
        <function-ref name="setUmctl" ref="0x2ac2c44788c8" scoped=""/>
        <function-ref name="isUartRx" ref="0x2ac2c4478a50" scoped=""/>
        <function-ref name="isUart" ref="0x2ac2c4478bd8" scoped=""/>
        <function-ref name="disableRxIntr" ref="0x2ac2c4478d60" scoped=""/>
        <function-ref name="isSpi" ref="0x2ac2c4475020" scoped=""/>
        <function-ref name="enableUartTx" ref="0x2ac2c44751a8" scoped=""/>
        <function-ref name="disableTxIntr" ref="0x2ac2c4475330" scoped=""/>
        <function-ref name="disableUartRx" ref="0x2ac2c44754b8" scoped=""/>
        <function-ref name="enableIntr" ref="0x2ac2c4475640" scoped=""/>
        <function-ref name="getMode" ref="0x2ac2c44757c8" scoped=""/>
        <function-ref name="isTxIntrPending" ref="0x2ac2c4475b50" scoped=""/>
        <function-ref name="clrIntr" ref="0x2ac2c4475cd8" scoped=""/>
        <function-ref name="setUbr" ref="0x2ac2c4475e60" scoped=""/>
        <function-ref name="tx" ref="0x2ac2c4474020" scoped=""/>
        <function-ref name="getUctl" ref="0x2ac2c44741a8" scoped=""/>
        <function-ref name="disableUart" ref="0x2ac2c4474330" scoped=""/>
        <function-ref name="enableSpi" ref="0x2ac2c44744b8" scoped=""/>
        <function-ref name="setModeUart" ref="0x2ac2c4474640" scoped=""/>
        <function-ref name="setModeSpi" ref="0x2ac2c44747c8" scoped=""/>
        <function-ref name="rx" ref="0x2ac2c4474950" scoped=""/>
        <function-ref name="isRxIntrPending" ref="0x2ac2c4474ad8" scoped=""/>
        <function-ref name="isUartTx" ref="0x2ac2c4474c60" scoped=""/>
        <function-ref name="clrTxIntr" ref="0x2ac2c4474de8" scoped=""/>
        <function-ref name="disableSpi" ref="0x2ac2c4473020" scoped=""/>
        <function-ref name="disableUartTx" ref="0x2ac2c44731a8" scoped=""/>
      </interface-functions>
    </interface><interface loc="42:/home/kasper/tinyos-main//tos/chips/msp430/usart/Msp430UsartShare1P.nc" name="ResourceRequested" provided="1" ref="0x2ac2c45344d0">
      <component-ref nicename="Msp430UsartShare1P" qname="Msp430UsartShare1P"/>
      <type-interface alignment="I:2" size="I:2"><interface-ref name="ResourceRequested" ref="0x2ac2c45344d0" scoped=""/></type-interface>
      <instance>
        <interfacedef-ref nicename="ResourceRequested" qname="ResourceRequested"/>
      </instance>
      <interface-parameters>
        <type-int alignment="I:1" cname="unsigned char" size="I:1" unsigned="">
          <typename><typedef-ref name="uint8_t" ref="0x2ac2c209a790"/></typename>
        </type-int>
      </interface-parameters>
      <interface-functions>
        <function-ref name="requested" ref="0x2ac2c4534820" scoped=""/>
        <function-ref name="immediateRequested" ref="0x2ac2c45349a8" scoped=""/>
      </interface-functions>
    </interface><interface loc="45:/home/kasper/tinyos-main//tos/chips/msp430/usart/Msp430UsartShare1P.nc" name="ResourceConfigure" provided="0" ref="0x2ac2c45339d0">
      <component-ref nicename="Msp430UsartShare1P" qname="Msp430UsartShare1P"/>
      <type-interface alignment="I:2" size="I:2"><interface-ref name="ResourceConfigure" ref="0x2ac2c45339d0" scoped=""/></type-interface>
      <instance>
        <interfacedef-ref nicename="ResourceConfigure" qname="ResourceConfigure"/>
      </instance>
      <interface-parameters>
        <type-int alignment="I:1" cname="unsigned char" size="I:1" unsigned="">
          <typename><typedef-ref name="uint8_t" ref="0x2ac2c209a790"/></typename>
        </type-int>
      </interface-parameters>
      <interface-functions>
        <function-ref name="unconfigure" ref="0x2ac2c4533d20" scoped=""/>
        <function-ref name="configure" ref="0x2ac2c4531020" scoped=""/>
      </interface-functions>
    </interface><interface loc="41:/home/kasper/tinyos-main//tos/chips/msp430/usart/Msp430UsartShare1P.nc" name="Resource" provided="1" ref="0x2ac2c4535300">
      <component-ref nicename="Msp430UsartShare1P" qname="Msp430UsartShare1P"/>
      <type-interface alignment="I:2" size="I:2"><interface-ref name="Resource" ref="0x2ac2c4535300" scoped=""/></type-interface>
      <instance>
        <interfacedef-ref nicename="Resource" qname="Resource"/>
      </instance>
      <interface-parameters>
        <type-int alignment="I:1" cname="unsigned char" size="I:1" unsigned="">
          <typename><typedef-ref name="uint8_t" ref="0x2ac2c209a790"/></typename>
        </type-int>
      </interface-parameters>
      <interface-functions>
        <function-ref name="release" ref="0x2ac2c4535650" scoped=""/>
        <function-ref name="immediateRequest" ref="0x2ac2c45357d8" scoped=""/>
        <function-ref name="request" ref="0x2ac2c4535960" scoped=""/>
        <function-ref name="granted" ref="0x2ac2c4535ae8" scoped=""/>
        <function-ref name="isOwner" ref="0x2ac2c4535c70" scoped=""/>
      </interface-functions>
    </interface><interface loc="40:/home/kasper/tinyos-main//tos/chips/msp430/usart/Msp430UsartShare1P.nc" name="Interrupts" provided="1" ref="0x2ac2c4536618">
      <component-ref nicename="Msp430UsartShare1P" qname="Msp430UsartShare1P"/>
      <type-interface alignment="I:2" size="I:2"><interface-ref name="Interrupts" ref="0x2ac2c4536618" scoped=""/></type-interface>
      <instance>
        <interfacedef-ref nicename="HplMsp430UsartInterrupts" qname="HplMsp430UsartInterrupts"/>
      </instance>
      <interface-parameters>
        <type-int alignment="I:1" cname="unsigned char" size="I:1" unsigned="">
          <typename><typedef-ref name="uint8_t" ref="0x2ac2c209a790"/></typename>
        </type-int>
      </interface-parameters>
      <interface-functions>
        <function-ref name="rxDone" ref="0x2ac2c4536968" scoped=""/>
        <function-ref name="txDone" ref="0x2ac2c4536af0" scoped=""/>
      </interface-functions>
    </interface><component loc="74:/home/kasper/tinyos-main//tos/chips/msp430/usart/HplMsp430Usart1C.nc" nicename="HplMsp430Usart1C" qname="HplMsp430Usart1C">
      <documentation loc="31:/home/kasper/tinyos-main//tos/chips/msp430/usart/msp430usart.h">
        <short>
 </short>
        <long>
 @author Vlado Handziski &lt;handzisk@tkn.tu-berlin.de&gt;
 @author Philipp Huppertz &lt;huppertz@tkn.tu-berlin.de&gt;
</long>
      </documentation>
      <configuration/>
      <wiring>
        <wire loc="89:/home/kasper/tinyos-main//tos/chips/msp430/usart/HplMsp430Usart1C.nc">
          <from><interface-ref name="HplMsp430UsartInterrupts" ref="0x2ac2c4473528" scoped=""/></from>
          <to><interface-ref name="Interrupts" ref="0x2ac2c446b8e0" scoped=""/></to>
        </wire>
        <wire loc="87:/home/kasper/tinyos-main//tos/chips/msp430/usart/HplMsp430Usart1C.nc">
          <from><interface-ref name="AsyncStdControl" ref="0x2ac2c44764f0" scoped=""/></from>
          <to><interface-ref name="AsyncStdControl" ref="0x2ac2c44727d0" scoped=""/></to>
        </wire>
        <wire loc="88:/home/kasper/tinyos-main//tos/chips/msp430/usart/HplMsp430Usart1C.nc">
          <from><interface-ref name="HplMsp430Usart" ref="0x2ac2c4476ce0" scoped=""/></from>
          <to><interface-ref name="Usart" ref="0x2ac2c446f060" scoped=""/></to>
        </wire>
        <wire loc="91:/home/kasper/tinyos-main//tos/chips/msp430/usart/HplMsp430Usart1C.nc">
          <from><interface-ref name="SIMO" ref="0x2ac2c44691e8" scoped=""/></from>
          <to><interface-ref name="SIMO1" ref="0x2ac2c30e4560" scoped=""/></to>
        </wire>
        <wire loc="92:/home/kasper/tinyos-main//tos/chips/msp430/usart/HplMsp430Usart1C.nc">
          <from><interface-ref name="SOMI" ref="0x2ac2c4467020" scoped=""/></from>
          <to><interface-ref name="SOMI1" ref="0x2ac2c30e2560" scoped=""/></to>
        </wire>
        <wire loc="93:/home/kasper/tinyos-main//tos/chips/msp430/usart/HplMsp430Usart1C.nc">
          <from><interface-ref name="UCLK" ref="0x2ac2c4466e00" scoped=""/></from>
          <to><interface-ref name="UCLK1" ref="0x2ac2c30e0560" scoped=""/></to>
        </wire>
        <wire loc="94:/home/kasper/tinyos-main//tos/chips/msp430/usart/HplMsp430Usart1C.nc">
          <from><interface-ref name="URXD" ref="0x2ac2c44dac78" scoped=""/></from>
          <to><interface-ref name="URXD1" ref="0x2ac2c3104560" scoped=""/></to>
        </wire>
        <wire loc="95:/home/kasper/tinyos-main//tos/chips/msp430/usart/HplMsp430Usart1C.nc">
          <from><interface-ref name="UTXD" ref="0x2ac2c44d8af0" scoped=""/></from>
          <to><interface-ref name="UTXD1" ref="0x2ac2c30de560" scoped=""/></to>
        </wire>
      </wiring>
    </component><component loc="38:/home/kasper/tinyos-main//tos/chips/msp430/usart/Msp430UsartShare1P.nc" nicename="Msp430UsartShare1P" qname="Msp430UsartShare1P">
      <documentation loc="32:/home/kasper/tinyos-main//tos/chips/msp430/usart/Msp430UsartShare1P.nc">
        <short>
 </short>
        <long>
 @author Vlado Handziski &lt;handzisk@tkn.tu-berlin.de&gt;
 @author Jonathan Hui &lt;jhui@archedrock.com&gt;
 @version $Revision: 1.6 $ $Date: 2008-05-21 22:11:57 $
</long>
      </documentation>
      <configuration/>
      <wiring>
        <wire loc="56:/home/kasper/tinyos-main//tos/chips/msp430/usart/Msp430UsartShare1P.nc">
          <from><interface-ref name="ResourceRequested" ref="0x2ac2c45344d0" scoped=""/></from>
          <to><interface-ref name="ResourceRequested" ref="0x2ac2c452b698" scoped=""/></to>
        </wire>
        <wire loc="51:/home/kasper/tinyos-main//tos/chips/msp430/usart/Msp430UsartShare1P.nc">
          <from><interface-ref name="Interrupts" ref="0x2ac2c4536618" scoped=""/></from>
          <to><interface-ref name="Interrupts" ref="0x2ac2c4530140" scoped=""/></to>
        </wire>
        <wire loc="55:/home/kasper/tinyos-main//tos/chips/msp430/usart/Msp430UsartShare1P.nc">
          <from><interface-ref name="Resource" ref="0x2ac2c4535300" scoped=""/></from>
          <to><interface-ref name="Resource" ref="0x2ac2c452c908" scoped=""/></to>
        </wire>
        <wire loc="58:/home/kasper/tinyos-main//tos/chips/msp430/usart/Msp430UsartShare1P.nc">
          <from><interface-ref name="ArbiterInfo" ref="0x2ac2c4534ca0" scoped=""/></from>
          <to><interface-ref name="ArbiterInfo" ref="0x2ac2c45299d8" scoped=""/></to>
        </wire>
        <wire loc="52:/home/kasper/tinyos-main//tos/chips/msp430/usart/Msp430UsartShare1P.nc">
          <from><interface-ref name="RawInterrupts" ref="0x2ac2c452f0a0" scoped=""/></from>
          <to><interface-ref name="HplMsp430UsartInterrupts" ref="0x2ac2c4473528" scoped=""/></to>
        </wire>
        <wire loc="57:/home/kasper/tinyos-main//tos/chips/msp430/usart/Msp430UsartShare1P.nc">
          <from><interface-ref name="ResourceConfigure" ref="0x2ac2c45283c8" scoped=""/></from>
          <to><interface-ref name="ResourceConfigure" ref="0x2ac2c45339d0" scoped=""/></to>
        </wire>
        <wire loc="59:/home/kasper/tinyos-main//tos/chips/msp430/usart/Msp430UsartShare1P.nc">
          <from><interface-ref name="ArbiterInfo" ref="0x2ac2c452fe18" scoped=""/></from>
          <to><interface-ref name="ArbiterInfo" ref="0x2ac2c45299d8" scoped=""/></to>
        </wire>
        <wire loc="62:/home/kasper/tinyos-main//tos/chips/msp430/usart/Msp430UsartShare1P.nc">
          <from><interface-ref name="ResourceDefaultOwner" ref="0x2ac2c4524d18" scoped=""/></from>
          <to><interface-ref name="ResourceDefaultOwner" ref="0x2ac2c452bdd8" scoped=""/></to>
        </wire>
        <wire loc="65:/home/kasper/tinyos-main//tos/chips/msp430/usart/Msp430UsartShare1P.nc">
          <from><interface-ref name="AsyncStdControl" ref="0x2ac2c4524060" scoped=""/></from>
          <to><interface-ref name="AsyncStdControl" ref="0x2ac2c44764f0" scoped=""/></to>
        </wire>
      </wiring>
    </component></referenced></component>