<?xml version="1.0" ?><component abstract="" loc="79:/home/kasper/tinyos-main//tos/chips/msp430/usart/Msp430Spi0C.nc" nicename="Msp430Spi0C" qname="Msp430Spi0C">
      <parameters>
      </parameters>
      <configuration/>
      <wiring>
        <wire loc="114:/home/kasper/tinyos-main//tos/chips/msp430/usart/Msp430Spi0C.nc">
          <from><interface-ref name="ResourceRequested" ref="0x2ac2c3a507c8" scoped=""/></from>
          <to><interface-ref name="ResourceRequested" ref="0x2ac2c3cd42a8" scoped=""/></to>
        </wire>
        <wire loc="110:/home/kasper/tinyos-main//tos/chips/msp430/usart/Msp430Spi0C.nc">
          <from><interface-ref name="SpiPacket" ref="0x2ac2c3a51180" scoped=""/></from>
          <to><interface-ref name="SpiPacket" ref="0x2ac2c3a41020" scoped=""/>
          <arguments>
            <value cst="U:">
              <type-int alignment="I:2" cname="int" size="I:2"/>
            </value>
          </arguments>
          </to>
        </wire>
        <wire loc="106:/home/kasper/tinyos-main//tos/chips/msp430/usart/Msp430Spi0C.nc">
          <from><interface-ref name="SpiByte" ref="0x2ac2c3a52020" scoped=""/></from>
          <to><interface-ref name="SpiByte" ref="0x2ac2c3a45970" scoped=""/></to>
        </wire>
        <wire loc="105:/home/kasper/tinyos-main//tos/chips/msp430/usart/Msp430Spi0C.nc">
          <from><interface-ref name="Resource" ref="0x2ac2c3a54288" scoped=""/></from>
          <to><interface-ref name="Resource" ref="0x2ac2c3a476d8" scoped=""/>
          <arguments>
            <value cst="U:">
              <type-int alignment="I:2" cname="int" size="I:2"/>
            </value>
          </arguments>
          </to>
        </wire>
        <wire loc="108:/home/kasper/tinyos-main//tos/chips/msp430/usart/Msp430Spi0C.nc">
          <from><interface-ref name="FastSpiByte" ref="0x2ac2c3a4c668" scoped=""/></from>
          <to><interface-ref name="FastSpiByte" ref="0x2ac2c3a44020" scoped=""/></to>
        </wire>
        <wire loc="111:/home/kasper/tinyos-main//tos/chips/msp430/usart/Msp430Spi0C.nc">
          <from><interface-ref name="Msp430SpiConfigure" ref="0x2ac2c3a3f020" scoped=""/>
          <arguments>
            <value cst="U:">
              <type-int alignment="I:2" cname="int" size="I:2"/>
            </value>
          </arguments>
          </from>
          <to><interface-ref name="Msp430SpiConfigure" ref="0x2ac2c3a49710" scoped=""/></to>
        </wire>
        <wire loc="115:/home/kasper/tinyos-main//tos/chips/msp430/usart/Msp430Spi0C.nc">
          <from><interface-ref name="ResourceConfigure" ref="0x2ac2c3d235b8" scoped=""/></from>
          <to><interface-ref name="ResourceConfigure" ref="0x2ac2c3a451c8" scoped=""/>
          <arguments>
            <value cst="U:">
              <type-int alignment="I:2" cname="int" size="I:2"/>
            </value>
          </arguments>
          </to>
        </wire>
        <wire loc="116:/home/kasper/tinyos-main//tos/chips/msp430/usart/Msp430Spi0C.nc">
          <from><interface-ref name="UsartResource" ref="0x2ac2c3a41d90" scoped=""/>
          <arguments>
            <value cst="U:">
              <type-int alignment="I:2" cname="int" size="I:2"/>
            </value>
          </arguments>
          </from>
          <to><interface-ref name="Resource" ref="0x2ac2c3cd55b8" scoped=""/></to>
        </wire>
        <wire loc="117:/home/kasper/tinyos-main//tos/chips/msp430/usart/Msp430Spi0C.nc">
          <from><interface-ref name="UsartInterrupts" ref="0x2ac2c3a90e58" scoped=""/></from>
          <to><interface-ref name="HplMsp430UsartInterrupts" ref="0x2ac2c3d2ba50" scoped=""/></to>
        </wire>
      </wiring>
    <specification><interface loc="82:/home/kasper/tinyos-main//tos/chips/msp430/usart/Msp430Spi0C.nc" name="ResourceRequested" provided="1" ref="0x2ac2c3a507c8">
      <component-ref nicename="Msp430Spi0C" qname="Msp430Spi0C"/>
      <type-interface alignment="I:2" size="I:2"><interface-ref name="ResourceRequested" ref="0x2ac2c3a507c8" scoped=""/></type-interface>
      <instance>
        <interfacedef-ref nicename="ResourceRequested" qname="ResourceRequested"/>
      </instance>
      <interface-functions>
        <function-ref name="requested" ref="0x2ac2c3a50b18" scoped=""/>
        <function-ref name="immediateRequested" ref="0x2ac2c3a50ca0" scoped=""/>
      </interface-functions>
    </interface><interface loc="87:/home/kasper/tinyos-main//tos/chips/msp430/usart/Msp430Spi0C.nc" name="SpiPacket" provided="1" ref="0x2ac2c3a51180">
      <component-ref nicename="Msp430Spi0C" qname="Msp430Spi0C"/>
      <type-interface alignment="I:2" size="I:2"><interface-ref name="SpiPacket" ref="0x2ac2c3a51180" scoped=""/></type-interface>
      <instance>
        <interfacedef-ref nicename="SpiPacket" qname="SpiPacket"/>
      </instance>
      <interface-functions>
        <function-ref name="send" ref="0x2ac2c3a514d0" scoped=""/>
        <function-ref name="sendDone" ref="0x2ac2c3a51658" scoped=""/>
      </interface-functions>
    </interface><interface loc="89:/home/kasper/tinyos-main//tos/chips/msp430/usart/Msp430Spi0C.nc" name="Msp430SpiConfigure" provided="0" ref="0x2ac2c3a49710">
      <component-ref nicename="Msp430Spi0C" qname="Msp430Spi0C"/>
      <type-interface alignment="I:2" size="I:2"><interface-ref name="Msp430SpiConfigure" ref="0x2ac2c3a49710" scoped=""/></type-interface>
      <instance>
        <interfacedef-ref nicename="Msp430SpiConfigure" qname="Msp430SpiConfigure"/>
      </instance>
      <interface-functions>
        <function-ref name="getConfig" ref="0x2ac2c3a49a60" scoped=""/>
      </interface-functions>
    </interface><interface loc="83:/home/kasper/tinyos-main//tos/chips/msp430/usart/Msp430Spi0C.nc" name="SpiByte" provided="1" ref="0x2ac2c3a52020">
      <component-ref nicename="Msp430Spi0C" qname="Msp430Spi0C"/>
      <type-interface alignment="I:2" size="I:2"><interface-ref name="SpiByte" ref="0x2ac2c3a52020" scoped=""/></type-interface>
      <instance>
        <interfacedef-ref nicename="SpiByte" qname="SpiByte"/>
      </instance>
      <interface-functions>
        <function-ref name="write" ref="0x2ac2c3a52370" scoped=""/>
      </interface-functions>
    </interface><interface loc="81:/home/kasper/tinyos-main//tos/chips/msp430/usart/Msp430Spi0C.nc" name="Resource" provided="1" ref="0x2ac2c3a54288">
      <component-ref nicename="Msp430Spi0C" qname="Msp430Spi0C"/>
      <type-interface alignment="I:2" size="I:2"><interface-ref name="Resource" ref="0x2ac2c3a54288" scoped=""/></type-interface>
      <instance>
        <interfacedef-ref nicename="Resource" qname="Resource"/>
      </instance>
      <interface-functions>
        <function-ref name="release" ref="0x2ac2c3a545d8" scoped=""/>
        <function-ref name="immediateRequest" ref="0x2ac2c3a54760" scoped=""/>
        <function-ref name="request" ref="0x2ac2c3a548e8" scoped=""/>
        <function-ref name="granted" ref="0x2ac2c3a54a70" scoped=""/>
        <function-ref name="isOwner" ref="0x2ac2c3a54bf8" scoped=""/>
      </interface-functions>
    </interface><interface loc="85:/home/kasper/tinyos-main//tos/chips/msp430/usart/Msp430Spi0C.nc" name="FastSpiByte" provided="1" ref="0x2ac2c3a4c668">
      <component-ref nicename="Msp430Spi0C" qname="Msp430Spi0C"/>
      <type-interface alignment="I:2" size="I:2"><interface-ref name="FastSpiByte" ref="0x2ac2c3a4c668" scoped=""/></type-interface>
      <instance>
        <interfacedef-ref nicename="FastSpiByte" qname="FastSpiByte"/>
      </instance>
      <interface-functions>
        <function-ref name="splitWrite" ref="0x2ac2c3a4c9b8" scoped=""/>
        <function-ref name="splitReadWrite" ref="0x2ac2c3a4cb40" scoped=""/>
        <function-ref name="splitRead" ref="0x2ac2c3a4ccc8" scoped=""/>
        <function-ref name="write" ref="0x2ac2c3a4ce50" scoped=""/>
      </interface-functions>
    </interface></specification><referenced><interface loc="42:/home/kasper/tinyos-main//tos/chips/msp430/usart/Msp430Usart0C.nc" name="ResourceRequested" provided="1" ref="0x2ac2c3cd42a8">
      <component-ref nicename="Msp430Spi0C.UsartC" qname="Msp430Spi0C.UsartC"/>
      <type-interface alignment="I:2" size="I:2"><interface-ref name="ResourceRequested" ref="0x2ac2c3cd42a8" scoped=""/></type-interface>
      <instance>
        <interfacedef-ref nicename="ResourceRequested" qname="ResourceRequested"/>
      </instance>
      <interface-functions>
        <function-ref name="requested" ref="0x2ac2c3cd45f8" scoped=""/>
        <function-ref name="immediateRequested" ref="0x2ac2c3cd4780" scoped=""/>
      </interface-functions>
    </interface><interface loc="51:/home/kasper/tinyos-main//tos/chips/msp430/usart/Msp430Usart0C.nc" name="ResourceConfigure" provided="0" ref="0x2ac2c3d235b8">
      <component-ref nicename="Msp430Spi0C.UsartC" qname="Msp430Spi0C.UsartC"/>
      <type-interface alignment="I:2" size="I:2"><interface-ref name="ResourceConfigure" ref="0x2ac2c3d235b8" scoped=""/></type-interface>
      <instance>
        <interfacedef-ref nicename="ResourceConfigure" qname="ResourceConfigure"/>
      </instance>
      <interface-functions>
        <function-ref name="unconfigure" ref="0x2ac2c3d23908" scoped=""/>
        <function-ref name="configure" ref="0x2ac2c3d23a90" scoped=""/>
      </interface-functions>
    </interface><interface loc="75:/home/kasper/tinyos-main//tos/chips/msp430/usart/Msp430SpiNoDma0P.nc" name="SpiByte" provided="1" ref="0x2ac2c3a45970">
      <component-ref nicename="Msp430SpiNoDma0P" qname="Msp430SpiNoDma0P"/>
      <type-interface alignment="I:2" size="I:2"><interface-ref name="SpiByte" ref="0x2ac2c3a45970" scoped=""/></type-interface>
      <instance>
        <interfacedef-ref nicename="SpiByte" qname="SpiByte"/>
      </instance>
      <interface-functions>
        <function-ref name="write" ref="0x2ac2c3a45cc0" scoped=""/>
      </interface-functions>
    </interface><interface loc="81:/home/kasper/tinyos-main//tos/chips/msp430/usart/Msp430SpiNoDma0P.nc" name="UsartInterrupts" provided="0" ref="0x2ac2c3a90e58">
      <component-ref nicename="Msp430SpiNoDma0P" qname="Msp430SpiNoDma0P"/>
      <type-interface alignment="I:2" size="I:2"><interface-ref name="UsartInterrupts" ref="0x2ac2c3a90e58" scoped=""/></type-interface>
      <instance>
        <interfacedef-ref nicename="HplMsp430UsartInterrupts" qname="HplMsp430UsartInterrupts"/>
      </instance>
      <interface-functions>
        <function-ref name="rxDone" ref="0x2ac2c3a3e1e8" scoped=""/>
        <function-ref name="txDone" ref="0x2ac2c3a3e370" scoped=""/>
      </interface-functions>
    </interface><interface loc="74:/home/kasper/tinyos-main//tos/chips/msp430/usart/Msp430SpiNoDma0P.nc" name="ResourceConfigure" provided="1" ref="0x2ac2c3a451c8">
      <component-ref nicename="Msp430SpiNoDma0P" qname="Msp430SpiNoDma0P"/>
      <type-interface alignment="I:2" size="I:2"><interface-ref name="ResourceConfigure" ref="0x2ac2c3a451c8" scoped=""/></type-interface>
      <instance>
        <interfacedef-ref nicename="ResourceConfigure" qname="ResourceConfigure"/>
      </instance>
      <interface-parameters>
        <type-int alignment="I:1" cname="unsigned char" size="I:1" unsigned="">
          <typename><typedef-ref name="uint8_t" ref="0x2ac2c209a790"/></typename>
        </type-int>
      </interface-parameters>
      <interface-functions>
        <function-ref name="unconfigure" ref="0x2ac2c3a45518" scoped=""/>
        <function-ref name="configure" ref="0x2ac2c3a456a0" scoped=""/>
      </interface-functions>
    </interface><interface loc="45:/home/kasper/tinyos-main//tos/chips/msp430/usart/Msp430Usart0C.nc" name="HplMsp430UsartInterrupts" provided="1" ref="0x2ac2c3d2ba50">
      <component-ref nicename="Msp430Spi0C.UsartC" qname="Msp430Spi0C.UsartC"/>
      <type-interface alignment="I:2" size="I:2"><interface-ref name="HplMsp430UsartInterrupts" ref="0x2ac2c3d2ba50" scoped=""/></type-interface>
      <instance>
        <interfacedef-ref nicename="HplMsp430UsartInterrupts" qname="HplMsp430UsartInterrupts"/>
      </instance>
      <interface-functions>
        <function-ref name="rxDone" ref="0x2ac2c3d2bda0" scoped=""/>
        <function-ref name="txDone" ref="0x2ac2c3d2a020" scoped=""/>
      </interface-functions>
    </interface><interface loc="79:/home/kasper/tinyos-main//tos/chips/msp430/usart/Msp430SpiNoDma0P.nc" name="UsartResource" provided="0" ref="0x2ac2c3a41d90">
      <component-ref nicename="Msp430SpiNoDma0P" qname="Msp430SpiNoDma0P"/>
      <type-interface alignment="I:2" size="I:2"><interface-ref name="UsartResource" ref="0x2ac2c3a41d90" scoped=""/></type-interface>
      <instance>
        <interfacedef-ref nicename="Resource" qname="Resource"/>
      </instance>
      <interface-parameters>
        <type-int alignment="I:1" cname="unsigned char" size="I:1" unsigned="">
          <typename><typedef-ref name="uint8_t" ref="0x2ac2c209a790"/></typename>
        </type-int>
      </interface-parameters>
      <interface-functions>
        <function-ref name="release" ref="0x2ac2c3a40170" scoped=""/>
        <function-ref name="immediateRequest" ref="0x2ac2c3a402f8" scoped=""/>
        <function-ref name="request" ref="0x2ac2c3a40480" scoped=""/>
        <function-ref name="granted" ref="0x2ac2c3a40608" scoped=""/>
        <function-ref name="isOwner" ref="0x2ac2c3a40790" scoped=""/>
      </interface-functions>
    </interface><interface loc="73:/home/kasper/tinyos-main//tos/chips/msp430/usart/Msp430SpiNoDma0P.nc" name="Resource" provided="1" ref="0x2ac2c3a476d8">
      <component-ref nicename="Msp430SpiNoDma0P" qname="Msp430SpiNoDma0P"/>
      <type-interface alignment="I:2" size="I:2"><interface-ref name="Resource" ref="0x2ac2c3a476d8" scoped=""/></type-interface>
      <instance>
        <interfacedef-ref nicename="Resource" qname="Resource"/>
      </instance>
      <interface-parameters>
        <type-int alignment="I:1" cname="unsigned char" size="I:1" unsigned="">
          <typename><typedef-ref name="uint8_t" ref="0x2ac2c209a790"/></typename>
        </type-int>
      </interface-parameters>
      <interface-functions>
        <function-ref name="release" ref="0x2ac2c3a47a28" scoped=""/>
        <function-ref name="immediateRequest" ref="0x2ac2c3a47bb0" scoped=""/>
        <function-ref name="request" ref="0x2ac2c3a47d38" scoped=""/>
        <function-ref name="granted" ref="0x2ac2c3a46020" scoped=""/>
        <function-ref name="isOwner" ref="0x2ac2c3a461a8" scoped=""/>
      </interface-functions>
    </interface><interface loc="76:/home/kasper/tinyos-main//tos/chips/msp430/usart/Msp430SpiNoDma0P.nc" name="FastSpiByte" provided="1" ref="0x2ac2c3a44020">
      <component-ref nicename="Msp430SpiNoDma0P" qname="Msp430SpiNoDma0P"/>
      <type-interface alignment="I:2" size="I:2"><interface-ref name="FastSpiByte" ref="0x2ac2c3a44020" scoped=""/></type-interface>
      <instance>
        <interfacedef-ref nicename="FastSpiByte" qname="FastSpiByte"/>
      </instance>
      <interface-functions>
        <function-ref name="splitWrite" ref="0x2ac2c3a44370" scoped=""/>
        <function-ref name="splitReadWrite" ref="0x2ac2c3a444f8" scoped=""/>
        <function-ref name="splitRead" ref="0x2ac2c3a44680" scoped=""/>
        <function-ref name="write" ref="0x2ac2c3a44808" scoped=""/>
      </interface-functions>
    </interface><interface loc="80:/home/kasper/tinyos-main//tos/chips/msp430/usart/Msp430SpiNoDma0P.nc" name="Msp430SpiConfigure" provided="0" ref="0x2ac2c3a3f020">
      <component-ref nicename="Msp430SpiNoDma0P" qname="Msp430SpiNoDma0P"/>
      <type-interface alignment="I:2" size="I:2"><interface-ref name="Msp430SpiConfigure" ref="0x2ac2c3a3f020" scoped=""/></type-interface>
      <instance>
        <interfacedef-ref nicename="Msp430SpiConfigure" qname="Msp430SpiConfigure"/>
      </instance>
      <interface-parameters>
        <type-int alignment="I:1" cname="unsigned char" size="I:1" unsigned="">
          <typename><typedef-ref name="uint8_t" ref="0x2ac2c209a790"/></typename>
        </type-int>
      </interface-parameters>
      <interface-functions>
        <function-ref name="getConfig" ref="0x2ac2c3a3f370" scoped=""/>
      </interface-functions>
    </interface><interface loc="41:/home/kasper/tinyos-main//tos/chips/msp430/usart/Msp430Usart0C.nc" name="Resource" provided="1" ref="0x2ac2c3cd55b8">
      <component-ref nicename="Msp430Spi0C.UsartC" qname="Msp430Spi0C.UsartC"/>
      <type-interface alignment="I:2" size="I:2"><interface-ref name="Resource" ref="0x2ac2c3cd55b8" scoped=""/></type-interface>
      <instance>
        <interfacedef-ref nicename="Resource" qname="Resource"/>
      </instance>
      <interface-functions>
        <function-ref name="release" ref="0x2ac2c3cd5908" scoped=""/>
        <function-ref name="immediateRequest" ref="0x2ac2c3cd5a90" scoped=""/>
        <function-ref name="request" ref="0x2ac2c3cd5c18" scoped=""/>
        <function-ref name="granted" ref="0x2ac2c3cd5da0" scoped=""/>
        <function-ref name="isOwner" ref="0x2ac2c3cd4020" scoped=""/>
      </interface-functions>
    </interface><interface loc="77:/home/kasper/tinyos-main//tos/chips/msp430/usart/Msp430SpiNoDma0P.nc" name="SpiPacket" provided="1" ref="0x2ac2c3a41020">
      <component-ref nicename="Msp430SpiNoDma0P" qname="Msp430SpiNoDma0P"/>
      <type-interface alignment="I:2" size="I:2"><interface-ref name="SpiPacket" ref="0x2ac2c3a41020" scoped=""/></type-interface>
      <instance>
        <interfacedef-ref nicename="SpiPacket" qname="SpiPacket"/>
      </instance>
      <interface-parameters>
        <type-int alignment="I:1" cname="unsigned char" size="I:1" unsigned="">
          <typename><typedef-ref name="uint8_t" ref="0x2ac2c209a790"/></typename>
        </type-int>
      </interface-parameters>
      <interface-functions>
        <function-ref name="send" ref="0x2ac2c3a41370" scoped=""/>
        <function-ref name="sendDone" ref="0x2ac2c3a414f8" scoped=""/>
      </interface-functions>
    </interface><component abstract="" loc="39(Msp430Spi0C.UsartC):/home/kasper/tinyos-main//tos/chips/msp430/usart/Msp430Usart0C.nc" nicename="Msp430Spi0C.UsartC" qname="Msp430Spi0C.UsartC">
      <documentation loc="32:/home/kasper/tinyos-main//tos/chips/msp430/usart/Msp430Usart0C.nc">
        <short>
 Provides an interface for USART0 on the MSP430.</short>
        <long>
 Provides an interface for USART0 on the MSP430.

 @author Jonathan Hui &lt;jhui@archedrock.com&gt;
 @version $Revision: 1.5 $ $Date: 2008-05-21 22:11:57 $
</long>
      </documentation>
      <instance>
        <component-ref nicename="Msp430Usart0C" qname="Msp430Usart0C"/>
      </instance>
      <configuration/>
    </component><component loc="71:/home/kasper/tinyos-main//tos/chips/msp430/usart/Msp430SpiNoDma0P.nc" nicename="Msp430SpiNoDma0P" qname="Msp430SpiNoDma0P">
      <documentation loc="66:/home/kasper/tinyos-main//tos/chips/msp430/usart/Msp430SpiNoDma0P.nc">
        <short>
 </short>
        <long>
 @author Jonathan Hui &lt;jhui@archedrock.com&gt;
 @version $Revision: 1.6 $ $Date: 2010-06-29 22:07:45 $
</long>
      </documentation>
      <configuration/>
      <wiring>
        <wire loc="89:/home/kasper/tinyos-main//tos/chips/msp430/usart/Msp430SpiNoDma0P.nc">
          <from><interface-ref name="ResourceConfigure" ref="0x2ac2c3a451c8" scoped=""/></from>
          <to><interface-ref name="ResourceConfigure" ref="0x2ac2c3abf3c8" scoped=""/></to>
        </wire>
        <wire loc="93:/home/kasper/tinyos-main//tos/chips/msp430/usart/Msp430SpiNoDma0P.nc">
          <from><interface-ref name="SpiPacket" ref="0x2ac2c3a41020" scoped=""/></from>
          <to><interface-ref name="SpiPacket" ref="0x2ac2c3abde38" scoped=""/></to>
        </wire>
        <wire loc="91:/home/kasper/tinyos-main//tos/chips/msp430/usart/Msp430SpiNoDma0P.nc">
          <from><interface-ref name="SpiByte" ref="0x2ac2c3a45970" scoped=""/></from>
          <to><interface-ref name="SpiByte" ref="0x2ac2c3abfb48" scoped=""/></to>
        </wire>
        <wire loc="88:/home/kasper/tinyos-main//tos/chips/msp430/usart/Msp430SpiNoDma0P.nc">
          <from><interface-ref name="Resource" ref="0x2ac2c3a476d8" scoped=""/></from>
          <to><interface-ref name="Resource" ref="0x2ac2c3ac0608" scoped=""/></to>
        </wire>
        <wire loc="92:/home/kasper/tinyos-main//tos/chips/msp430/usart/Msp430SpiNoDma0P.nc">
          <from><interface-ref name="FastSpiByte" ref="0x2ac2c3a44020" scoped=""/></from>
          <to><interface-ref name="FastSpiByte" ref="0x2ac2c3abd2a8" scoped=""/></to>
        </wire>
        <wire loc="90:/home/kasper/tinyos-main//tos/chips/msp430/usart/Msp430SpiNoDma0P.nc">
          <from><interface-ref name="Msp430SpiConfigure" ref="0x2ac2c3abb550" scoped=""/></from>
          <to><interface-ref name="Msp430SpiConfigure" ref="0x2ac2c3a3f020" scoped=""/></to>
        </wire>
        <wire loc="94:/home/kasper/tinyos-main//tos/chips/msp430/usart/Msp430SpiNoDma0P.nc">
          <from><interface-ref name="UsartResource" ref="0x2ac2c3abc758" scoped=""/></from>
          <to><interface-ref name="UsartResource" ref="0x2ac2c3a41d90" scoped=""/></to>
        </wire>
        <wire loc="95:/home/kasper/tinyos-main//tos/chips/msp430/usart/Msp430SpiNoDma0P.nc">
          <from><interface-ref name="UsartInterrupts" ref="0x2ac2c3b05470" scoped=""/></from>
          <to><interface-ref name="UsartInterrupts" ref="0x2ac2c3a90e58" scoped=""/></to>
        </wire>
        <wire loc="98:/home/kasper/tinyos-main//tos/chips/msp430/usart/Msp430SpiNoDma0P.nc">
          <from><interface-ref name="Usart" ref="0x2ac2c3abbb88" scoped=""/></from>
          <to><interface-ref name="HplMsp430Usart" ref="0x2ac2c3afe820" scoped=""/></to>
        </wire>
        <wire loc="101:/home/kasper/tinyos-main//tos/chips/msp430/usart/Msp430SpiNoDma0P.nc">
          <from><interface-ref name="Leds" ref="0x2ac2c3b05bd0" scoped=""/></from>
          <to><interface-ref name="Leds" ref="0x2ac2c3039c38" scoped=""/></to>
        </wire>
      </wiring>
    </component></referenced></component>