<?xml version="1.0" ?><component abstract="" loc="42:/home/kasper/tinyos-main//tos/chips/msp430/usart/Msp430Uart1C.nc" nicename="Msp430Uart1C" qname="Msp430Uart1C">
      <documentation loc="31:/home/kasper/tinyos-main//tos/chips/msp430/usart/msp430usart.h">
        <short>
 </short>
        <long>
 @author Vlado Handziski &lt;handzisk@tkn.tu-berlin.de&gt;
 @author Philipp Huppertz &lt;huppertz@tkn.tu-berlin.de&gt;
</long>
      </documentation>
      <parameters>
      </parameters>
      <configuration/>
      <wiring>
        <wire loc="65:/home/kasper/tinyos-main//tos/chips/msp430/usart/Msp430Uart1C.nc">
          <from><interface-ref name="ResourceRequested" ref="0x2ac2c4417170" scoped=""/></from>
          <to><interface-ref name="ResourceRequested" ref="0x2ac2c4580e20" scoped=""/></to>
        </wire>
        <wire loc="61:/home/kasper/tinyos-main//tos/chips/msp430/usart/Msp430Uart1C.nc">
          <from><interface-ref name="UartByte" ref="0x2ac2c4416920" scoped=""/></from>
          <to><interface-ref name="UartByte" ref="0x2ac2c440b498" scoped=""/>
          <arguments>
            <value cst="U:">
              <type-int alignment="I:2" cname="int" size="I:2"/>
            </value>
          </arguments>
          </to>
        </wire>
        <wire loc="60:/home/kasper/tinyos-main//tos/chips/msp430/usart/Msp430Uart1C.nc">
          <from><interface-ref name="UartStream" ref="0x2ac2c4417938" scoped=""/></from>
          <to><interface-ref name="UartStream" ref="0x2ac2c440c020" scoped=""/>
          <arguments>
            <value cst="U:">
              <type-int alignment="I:2" cname="int" size="I:2"/>
            </value>
          </arguments>
          </to>
        </wire>
        <wire loc="59:/home/kasper/tinyos-main//tos/chips/msp430/usart/Msp430Uart1C.nc">
          <from><interface-ref name="Resource" ref="0x2ac2c4419498" scoped=""/></from>
          <to><interface-ref name="Resource" ref="0x2ac2c440f020" scoped=""/>
          <arguments>
            <value cst="U:">
              <type-int alignment="I:2" cname="int" size="I:2"/>
            </value>
          </arguments>
          </to>
        </wire>
        <wire loc="62:/home/kasper/tinyos-main//tos/chips/msp430/usart/Msp430Uart1C.nc">
          <from><interface-ref name="Msp430UartConfigure" ref="0x2ac2c4408498" scoped=""/>
          <arguments>
            <value cst="U:">
              <type-int alignment="I:2" cname="int" size="I:2"/>
            </value>
          </arguments>
          </from>
          <to><interface-ref name="Msp430UartConfigure" ref="0x2ac2c4414020" scoped=""/></to>
        </wire>
        <wire loc="66:/home/kasper/tinyos-main//tos/chips/msp430/usart/Msp430Uart1C.nc">
          <from><interface-ref name="ResourceConfigure" ref="0x2ac2c457ab90" scoped=""/></from>
          <to><interface-ref name="ResourceConfigure" ref="0x2ac2c440d208" scoped=""/>
          <arguments>
            <value cst="U:">
              <type-int alignment="I:2" cname="int" size="I:2"/>
            </value>
          </arguments>
          </to>
        </wire>
        <wire loc="67:/home/kasper/tinyos-main//tos/chips/msp430/usart/Msp430Uart1C.nc">
          <from><interface-ref name="UsartResource" ref="0x2ac2c440a270" scoped=""/>
          <arguments>
            <value cst="U:">
              <type-int alignment="I:2" cname="int" size="I:2"/>
            </value>
          </arguments>
          </from>
          <to><interface-ref name="Resource" ref="0x2ac2c4580228" scoped=""/></to>
        </wire>
        <wire loc="68:/home/kasper/tinyos-main//tos/chips/msp430/usart/Msp430Uart1C.nc">
          <from><interface-ref name="UsartInterrupts" ref="0x2ac2c44071c8" scoped=""/>
          <arguments>
            <value cst="U:">
              <type-int alignment="I:2" cname="int" size="I:2"/>
            </value>
          </arguments>
          </from>
          <to><interface-ref name="HplMsp430UsartInterrupts" ref="0x2ac2c457a430" scoped=""/></to>
        </wire>
      </wiring>
    <specification><interface loc="45:/home/kasper/tinyos-main//tos/chips/msp430/usart/Msp430Uart1C.nc" name="ResourceRequested" provided="1" ref="0x2ac2c4417170">
      <component-ref nicename="Msp430Uart1C" qname="Msp430Uart1C"/>
      <type-interface alignment="I:2" size="I:2"><interface-ref name="ResourceRequested" ref="0x2ac2c4417170" scoped=""/></type-interface>
      <instance>
        <interfacedef-ref nicename="ResourceRequested" qname="ResourceRequested"/>
      </instance>
      <interface-functions>
        <function-ref name="requested" ref="0x2ac2c44174c0" scoped=""/>
        <function-ref name="immediateRequested" ref="0x2ac2c4417648" scoped=""/>
      </interface-functions>
    </interface><interface loc="47:/home/kasper/tinyos-main//tos/chips/msp430/usart/Msp430Uart1C.nc" name="UartByte" provided="1" ref="0x2ac2c4416920">
      <component-ref nicename="Msp430Uart1C" qname="Msp430Uart1C"/>
      <type-interface alignment="I:2" size="I:2"><interface-ref name="UartByte" ref="0x2ac2c4416920" scoped=""/></type-interface>
      <instance>
        <interfacedef-ref nicename="UartByte" qname="UartByte"/>
      </instance>
      <interface-functions>
        <function-ref name="send" ref="0x2ac2c4416c70" scoped=""/>
        <function-ref name="receive" ref="0x2ac2c4416df8" scoped=""/>
      </interface-functions>
    </interface><interface loc="49:/home/kasper/tinyos-main//tos/chips/msp430/usart/Msp430Uart1C.nc" name="Msp430UartConfigure" provided="0" ref="0x2ac2c4414020">
      <component-ref nicename="Msp430Uart1C" qname="Msp430Uart1C"/>
      <type-interface alignment="I:2" size="I:2"><interface-ref name="Msp430UartConfigure" ref="0x2ac2c4414020" scoped=""/></type-interface>
      <instance>
        <interfacedef-ref nicename="Msp430UartConfigure" qname="Msp430UartConfigure"/>
      </instance>
      <interface-functions>
        <function-ref name="getConfig" ref="0x2ac2c4414370" scoped=""/>
      </interface-functions>
    </interface><interface loc="46:/home/kasper/tinyos-main//tos/chips/msp430/usart/Msp430Uart1C.nc" name="UartStream" provided="1" ref="0x2ac2c4417938">
      <component-ref nicename="Msp430Uart1C" qname="Msp430Uart1C"/>
      <type-interface alignment="I:2" size="I:2"><interface-ref name="UartStream" ref="0x2ac2c4417938" scoped=""/></type-interface>
      <instance>
        <interfacedef-ref nicename="UartStream" qname="UartStream"/>
      </instance>
      <interface-functions>
        <function-ref name="send" ref="0x2ac2c4417c88" scoped=""/>
        <function-ref name="receivedByte" ref="0x2ac2c4417e10" scoped=""/>
        <function-ref name="receive" ref="0x2ac2c4416020" scoped=""/>
        <function-ref name="enableReceiveInterrupt" ref="0x2ac2c44161a8" scoped=""/>
        <function-ref name="receiveDone" ref="0x2ac2c4416330" scoped=""/>
        <function-ref name="disableReceiveInterrupt" ref="0x2ac2c44164b8" scoped=""/>
        <function-ref name="sendDone" ref="0x2ac2c4416640" scoped=""/>
      </interface-functions>
    </interface><interface loc="44:/home/kasper/tinyos-main//tos/chips/msp430/usart/Msp430Uart1C.nc" name="Resource" provided="1" ref="0x2ac2c4419498">
      <component-ref nicename="Msp430Uart1C" qname="Msp430Uart1C"/>
      <type-interface alignment="I:2" size="I:2"><interface-ref name="Resource" ref="0x2ac2c4419498" scoped=""/></type-interface>
      <instance>
        <interfacedef-ref nicename="Resource" qname="Resource"/>
      </instance>
      <interface-functions>
        <function-ref name="release" ref="0x2ac2c44197e8" scoped=""/>
        <function-ref name="immediateRequest" ref="0x2ac2c4419970" scoped=""/>
        <function-ref name="request" ref="0x2ac2c4419af8" scoped=""/>
        <function-ref name="granted" ref="0x2ac2c4419c80" scoped=""/>
        <function-ref name="isOwner" ref="0x2ac2c4419e08" scoped=""/>
      </interface-functions>
    </interface></specification><referenced><interface loc="44:/home/kasper/tinyos-main//tos/chips/msp430/usart/Msp430Uart1P.nc" name="UartByte" provided="1" ref="0x2ac2c440b498">
      <component-ref nicename="Msp430Uart1P" qname="Msp430Uart1P"/>
      <type-interface alignment="I:2" size="I:2"><interface-ref name="UartByte" ref="0x2ac2c440b498" scoped=""/></type-interface>
      <instance>
        <interfacedef-ref nicename="UartByte" qname="UartByte"/>
      </instance>
      <interface-parameters>
        <type-int alignment="I:1" cname="unsigned char" size="I:1" unsigned="">
          <typename><typedef-ref name="uint8_t" ref="0x2ac2c209a790"/></typename>
        </type-int>
      </interface-parameters>
      <interface-functions>
        <function-ref name="send" ref="0x2ac2c440b7e8" scoped=""/>
        <function-ref name="receive" ref="0x2ac2c440b970" scoped=""/>
      </interface-functions>
    </interface><interface loc="42:/home/kasper/tinyos-main//tos/chips/msp430/usart/Msp430Usart1C.nc" name="Resource" provided="1" ref="0x2ac2c4580228">
      <component-ref nicename="Msp430Uart1C.UsartC" qname="Msp430Uart1C.UsartC"/>
      <type-interface alignment="I:2" size="I:2"><interface-ref name="Resource" ref="0x2ac2c4580228" scoped=""/></type-interface>
      <instance>
        <interfacedef-ref nicename="Resource" qname="Resource"/>
      </instance>
      <interface-functions>
        <function-ref name="release" ref="0x2ac2c4580578" scoped=""/>
        <function-ref name="immediateRequest" ref="0x2ac2c4580700" scoped=""/>
        <function-ref name="request" ref="0x2ac2c4580888" scoped=""/>
        <function-ref name="granted" ref="0x2ac2c4580a10" scoped=""/>
        <function-ref name="isOwner" ref="0x2ac2c4580b98" scoped=""/>
      </interface-functions>
    </interface><interface loc="46:/home/kasper/tinyos-main//tos/chips/msp430/usart/Msp430Usart1C.nc" name="HplMsp430UsartInterrupts" provided="1" ref="0x2ac2c457a430">
      <component-ref nicename="Msp430Uart1C.UsartC" qname="Msp430Uart1C.UsartC"/>
      <type-interface alignment="I:2" size="I:2"><interface-ref name="HplMsp430UsartInterrupts" ref="0x2ac2c457a430" scoped=""/></type-interface>
      <instance>
        <interfacedef-ref nicename="HplMsp430UsartInterrupts" qname="HplMsp430UsartInterrupts"/>
      </instance>
      <interface-functions>
        <function-ref name="rxDone" ref="0x2ac2c457a780" scoped=""/>
        <function-ref name="txDone" ref="0x2ac2c457a908" scoped=""/>
      </interface-functions>
    </interface><interface loc="41:/home/kasper/tinyos-main//tos/chips/msp430/usart/Msp430Uart1P.nc" name="Resource" provided="1" ref="0x2ac2c440f020">
      <component-ref nicename="Msp430Uart1P" qname="Msp430Uart1P"/>
      <type-interface alignment="I:2" size="I:2"><interface-ref name="Resource" ref="0x2ac2c440f020" scoped=""/></type-interface>
      <instance>
        <interfacedef-ref nicename="Resource" qname="Resource"/>
      </instance>
      <interface-parameters>
        <type-int alignment="I:1" cname="unsigned char" size="I:1" unsigned="">
          <typename><typedef-ref name="uint8_t" ref="0x2ac2c209a790"/></typename>
        </type-int>
      </interface-parameters>
      <interface-functions>
        <function-ref name="release" ref="0x2ac2c440f370" scoped=""/>
        <function-ref name="immediateRequest" ref="0x2ac2c440f4f8" scoped=""/>
        <function-ref name="request" ref="0x2ac2c440f680" scoped=""/>
        <function-ref name="granted" ref="0x2ac2c440f808" scoped=""/>
        <function-ref name="isOwner" ref="0x2ac2c440f990" scoped=""/>
      </interface-functions>
    </interface><interface loc="47:/home/kasper/tinyos-main//tos/chips/msp430/usart/Msp430Uart1P.nc" name="Msp430UartConfigure" provided="0" ref="0x2ac2c4408498">
      <component-ref nicename="Msp430Uart1P" qname="Msp430Uart1P"/>
      <type-interface alignment="I:2" size="I:2"><interface-ref name="Msp430UartConfigure" ref="0x2ac2c4408498" scoped=""/></type-interface>
      <instance>
        <interfacedef-ref nicename="Msp430UartConfigure" qname="Msp430UartConfigure"/>
      </instance>
      <interface-parameters>
        <type-int alignment="I:1" cname="unsigned char" size="I:1" unsigned="">
          <typename><typedef-ref name="uint8_t" ref="0x2ac2c209a790"/></typename>
        </type-int>
      </interface-parameters>
      <interface-functions>
        <function-ref name="getConfig" ref="0x2ac2c44087e8" scoped=""/>
      </interface-functions>
    </interface><interface loc="42:/home/kasper/tinyos-main//tos/chips/msp430/usart/Msp430Uart1P.nc" name="ResourceConfigure" provided="1" ref="0x2ac2c440d208">
      <component-ref nicename="Msp430Uart1P" qname="Msp430Uart1P"/>
      <type-interface alignment="I:2" size="I:2"><interface-ref name="ResourceConfigure" ref="0x2ac2c440d208" scoped=""/></type-interface>
      <instance>
        <interfacedef-ref nicename="ResourceConfigure" qname="ResourceConfigure"/>
      </instance>
      <interface-parameters>
        <type-int alignment="I:1" cname="unsigned char" size="I:1" unsigned="">
          <typename><typedef-ref name="uint8_t" ref="0x2ac2c209a790"/></typename>
        </type-int>
      </interface-parameters>
      <interface-functions>
        <function-ref name="unconfigure" ref="0x2ac2c440d558" scoped=""/>
        <function-ref name="configure" ref="0x2ac2c440d6e0" scoped=""/>
      </interface-functions>
    </interface><interface loc="43:/home/kasper/tinyos-main//tos/chips/msp430/usart/Msp430Uart1P.nc" name="UartStream" provided="1" ref="0x2ac2c440c020">
      <component-ref nicename="Msp430Uart1P" qname="Msp430Uart1P"/>
      <type-interface alignment="I:2" size="I:2"><interface-ref name="UartStream" ref="0x2ac2c440c020" scoped=""/></type-interface>
      <instance>
        <interfacedef-ref nicename="UartStream" qname="UartStream"/>
      </instance>
      <interface-parameters>
        <type-int alignment="I:1" cname="unsigned char" size="I:1" unsigned="">
          <typename><typedef-ref name="uint8_t" ref="0x2ac2c209a790"/></typename>
        </type-int>
      </interface-parameters>
      <interface-functions>
        <function-ref name="send" ref="0x2ac2c440c370" scoped=""/>
        <function-ref name="receivedByte" ref="0x2ac2c440c4f8" scoped=""/>
        <function-ref name="receive" ref="0x2ac2c440c680" scoped=""/>
        <function-ref name="enableReceiveInterrupt" ref="0x2ac2c440c808" scoped=""/>
        <function-ref name="receiveDone" ref="0x2ac2c440c990" scoped=""/>
        <function-ref name="disableReceiveInterrupt" ref="0x2ac2c440cb18" scoped=""/>
        <function-ref name="sendDone" ref="0x2ac2c440cca0" scoped=""/>
      </interface-functions>
    </interface><interface loc="48:/home/kasper/tinyos-main//tos/chips/msp430/usart/Msp430Usart1C.nc" name="ResourceConfigure" provided="0" ref="0x2ac2c457ab90">
      <component-ref nicename="Msp430Uart1C.UsartC" qname="Msp430Uart1C.UsartC"/>
      <type-interface alignment="I:2" size="I:2"><interface-ref name="ResourceConfigure" ref="0x2ac2c457ab90" scoped=""/></type-interface>
      <instance>
        <interfacedef-ref nicename="ResourceConfigure" qname="ResourceConfigure"/>
      </instance>
      <interface-functions>
        <function-ref name="unconfigure" ref="0x2ac2c4579020" scoped=""/>
        <function-ref name="configure" ref="0x2ac2c45791a8" scoped=""/>
      </interface-functions>
    </interface><interface loc="48:/home/kasper/tinyos-main//tos/chips/msp430/usart/Msp430Uart1P.nc" name="UsartInterrupts" provided="0" ref="0x2ac2c44071c8">
      <component-ref nicename="Msp430Uart1P" qname="Msp430Uart1P"/>
      <type-interface alignment="I:2" size="I:2"><interface-ref name="UsartInterrupts" ref="0x2ac2c44071c8" scoped=""/></type-interface>
      <instance>
        <interfacedef-ref nicename="HplMsp430UsartInterrupts" qname="HplMsp430UsartInterrupts"/>
      </instance>
      <interface-parameters>
        <type-int alignment="I:1" cname="unsigned char" size="I:1" unsigned="">
          <typename><typedef-ref name="uint8_t" ref="0x2ac2c209a790"/></typename>
        </type-int>
      </interface-parameters>
      <interface-functions>
        <function-ref name="rxDone" ref="0x2ac2c4407518" scoped=""/>
        <function-ref name="txDone" ref="0x2ac2c44076a0" scoped=""/>
      </interface-functions>
    </interface><interface loc="46:/home/kasper/tinyos-main//tos/chips/msp430/usart/Msp430Uart1P.nc" name="UsartResource" provided="0" ref="0x2ac2c440a270">
      <component-ref nicename="Msp430Uart1P" qname="Msp430Uart1P"/>
      <type-interface alignment="I:2" size="I:2"><interface-ref name="UsartResource" ref="0x2ac2c440a270" scoped=""/></type-interface>
      <instance>
        <interfacedef-ref nicename="Resource" qname="Resource"/>
      </instance>
      <interface-parameters>
        <type-int alignment="I:1" cname="unsigned char" size="I:1" unsigned="">
          <typename><typedef-ref name="uint8_t" ref="0x2ac2c209a790"/></typename>
        </type-int>
      </interface-parameters>
      <interface-functions>
        <function-ref name="release" ref="0x2ac2c440a5c0" scoped=""/>
        <function-ref name="immediateRequest" ref="0x2ac2c440a748" scoped=""/>
        <function-ref name="request" ref="0x2ac2c440a8d0" scoped=""/>
        <function-ref name="granted" ref="0x2ac2c440aa58" scoped=""/>
        <function-ref name="isOwner" ref="0x2ac2c440abe0" scoped=""/>
      </interface-functions>
    </interface><interface loc="43:/home/kasper/tinyos-main//tos/chips/msp430/usart/Msp430Usart1C.nc" name="ResourceRequested" provided="1" ref="0x2ac2c4580e20">
      <component-ref nicename="Msp430Uart1C.UsartC" qname="Msp430Uart1C.UsartC"/>
      <type-interface alignment="I:2" size="I:2"><interface-ref name="ResourceRequested" ref="0x2ac2c4580e20" scoped=""/></type-interface>
      <instance>
        <interfacedef-ref nicename="ResourceRequested" qname="ResourceRequested"/>
      </instance>
      <interface-functions>
        <function-ref name="requested" ref="0x2ac2c457f1a8" scoped=""/>
        <function-ref name="immediateRequested" ref="0x2ac2c457f330" scoped=""/>
      </interface-functions>
    </interface><component abstract="" loc="40(Msp430Uart1C.UsartC):/home/kasper/tinyos-main//tos/chips/msp430/usart/Msp430Usart1C.nc" nicename="Msp430Uart1C.UsartC" qname="Msp430Uart1C.UsartC">
      <documentation loc="32:/home/kasper/tinyos-main//tos/chips/msp430/usart/Msp430Usart1C.nc">
        <short>
 Provides an interface for USART1 on the MSP430.</short>
        <long>
 Provides an interface for USART1 on the MSP430.

 @author Vlado Handziski &lt;handisk@tkn.tu-berlin.de&gt;
 @author Jonathan Hui &lt;jhui@archedrock.com&gt;
 @version $Revision: 1.5 $ $Date: 2008-05-21 22:11:57 $
</long>
      </documentation>
      <instance>
        <component-ref nicename="Msp430Usart1C" qname="Msp430Usart1C"/>
      </instance>
      <configuration/>
    </component><component loc="39:/home/kasper/tinyos-main//tos/chips/msp430/usart/Msp430Uart1P.nc" nicename="Msp430Uart1P" qname="Msp430Uart1P">
      <documentation loc="32:/home/kasper/tinyos-main//tos/chips/msp430/usart/Msp430Uart1P.nc">
        <short>
 </short>
        <long>
 @author Jonathan Hui &lt;jhui@archedrock.com&gt;
 @author Vlado Handziski &lt;handzisk@tkn.tu-berlin.de&gt;
 @author Eric B. Decker &lt;cire831@gmail.com&gt;
 @version $Revision: 1.5 $ $Date: 2008-05-21 22:11:57 $
</long>
      </documentation>
      <configuration/>
      <wiring>
        <wire loc="56:/home/kasper/tinyos-main//tos/chips/msp430/usart/Msp430Uart1P.nc">
          <from><interface-ref name="ResourceConfigure" ref="0x2ac2c440d208" scoped=""/></from>
          <to><interface-ref name="ResourceConfigure" ref="0x2ac2c448ee00" scoped=""/></to>
        </wire>
        <wire loc="59:/home/kasper/tinyos-main//tos/chips/msp430/usart/Msp430Uart1P.nc">
          <from><interface-ref name="UartByte" ref="0x2ac2c440b498" scoped=""/></from>
          <to><interface-ref name="UartByte" ref="0x2ac2c448c860" scoped=""/></to>
        </wire>
        <wire loc="58:/home/kasper/tinyos-main//tos/chips/msp430/usart/Msp430Uart1P.nc">
          <from><interface-ref name="UartStream" ref="0x2ac2c440c020" scoped=""/></from>
          <to><interface-ref name="UartStream" ref="0x2ac2c448d6d8" scoped=""/></to>
        </wire>
        <wire loc="55:/home/kasper/tinyos-main//tos/chips/msp430/usart/Msp430Uart1P.nc">
          <from><interface-ref name="Resource" ref="0x2ac2c440f020" scoped=""/></from>
          <to><interface-ref name="Resource" ref="0x2ac2c448e0c8" scoped=""/></to>
        </wire>
        <wire loc="57:/home/kasper/tinyos-main//tos/chips/msp430/usart/Msp430Uart1P.nc">
          <from><interface-ref name="Msp430UartConfigure" ref="0x2ac2c448a020" scoped=""/></from>
          <to><interface-ref name="Msp430UartConfigure" ref="0x2ac2c4408498" scoped=""/></to>
        </wire>
        <wire loc="60:/home/kasper/tinyos-main//tos/chips/msp430/usart/Msp430Uart1P.nc">
          <from><interface-ref name="UsartResource" ref="0x2ac2c448b180" scoped=""/></from>
          <to><interface-ref name="UsartResource" ref="0x2ac2c440a270" scoped=""/></to>
        </wire>
        <wire loc="61:/home/kasper/tinyos-main//tos/chips/msp430/usart/Msp430Uart1P.nc">
          <from><interface-ref name="UsartInterrupts" ref="0x2ac2c4485020" scoped=""/></from>
          <to><interface-ref name="UsartInterrupts" ref="0x2ac2c44071c8" scoped=""/></to>
        </wire>
        <wire loc="64:/home/kasper/tinyos-main//tos/chips/msp430/usart/Msp430Uart1P.nc">
          <from><interface-ref name="Usart" ref="0x2ac2c448a658" scoped=""/></from>
          <to><interface-ref name="HplMsp430Usart" ref="0x2ac2c4476ce0" scoped=""/></to>
        </wire>
        <wire loc="67:/home/kasper/tinyos-main//tos/chips/msp430/usart/Msp430Uart1P.nc">
          <from><interface-ref name="Counter" ref="0x2ac2c44859b0" scoped=""/></from>
          <to><interface-ref name="Counter" ref="0x2ac2c454d020" scoped=""/></to>
        </wire>
        <wire loc="70:/home/kasper/tinyos-main//tos/chips/msp430/usart/Msp430Uart1P.nc">
          <from><interface-ref name="Leds" ref="0x2ac2c4482928" scoped=""/></from>
          <to><interface-ref name="Leds" ref="0x2ac2c3039c38" scoped=""/></to>
        </wire>
      </wiring>
    </component></referenced></component>