<?xml version="1.0" ?><component abstract="" loc="43:/home/kasper/tinyos-main//tos/chips/msp430/pins/Msp430InterruptC.nc" nicename="Msp430InterruptC" qname="Msp430InterruptC" safe="">
      <documentation loc="33:/home/kasper/tinyos-main//tos/chips/msp430/pins/Msp430InterruptC.nc">
        <short>
 Implementation of the GPIO interrupt abstraction for
 the TI MSP430 microcontroller.</short>
        <long>
 Implementation of the GPIO interrupt abstraction for
 the TI MSP430 microcontroller.

 @author Jonathan Hui
 @author Joe Polastre
 @see  Please refer to TEP 117 for more information about this component and its
          intended use.
</long>
      </documentation>
      <parameters>
      </parameters>
      <module/>
    <specification><interface loc="46:/home/kasper/tinyos-main//tos/chips/msp430/pins/Msp430InterruptC.nc" name="HplInterrupt" provided="0" ref="0x2ac2c33b9420">
      <component-ref nicename="Msp430InterruptC" qname="Msp430InterruptC"/>
      <type-interface alignment="I:2" size="I:2"><interface-ref name="HplInterrupt" ref="0x2ac2c33b9420" scoped=""/></type-interface>
      <instance>
        <interfacedef-ref nicename="HplMsp430Interrupt" qname="HplMsp430Interrupt"/>
      </instance>
      <interface-functions>
        <function-ref name="clear" ref="0x2ac2c33b9770" scoped=""/>
        <function-ref name="fired" ref="0x2ac2c33b98f8" scoped=""/>
        <function-ref name="disable" ref="0x2ac2c33b9a80" scoped=""/>
        <function-ref name="edge" ref="0x2ac2c33b9c08" scoped=""/>
        <function-ref name="enable" ref="0x2ac2c33b9d90" scoped=""/>
        <function-ref name="getValue" ref="0x2ac2c33b8020" scoped=""/>
      </interface-functions>
    </interface><interface loc="45:/home/kasper/tinyos-main//tos/chips/msp430/pins/Msp430InterruptC.nc" name="Interrupt" provided="1" ref="0x2ac2c33ba768">
      <component-ref nicename="Msp430InterruptC" qname="Msp430InterruptC"/>
      <type-interface alignment="I:2" size="I:2"><interface-ref name="Interrupt" ref="0x2ac2c33ba768" scoped=""/></type-interface>
      <instance>
        <interfacedef-ref nicename="GpioInterrupt" qname="GpioInterrupt"/>
      </instance>
      <interface-functions>
        <function-ref name="fired" ref="0x2ac2c33baab8" scoped=""/>
        <function-ref name="disable" ref="0x2ac2c33bac40" scoped=""/>
        <function-ref name="enableFallingEdge" ref="0x2ac2c33badc8" scoped=""/>
        <function-ref name="enableRisingEdge" ref="0x2ac2c33b9020" scoped=""/>
      </interface-functions>
    </interface></specification><referenced/></component>