<?xml version="1.0" ?><component loc="7:/home/kasper/tinyos-main//tos/platforms/epic/chips/ds2411/OneWireMasterC.nc" nicename="OneWireMasterC" qname="OneWireMasterC">
      <documentation loc="2:/home/kasper/tinyos-main//tos/platforms/epic/chips/ds2411/OneWireMasterC.nc">
        <short>
 Dallas/Maxim 1wire bus master

</short>
      </documentation>
      <module/>
    <specification><interface loc="13:/home/kasper/tinyos-main//tos/platforms/epic/chips/ds2411/OneWireMasterC.nc" name="BusyWait" provided="0" ref="0x2ac2c3e10748">
      <component-ref nicename="OneWireMasterC" qname="OneWireMasterC"/>
      <type-interface alignment="I:2" size="I:2"><interface-ref name="BusyWait" ref="0x2ac2c3e10748" scoped=""/></type-interface>
      <instance>
        <interfacedef-ref nicename="BusyWait" qname="BusyWait"/>
        <arguments>
          <type-tag alignment="I:2" size="I:2"><struct-ref ref="0x2ac2c33de020"/>
            <typename><typedef-ref name="TMicro" ref="0x2ac2c33de378"/></typename>
          </type-tag>
          <type-int alignment="I:2" cname="unsigned int" size="I:2" unsigned="">
            <typename><typedef-ref name="uint16_t" ref="0x2ac2c209ab20"/></typename>
          </type-int>
        </arguments>
      </instance>
      <interface-functions>
        <function-ref name="wait" ref="0x2ac2c3db9578" scoped=""/>
      </interface-functions>
    </interface><interface loc="9:/home/kasper/tinyos-main//tos/platforms/epic/chips/ds2411/OneWireMasterC.nc" name="OneWire" provided="1" ref="0x2ac2c3dbb108">
      <component-ref nicename="OneWireMasterC" qname="OneWireMasterC"/>
      <type-interface alignment="I:2" size="I:2"><interface-ref name="OneWire" ref="0x2ac2c3dbb108" scoped=""/></type-interface>
      <instance>
        <interfacedef-ref nicename="OneWireStream" qname="OneWireStream"/>
      </instance>
      <interface-functions>
        <function-ref name="read" ref="0x2ac2c3dbb458" scoped=""/>
        <function-ref name="write" ref="0x2ac2c3dbb5e0" scoped=""/>
      </interface-functions>
    </interface><interface loc="12:/home/kasper/tinyos-main//tos/platforms/epic/chips/ds2411/OneWireMasterC.nc" name="Pin" provided="0" ref="0x2ac2c3dbb968">
      <component-ref nicename="OneWireMasterC" qname="OneWireMasterC"/>
      <type-interface alignment="I:2" size="I:2"><interface-ref name="Pin" ref="0x2ac2c3dbb968" scoped=""/></type-interface>
      <instance>
        <interfacedef-ref nicename="GeneralIO" qname="GeneralIO"/>
      </instance>
      <interface-functions>
        <function-ref name="makeInput" ref="0x2ac2c3dbbcb8" scoped=""/>
        <function-ref name="isInput" ref="0x2ac2c3dbbe40" scoped=""/>
        <function-ref name="toggle" ref="0x2ac2c3dba020" scoped=""/>
        <function-ref name="isOutput" ref="0x2ac2c3dba1a8" scoped=""/>
        <function-ref name="get" ref="0x2ac2c3dba330" scoped=""/>
        <function-ref name="makeOutput" ref="0x2ac2c3dba4b8" scoped=""/>
        <function-ref name="set" ref="0x2ac2c3dba640" scoped=""/>
        <function-ref name="clr" ref="0x2ac2c3dba7c8" scoped=""/>
      </interface-functions>
    </interface></specification><referenced/></component>