<?xml version="1.0" ?><component loc="38:/home/kasper/tinyos-main//tos/chips/cc2420/link/PacketLinkDummyC.nc" nicename="PacketLinkDummyC" qname="PacketLinkDummyC">
      <documentation loc="32:/home/kasper/tinyos-main//tos/chips/cc2420/link/PacketLinkDummyC.nc">
        <short>
 Dummy configuration for PacketLink Layer
 </short>
        <long>
 Dummy configuration for PacketLink Layer
 @author David Moss
 @author Jon Wyant
</long>
      </documentation>
      <configuration/>
      <wiring>
        <wire loc="54:/home/kasper/tinyos-main//tos/chips/cc2420/link/PacketLinkDummyC.nc">
          <from><interface-ref name="Send" ref="0x2ac2c413c5d0" scoped=""/></from>
          <to><interface-ref name="SubSend" ref="0x2ac2c4138020" scoped=""/></to>
        </wire>
        <wire loc="53:/home/kasper/tinyos-main//tos/chips/cc2420/link/PacketLinkDummyC.nc">
          <from><interface-ref name="PacketLink" ref="0x2ac2c41392d0" scoped=""/></from>
          <to><interface-ref name="PacketLink" ref="0x2ac2c4137548" scoped=""/></to>
        </wire>
        <wire loc="56:/home/kasper/tinyos-main//tos/chips/cc2420/link/PacketLinkDummyC.nc">
          <from><interface-ref name="PacketAcknowledgements" ref="0x2ac2c41343c8" scoped=""/></from>
          <to><interface-ref name="PacketAcknowledgements" ref="0x2ac2c3737658" scoped=""/></to>
        </wire>
      </wiring>
    <specification><interface loc="45:/home/kasper/tinyos-main//tos/chips/cc2420/link/PacketLinkDummyC.nc" name="SubSend" provided="0" ref="0x2ac2c4138020">
      <component-ref nicename="PacketLinkDummyC" qname="PacketLinkDummyC"/>
      <type-interface alignment="I:2" size="I:2"><interface-ref name="SubSend" ref="0x2ac2c4138020" scoped=""/></type-interface>
      <instance>
        <interfacedef-ref nicename="Send" qname="Send"/>
      </instance>
      <interface-functions>
        <function-ref name="send" ref="0x2ac2c4138370" scoped=""/>
        <function-ref name="getPayload" ref="0x2ac2c41384f8" scoped=""/>
        <function-ref name="maxPayloadLength" ref="0x2ac2c4138680" scoped=""/>
        <function-ref name="cancel" ref="0x2ac2c4138808" scoped=""/>
        <function-ref name="sendDone" ref="0x2ac2c4138990" scoped=""/>
      </interface-functions>
    </interface><interface loc="40:/home/kasper/tinyos-main//tos/chips/cc2420/link/PacketLinkDummyC.nc" name="Send" provided="1" ref="0x2ac2c413c5d0">
      <component-ref nicename="PacketLinkDummyC" qname="PacketLinkDummyC"/>
      <type-interface alignment="I:2" size="I:2"><interface-ref name="Send" ref="0x2ac2c413c5d0" scoped=""/></type-interface>
      <instance>
        <interfacedef-ref nicename="Send" qname="Send"/>
      </instance>
      <interface-functions>
        <function-ref name="send" ref="0x2ac2c413c920" scoped=""/>
        <function-ref name="getPayload" ref="0x2ac2c413caa8" scoped=""/>
        <function-ref name="maxPayloadLength" ref="0x2ac2c413cc30" scoped=""/>
        <function-ref name="cancel" ref="0x2ac2c413cdb8" scoped=""/>
        <function-ref name="sendDone" ref="0x2ac2c4139020" scoped=""/>
      </interface-functions>
    </interface><interface loc="41:/home/kasper/tinyos-main//tos/chips/cc2420/link/PacketLinkDummyC.nc" name="PacketLink" provided="1" ref="0x2ac2c41392d0">
      <component-ref nicename="PacketLinkDummyC" qname="PacketLinkDummyC"/>
      <type-interface alignment="I:2" size="I:2"><interface-ref name="PacketLink" ref="0x2ac2c41392d0" scoped=""/></type-interface>
      <instance>
        <interfacedef-ref nicename="PacketLink" qname="PacketLink"/>
      </instance>
      <interface-functions>
        <function-ref name="getRetryDelay" ref="0x2ac2c4139620" scoped=""/>
        <function-ref name="setRetries" ref="0x2ac2c41397a8" scoped=""/>
        <function-ref name="getRetries" ref="0x2ac2c4139930" scoped=""/>
        <function-ref name="setRetryDelay" ref="0x2ac2c4139ab8" scoped=""/>
        <function-ref name="wasDelivered" ref="0x2ac2c4139c40" scoped=""/>
      </interface-functions>
    </interface></specification><referenced><interface loc="54:/home/kasper/tinyos-main//tos/chips/cc2420/CC2420RadioC.nc" name="PacketAcknowledgements" provided="1" ref="0x2ac2c3737658">
      <component-ref nicename="CC2420RadioC" qname="CC2420RadioC"/>
      <type-interface alignment="I:2" size="I:2"><interface-ref name="PacketAcknowledgements" ref="0x2ac2c3737658" scoped=""/></type-interface>
      <instance>
        <interfacedef-ref nicename="PacketAcknowledgements" qname="PacketAcknowledgements"/>
      </instance>
      <interface-functions>
        <function-ref name="requestAck" ref="0x2ac2c37379a8" scoped=""/>
        <function-ref name="noAck" ref="0x2ac2c3737b30" scoped=""/>
        <function-ref name="wasAcked" ref="0x2ac2c3737cb8" scoped=""/>
      </interface-functions>
    </interface><interface loc="40:/home/kasper/tinyos-main//tos/chips/cc2420/link/PacketLinkDummyP.nc" name="PacketLink" provided="1" ref="0x2ac2c4137548">
      <component-ref nicename="PacketLinkDummyP" qname="PacketLinkDummyP"/>
      <type-interface alignment="I:2" size="I:2"><interface-ref name="PacketLink" ref="0x2ac2c4137548" scoped=""/></type-interface>
      <instance>
        <interfacedef-ref nicename="PacketLink" qname="PacketLink"/>
      </instance>
      <interface-functions>
        <function-ref name="getRetryDelay" ref="0x2ac2c4137898" scoped=""/>
        <function-ref name="setRetries" ref="0x2ac2c4137a20" scoped=""/>
        <function-ref name="getRetries" ref="0x2ac2c4137ba8" scoped=""/>
        <function-ref name="setRetryDelay" ref="0x2ac2c4137d30" scoped=""/>
        <function-ref name="wasDelivered" ref="0x2ac2c4134020" scoped=""/>
      </interface-functions>
    </interface><interface loc="44:/home/kasper/tinyos-main//tos/chips/cc2420/link/PacketLinkDummyP.nc" name="PacketAcknowledgements" provided="0" ref="0x2ac2c41343c8">
      <component-ref nicename="PacketLinkDummyP" qname="PacketLinkDummyP"/>
      <type-interface alignment="I:2" size="I:2"><interface-ref name="PacketAcknowledgements" ref="0x2ac2c41343c8" scoped=""/></type-interface>
      <instance>
        <interfacedef-ref nicename="PacketAcknowledgements" qname="PacketAcknowledgements"/>
      </instance>
      <interface-functions>
        <function-ref name="requestAck" ref="0x2ac2c4134718" scoped=""/>
        <function-ref name="noAck" ref="0x2ac2c41348a0" scoped=""/>
        <function-ref name="wasAcked" ref="0x2ac2c4134a28" scoped=""/>
      </interface-functions>
    </interface><component loc="38:/home/kasper/tinyos-main//tos/chips/cc2420/link/PacketLinkDummyP.nc" nicename="PacketLinkDummyP" qname="PacketLinkDummyP">
      <documentation loc="32:/home/kasper/tinyos-main//tos/chips/cc2420/link/PacketLinkDummyP.nc">
        <short>
 Dummy module for Packet Link layer
 </short>
        <long>
 Dummy module for Packet Link layer
 @author David Moss
 @author Jon Wyant
</long>
      </documentation>
      <module/>
    </component><component loc="41:/home/kasper/tinyos-main//tos/chips/cc2420/CC2420RadioC.nc" nicename="CC2420RadioC" qname="CC2420RadioC">
      <documentation loc="24:/home/kasper/tinyos-main//tos/chips/cc2420/CC2420RadioC.nc">
        <short>
 Radio wiring for the CC2420.</short>
        <long>
 Radio wiring for the CC2420.  This layer seperates the common
 wiring of the lower-layer components of the CC2420 stack and makes
 them available to clients like the AM stack and the IEEE802.15.4
 stack.

 This component provides the highest-level internal interface to
 other components of the CC2420 stack.

 @author Philip Levis
 @author David Moss
 @author Stephen Dawson-Haggerty
 @version $Revision: 1.2 $ $Date: 2009/08/20 01:37:44 $
</long>
      </documentation>
      <configuration/>
      <wiring>
        <wire loc="97:/home/kasper/tinyos-main//tos/chips/cc2420/CC2420RadioC.nc">
          <from><interface-ref name="SplitControl" ref="0x2ac2c3749020" scoped=""/></from>
          <to><interface-ref name="SplitControl" ref="0x2ac2c414ddc8" scoped=""/></to>
        </wire>
        <wire loc="86:/home/kasper/tinyos-main//tos/chips/cc2420/CC2420RadioC.nc">
          <from><interface-ref name="LinkPacketMetadata" ref="0x2ac2c3736020" scoped=""/></from>
          <to><interface-ref name="LinkPacketMetadata" ref="0x2ac2c3fa46b0" scoped=""/></to>
        </wire>
        <wire loc="82:/home/kasper/tinyos-main//tos/chips/cc2420/CC2420RadioC.nc">
          <from><interface-ref name="PacketLink" ref="0x2ac2c3735128" scoped=""/></from>
          <to><interface-ref name="PacketLink" ref="0x2ac2c41392d0" scoped=""/></to>
        </wire>
        <wire loc="84:/home/kasper/tinyos-main//tos/chips/cc2420/CC2420RadioC.nc">
          <from><interface-ref name="CC2420Packet" ref="0x2ac2c37397e8" scoped=""/></from>
          <to><interface-ref name="CC2420Packet" ref="0x2ac2c3fa84b0" scoped=""/></to>
        </wire>
        <wire loc="93:/home/kasper/tinyos-main//tos/chips/cc2420/CC2420RadioC.nc">
          <from><interface-ref name="ActiveSend" ref="0x2ac2c37414c8" scoped=""/></from>
          <to><interface-ref name="ActiveSend" ref="0x2ac2c40e3db8" scoped=""/></to>
        </wire>
        <wire loc="83:/home/kasper/tinyos-main//tos/chips/cc2420/CC2420RadioC.nc">
          <from><interface-ref name="LowPowerListening" ref="0x2ac2c3736668" scoped=""/></from>
          <to><interface-ref name="LowPowerListening" ref="0x2ac2c414d318" scoped=""/></to>
        </wire>
        <wire loc="90:/home/kasper/tinyos-main//tos/chips/cc2420/CC2420RadioC.nc">
          <from><interface-ref name="BareReceive" ref="0x2ac2c3742020" scoped=""/></from>
          <to><interface-ref name="Receive" ref="0x2ac2c40e3748" scoped=""/></to>
        </wire>
        <wire loc="85:/home/kasper/tinyos-main//tos/chips/cc2420/CC2420RadioC.nc">
          <from><interface-ref name="PacketAcknowledgements" ref="0x2ac2c3737658" scoped=""/></from>
          <to><interface-ref name="Acks" ref="0x2ac2c3fa53b8" scoped=""/></to>
        </wire>
        <wire loc="88:/home/kasper/tinyos-main//tos/chips/cc2420/CC2420RadioC.nc">
          <from><interface-ref name="Resource" ref="0x2ac2c3748340" scoped=""/></from>
          <to><interface-ref name="Resource" ref="0x2ac2c40e7e28" scoped=""/></to>
        </wire>
        <wire loc="89:/home/kasper/tinyos-main//tos/chips/cc2420/CC2420RadioC.nc">
          <from><interface-ref name="BareSend" ref="0x2ac2c3738330" scoped=""/></from>
          <to><interface-ref name="Send" ref="0x2ac2c40e4a40" scoped=""/></to>
        </wire>
        <wire loc="91:/home/kasper/tinyos-main//tos/chips/cc2420/CC2420RadioC.nc">
          <from><interface-ref name="BarePacket" ref="0x2ac2c37426a0" scoped=""/></from>
          <to><interface-ref name="BarePacket" ref="0x2ac2c40e11a8" scoped=""/></to>
        </wire>
        <wire loc="94:/home/kasper/tinyos-main//tos/chips/cc2420/CC2420RadioC.nc">
          <from><interface-ref name="ActiveReceive" ref="0x2ac2c37391d0" scoped=""/></from>
          <to><interface-ref name="ActiveReceive" ref="0x2ac2c40e2ae8" scoped=""/></to>
        </wire>
        <wire loc="98:/home/kasper/tinyos-main//tos/chips/cc2420/CC2420RadioC.nc">
          <from><interface-ref name="SubControl" ref="0x2ac2c414ad28" scoped=""/></from>
          <to><interface-ref name="SplitControl" ref="0x2ac2c3734778" scoped=""/></to>
        </wire>
        <wire loc="101:/home/kasper/tinyos-main//tos/chips/cc2420/CC2420RadioC.nc">
          <from><interface-ref name="SubSend" ref="0x2ac2c40e0670" scoped=""/></from>
          <to><interface-ref name="Send" ref="0x2ac2c4065d10" scoped=""/></to>
        </wire>
        <wire loc="102:/home/kasper/tinyos-main//tos/chips/cc2420/CC2420RadioC.nc">
          <from><interface-ref name="SubSend" ref="0x2ac2c4062a40" scoped=""/></from>
          <to><interface-ref name="Send" ref="0x2ac2c413c5d0" scoped=""/></to>
        </wire>
        <wire loc="103:/home/kasper/tinyos-main//tos/chips/cc2420/CC2420RadioC.nc">
          <from><interface-ref name="SubSend" ref="0x2ac2c4138020" scoped=""/></from>
          <to><interface-ref name="Send" ref="0x2ac2c414e080" scoped=""/></to>
        </wire>
        <wire loc="104:/home/kasper/tinyos-main//tos/chips/cc2420/CC2420RadioC.nc">
          <from><interface-ref name="SubSend" ref="0x2ac2c414b838" scoped=""/></from>
          <to><interface-ref name="Send" ref="0x2ac2c37722d8" scoped=""/></to>
        </wire>
        <wire loc="107:/home/kasper/tinyos-main//tos/chips/cc2420/CC2420RadioC.nc">
          <from><interface-ref name="SubReceive" ref="0x2ac2c40e0020" scoped=""/></from>
          <to><interface-ref name="Receive" ref="0x2ac2c414ec80" scoped=""/></to>
        </wire>
        <wire loc="108:/home/kasper/tinyos-main//tos/chips/cc2420/CC2420RadioC.nc">
          <from><interface-ref name="SubReceive" ref="0x2ac2c414a668" scoped=""/></from>
          <to><interface-ref name="Receive" ref="0x2ac2c40af758" scoped=""/></to>
        </wire>
        <wire loc="109:/home/kasper/tinyos-main//tos/chips/cc2420/CC2420RadioC.nc">
          <from><interface-ref name="SubReceive" ref="0x2ac2c40ac560" scoped=""/></from>
          <to><interface-ref name="Receive" ref="0x2ac2c3770020" scoped=""/></to>
        </wire>
      </wiring>
    </component></referenced></component>