<?xml version="1.0" ?><component loc="38:/home/kasper/tinyos-main//tos/chips/cc2420/link/PacketLinkDummyP.nc" nicename="PacketLinkDummyP" qname="PacketLinkDummyP">
      <documentation loc="32:/home/kasper/tinyos-main//tos/chips/cc2420/link/PacketLinkDummyP.nc">
        <short>
 Dummy module for Packet Link layer
 </short>
        <long>
 Dummy module for Packet Link layer
 @author David Moss
 @author Jon Wyant
</long>
      </documentation>
      <module/>
    <specification><interface loc="44:/home/kasper/tinyos-main//tos/chips/cc2420/link/PacketLinkDummyP.nc" name="PacketAcknowledgements" provided="0" ref="0x2ac2c41343c8">
      <component-ref nicename="PacketLinkDummyP" qname="PacketLinkDummyP"/>
      <type-interface alignment="I:2" size="I:2"><interface-ref name="PacketAcknowledgements" ref="0x2ac2c41343c8" scoped=""/></type-interface>
      <instance>
        <interfacedef-ref nicename="PacketAcknowledgements" qname="PacketAcknowledgements"/>
      </instance>
      <interface-functions>
        <function-ref name="requestAck" ref="0x2ac2c4134718" scoped=""/>
        <function-ref name="noAck" ref="0x2ac2c41348a0" scoped=""/>
        <function-ref name="wasAcked" ref="0x2ac2c4134a28" scoped=""/>
      </interface-functions>
    </interface><interface loc="40:/home/kasper/tinyos-main//tos/chips/cc2420/link/PacketLinkDummyP.nc" name="PacketLink" provided="1" ref="0x2ac2c4137548">
      <component-ref nicename="PacketLinkDummyP" qname="PacketLinkDummyP"/>
      <type-interface alignment="I:2" size="I:2"><interface-ref name="PacketLink" ref="0x2ac2c4137548" scoped=""/></type-interface>
      <instance>
        <interfacedef-ref nicename="PacketLink" qname="PacketLink"/>
      </instance>
      <interface-functions>
        <function-ref name="getRetryDelay" ref="0x2ac2c4137898" scoped=""/>
        <function-ref name="setRetries" ref="0x2ac2c4137a20" scoped=""/>
        <function-ref name="getRetries" ref="0x2ac2c4137ba8" scoped=""/>
        <function-ref name="setRetryDelay" ref="0x2ac2c4137d30" scoped=""/>
        <function-ref name="wasDelivered" ref="0x2ac2c4134020" scoped=""/>
      </interface-functions>
    </interface></specification><referenced/></component>