<?xml version="1.0" ?><component loc="3:/home/kasper/tinyos-main//tos/platforms/telosa/PlatformP.nc" nicename="PlatformP" qname="PlatformP" safe="">
      <module/>
    <specification><interface loc="6:/home/kasper/tinyos-main//tos/platforms/telosa/PlatformP.nc" name="MoteInit" provided="0" ref="0x2ac2c2e7dd90">
      <component-ref nicename="PlatformP" qname="PlatformP"/>
      <type-interface alignment="I:2" size="I:2"><interface-ref name="MoteInit" ref="0x2ac2c2e7dd90" scoped=""/></type-interface>
      <instance>
        <interfacedef-ref nicename="Init" qname="Init"/>
      </instance>
      <interface-functions>
        <function-ref name="init" ref="0x2ac2c2e7b170" scoped=""/>
      </interface-functions>
    </interface><interface loc="4:/home/kasper/tinyos-main//tos/platforms/telosa/PlatformP.nc" name="Init" provided="1" ref="0x2ac2c2e7d020">
      <component-ref nicename="PlatformP" qname="PlatformP"/>
      <type-interface alignment="I:2" size="I:2"><interface-ref name="Init" ref="0x2ac2c2e7d020" scoped=""/></type-interface>
      <instance>
        <interfacedef-ref nicename="Init" qname="Init"/>
      </instance>
      <interface-functions>
        <function-ref name="init" ref="0x2ac2c2e7d370" scoped=""/>
      </interface-functions>
    </interface><interface loc="5:/home/kasper/tinyos-main//tos/platforms/telosa/PlatformP.nc" name="MoteClockInit" provided="0" ref="0x2ac2c2e7d6f0">
      <component-ref nicename="PlatformP" qname="PlatformP"/>
      <type-interface alignment="I:2" size="I:2"><interface-ref name="MoteClockInit" ref="0x2ac2c2e7d6f0" scoped=""/></type-interface>
      <instance>
        <interfacedef-ref nicename="Init" qname="Init"/>
      </instance>
      <interface-functions>
        <function-ref name="init" ref="0x2ac2c2e7da40" scoped=""/>
      </interface-functions>
    </interface><interface loc="7:/home/kasper/tinyos-main//tos/platforms/telosa/PlatformP.nc" name="LedsInit" provided="0" ref="0x2ac2c2e7b4c0">
      <component-ref nicename="PlatformP" qname="PlatformP"/>
      <type-interface alignment="I:2" size="I:2"><interface-ref name="LedsInit" ref="0x2ac2c2e7b4c0" scoped=""/></type-interface>
      <instance>
        <interfacedef-ref nicename="Init" qname="Init"/>
      </instance>
      <interface-functions>
        <function-ref name="init" ref="0x2ac2c2e7b810" scoped=""/>
      </interface-functions>
    </interface></specification><referenced/></component>