<?xml version="1.0" ?><component loc="40:/home/kasper/tinyos-main//tos/platforms/telosa/PlatformC.nc" nicename="PlatformC" qname="PlatformC">
      <documentation loc="34:/home/kasper/tinyos-main//tos/platforms/telosa/PlatformC.nc">
        <short>
 </short>
        <long>
 @author Joe Polastre and Cory Sharp
 @version $Revision: 1.6 $ $Date: 2010-06-29 22:07:55 $
</long>
      </documentation>
      <configuration/>
      <wiring>
        <wire loc="48:/home/kasper/tinyos-main//tos/platforms/telosa/PlatformC.nc">
          <from><interface-ref name="Init" ref="0x2ac2c2e66d70" scoped=""/></from>
          <to><interface-ref name="Init" ref="0x2ac2c2e7d020" scoped=""/></to>
        </wire>
        <wire loc="49:/home/kasper/tinyos-main//tos/platforms/telosa/PlatformC.nc">
          <from><interface-ref name="MoteClockInit" ref="0x2ac2c2e7d6f0" scoped=""/></from>
          <to><interface-ref name="MoteClockInit" ref="0x2ac2c2e77448" scoped=""/></to>
        </wire>
        <wire loc="50:/home/kasper/tinyos-main//tos/platforms/telosa/PlatformC.nc">
          <from><interface-ref name="MoteInit" ref="0x2ac2c2e7dd90" scoped=""/></from>
          <to><interface-ref name="Init" ref="0x2ac2c2e7fd60" scoped=""/></to>
        </wire>
      </wiring>
    <specification><interface loc="42:/home/kasper/tinyos-main//tos/platforms/telosa/PlatformC.nc" name="Init" provided="1" ref="0x2ac2c2e66d70">
      <component-ref nicename="PlatformC" qname="PlatformC"/>
      <type-interface alignment="I:2" size="I:2"><interface-ref name="Init" ref="0x2ac2c2e66d70" scoped=""/></type-interface>
      <instance>
        <interfacedef-ref nicename="Init" qname="Init"/>
      </instance>
      <interface-functions>
        <function-ref name="init" ref="0x2ac2c2e800f0" scoped=""/>
      </interface-functions>
    </interface></specification><referenced><interface loc="5:/home/kasper/tinyos-main//tos/platforms/telosa/PlatformP.nc" name="MoteClockInit" provided="0" ref="0x2ac2c2e7d6f0">
      <component-ref nicename="PlatformP" qname="PlatformP"/>
      <type-interface alignment="I:2" size="I:2"><interface-ref name="MoteClockInit" ref="0x2ac2c2e7d6f0" scoped=""/></type-interface>
      <instance>
        <interfacedef-ref nicename="Init" qname="Init"/>
      </instance>
      <interface-functions>
        <function-ref name="init" ref="0x2ac2c2e7da40" scoped=""/>
      </interface-functions>
    </interface><interface loc="4:/home/kasper/tinyos-main//tos/platforms/telosa/PlatformP.nc" name="Init" provided="1" ref="0x2ac2c2e7d020">
      <component-ref nicename="PlatformP" qname="PlatformP"/>
      <type-interface alignment="I:2" size="I:2"><interface-ref name="Init" ref="0x2ac2c2e7d020" scoped=""/></type-interface>
      <instance>
        <interfacedef-ref nicename="Init" qname="Init"/>
      </instance>
      <interface-functions>
        <function-ref name="init" ref="0x2ac2c2e7d370" scoped=""/>
      </interface-functions>
    </interface><interface loc="39:/home/kasper/tinyos-main//tos/platforms/telosb/MoteClockC.nc" name="MoteClockInit" provided="1" ref="0x2ac2c2e77448">
      <component-ref nicename="MoteClockC" qname="MoteClockC"/>
      <type-interface alignment="I:2" size="I:2"><interface-ref name="MoteClockInit" ref="0x2ac2c2e77448" scoped=""/></type-interface>
      <instance>
        <interfacedef-ref nicename="Init" qname="Init"/>
      </instance>
      <interface-functions>
        <function-ref name="init" ref="0x2ac2c2e77798" scoped=""/>
      </interface-functions>
    </interface><interface loc="6:/home/kasper/tinyos-main//tos/platforms/telosa/PlatformP.nc" name="MoteInit" provided="0" ref="0x2ac2c2e7dd90">
      <component-ref nicename="PlatformP" qname="PlatformP"/>
      <type-interface alignment="I:2" size="I:2"><interface-ref name="MoteInit" ref="0x2ac2c2e7dd90" scoped=""/></type-interface>
      <instance>
        <interfacedef-ref nicename="Init" qname="Init"/>
      </instance>
      <interface-functions>
        <function-ref name="init" ref="0x2ac2c2e7b170" scoped=""/>
      </interface-functions>
    </interface><interface loc="2:/home/kasper/tinyos-main//tos/platforms/telosb/MotePlatformC.nc" name="Init" provided="1" ref="0x2ac2c2e7fd60">
      <component-ref nicename="MotePlatformC" qname="MotePlatformC"/>
      <type-interface alignment="I:2" size="I:2"><interface-ref name="Init" ref="0x2ac2c2e7fd60" scoped=""/></type-interface>
      <instance>
        <interfacedef-ref nicename="Init" qname="Init"/>
      </instance>
      <interface-functions>
        <function-ref name="init" ref="0x2ac2c2e750d8" scoped=""/>
      </interface-functions>
    </interface><component loc="3:/home/kasper/tinyos-main//tos/platforms/telosa/PlatformP.nc" nicename="PlatformP" qname="PlatformP" safe="">
      <module/>
    </component><component loc="1:/home/kasper/tinyos-main//tos/platforms/telosb/MotePlatformC.nc" nicename="MotePlatformC" qname="MotePlatformC" safe="">
      <module/>
    </component><component loc="37:/home/kasper/tinyos-main//tos/platforms/telosb/MoteClockC.nc" nicename="MoteClockC" qname="MoteClockC">
      <documentation loc="33:/home/kasper/tinyos-main//tos/platforms/telosb/MoteClockC.nc">
        <short>
 </short>
        <long>
 @author Vlado Handziski &lt;handzisk@tkn.tu-berlind.de&gt;
</long>
      </documentation>
      <configuration/>
      <wiring>
        <wire loc="46:/home/kasper/tinyos-main//tos/platforms/telosb/MoteClockC.nc">
          <from><interface-ref name="MoteClockInit" ref="0x2ac2c2e77448" scoped=""/></from>
          <to><interface-ref name="Init" ref="0x2ac2c2e99290" scoped=""/></to>
        </wire>
      </wiring>
    </component></referenced></component>