<?xml version="1.0" ?><component loc="43:/home/kasper/tinyos-main//tos/system/RandomC.nc" nicename="RandomC" qname="RandomC">
      <documentation loc="33:/home/kasper/tinyos-main//tos/system/RandomC.nc">
        <short>
 The standard TinyOS random number generator.</short>
        <long>
 The standard TinyOS random number generator. If your system requires a 
 specific random number generator, it should wire to that component
 directly. 

 @author  Barbara Hohlt 
 @author  Phil Levis 
 @date    March 1 2005
</long>
      </documentation>
      <configuration/>
      <wiring>
        <wire loc="56:/home/kasper/tinyos-main//tos/system/RandomC.nc">
          <from><interface-ref name="Random" ref="0x2ac2c407fb98" scoped=""/></from>
          <to><interface-ref name="Random" ref="0x2ac2c4078a08" scoped=""/></to>
        </wire>
        <wire loc="55:/home/kasper/tinyos-main//tos/system/RandomC.nc">
          <from><interface-ref name="SeedInit" ref="0x2ac2c407db10" scoped=""/></from>
          <to><interface-ref name="SeedInit" ref="0x2ac2c40799f0" scoped=""/></to>
        </wire>
        <wire loc="54:/home/kasper/tinyos-main//tos/system/RandomC.nc">
          <from><interface-ref name="Init" ref="0x2ac2c4083db8" scoped=""/></from>
          <to><interface-ref name="Init" ref="0x2ac2c4079198" scoped=""/></to>
        </wire>
        <wire loc="52:/home/kasper/tinyos-main//tos/system/RandomC.nc">
          <from><interface-ref name="SoftwareInit" ref="0x2ac2c2e67e48" scoped=""/></from>
          <to><interface-ref name="Init" ref="0x2ac2c4079198" scoped=""/></to>
        </wire>
      </wiring>
    <specification><interface loc="46:/home/kasper/tinyos-main//tos/system/RandomC.nc" name="Random" provided="1" ref="0x2ac2c407fb98">
      <component-ref nicename="RandomC" qname="RandomC"/>
      <type-interface alignment="I:2" size="I:2"><interface-ref name="Random" ref="0x2ac2c407fb98" scoped=""/></type-interface>
      <instance>
        <interfacedef-ref nicename="Random" qname="Random"/>
      </instance>
      <interface-functions>
        <function-ref name="rand16" ref="0x2ac2c407e020" scoped=""/>
        <function-ref name="rand32" ref="0x2ac2c407e1a8" scoped=""/>
      </interface-functions>
    </interface><interface loc="45:/home/kasper/tinyos-main//tos/system/RandomC.nc" name="SeedInit" provided="1" ref="0x2ac2c407db10">
      <component-ref nicename="RandomC" qname="RandomC"/>
      <type-interface alignment="I:2" size="I:2"><interface-ref name="SeedInit" ref="0x2ac2c407db10" scoped=""/></type-interface>
      <instance>
        <interfacedef-ref nicename="ParameterInit" qname="ParameterInit"/>
        <arguments>
          <type-int alignment="I:2" cname="unsigned int" size="I:2" unsigned="">
            <typename><typedef-ref name="uint16_t" ref="0x2ac2c209ab20"/></typename>
          </type-int>
        </arguments>
      </instance>
      <interface-functions>
        <function-ref name="init" ref="0x2ac2c407f6f0" scoped=""/>
      </interface-functions>
    </interface><interface loc="44:/home/kasper/tinyos-main//tos/system/RandomC.nc" name="Init" provided="1" ref="0x2ac2c4083db8">
      <component-ref nicename="RandomC" qname="RandomC"/>
      <type-interface alignment="I:2" size="I:2"><interface-ref name="Init" ref="0x2ac2c4083db8" scoped=""/></type-interface>
      <instance>
        <interfacedef-ref nicename="Init" qname="Init"/>
      </instance>
      <interface-functions>
        <function-ref name="init" ref="0x2ac2c4080170" scoped=""/>
      </interface-functions>
    </interface></specification><referenced><interface loc="47:/home/kasper/tinyos-main//tos/system/RandomMlcgC.nc" name="SeedInit" provided="1" ref="0x2ac2c40799f0">
      <component-ref nicename="RandomMlcgC" qname="RandomMlcgC"/>
      <type-interface alignment="I:2" size="I:2"><interface-ref name="SeedInit" ref="0x2ac2c40799f0" scoped=""/></type-interface>
      <instance>
        <interfacedef-ref nicename="ParameterInit" qname="ParameterInit"/>
        <arguments>
          <type-int alignment="I:2" cname="unsigned int" size="I:2" unsigned="">
            <typename><typedef-ref name="uint16_t" ref="0x2ac2c209ab20"/></typename>
          </type-int>
        </arguments>
      </instance>
      <interface-functions>
        <function-ref name="init" ref="0x2ac2c4078560" scoped=""/>
      </interface-functions>
    </interface><interface loc="46:/home/kasper/tinyos-main//tos/system/RandomMlcgC.nc" name="Init" provided="1" ref="0x2ac2c4079198">
      <component-ref nicename="RandomMlcgC" qname="RandomMlcgC"/>
      <type-interface alignment="I:2" size="I:2"><interface-ref name="Init" ref="0x2ac2c4079198" scoped=""/></type-interface>
      <instance>
        <interfacedef-ref nicename="Init" qname="Init"/>
      </instance>
      <interface-functions>
        <function-ref name="init" ref="0x2ac2c40794e8" scoped=""/>
      </interface-functions>
    </interface><interface loc="58:/home/kasper/tinyos-main//tos/system/MainC.nc" name="SoftwareInit" provided="0" ref="0x2ac2c2e67e48">
      <component-ref nicename="MainC" qname="MainC"/>
      <type-interface alignment="I:2" size="I:2"><interface-ref name="SoftwareInit" ref="0x2ac2c2e67e48" scoped=""/></type-interface>
      <instance>
        <interfacedef-ref nicename="Init" qname="Init"/>
      </instance>
      <interface-functions>
        <function-ref name="init" ref="0x2ac2c2e661c0" scoped=""/>
      </interface-functions>
    </interface><interface loc="48:/home/kasper/tinyos-main//tos/system/RandomMlcgC.nc" name="Random" provided="1" ref="0x2ac2c4078a08">
      <component-ref nicename="RandomMlcgC" qname="RandomMlcgC"/>
      <type-interface alignment="I:2" size="I:2"><interface-ref name="Random" ref="0x2ac2c4078a08" scoped=""/></type-interface>
      <instance>
        <interfacedef-ref nicename="Random" qname="Random"/>
      </instance>
      <interface-functions>
        <function-ref name="rand16" ref="0x2ac2c4078d58" scoped=""/>
        <function-ref name="rand32" ref="0x2ac2c4077020" scoped=""/>
      </interface-functions>
    </interface><component loc="45:/home/kasper/tinyos-main//tos/system/RandomMlcgC.nc" nicename="RandomMlcgC" qname="RandomMlcgC" safe="">
      <documentation loc="32:/home/kasper/tinyos-main//tos/system/RandomMlcgC.nc">
        <short> This code is a fast implementation of the Park-Miller Minimal Standard 
  Generator for pseudo-random numbers.</short>
        <long> This code is a fast implementation of the Park-Miller Minimal Standard 
  Generator for pseudo-random numbers.  It uses the 32 bit multiplicative 
  linear congruential generator, 

		S' = (A x S) mod (2^31 - 1) 

  for A = 16807.


 @author Barbara Hohlt 
 @date   March 1 2005
</long>
      </documentation>
      <module/>
    </component><component loc="56:/home/kasper/tinyos-main//tos/system/MainC.nc" nicename="MainC" qname="MainC">
      <documentation loc="45:/home/kasper/tinyos-main//tos/system/MainC.nc">
        <short>
 MainC is the system interface the TinyOS boot sequence.</short>
        <long>
 MainC is the system interface the TinyOS boot sequence. It wires the
 boot sequence implementation to the scheduler and hardware resources.

 @author Philip Levis
 @date   August 6 2005
 @see    TEP 107: Boot Sequence
</long>
      </documentation>
      <configuration/>
      <wiring>
        <wire loc="72:/home/kasper/tinyos-main//tos/system/MainC.nc">
          <from><interface-ref name="Boot" ref="0x2ac2c2e659c0" scoped=""/></from>
          <to><interface-ref name="Boot" ref="0x2ac2c2e64c40" scoped=""/></to>
        </wire>
        <wire loc="67:/home/kasper/tinyos-main//tos/system/MainC.nc">
          <from><interface-ref name="Scheduler" ref="0x2ac2c3010308" scoped=""/></from>
          <to><interface-ref name="Scheduler" ref="0x2ac2c29e8390" scoped=""/></to>
        </wire>
        <wire loc="68:/home/kasper/tinyos-main//tos/system/MainC.nc">
          <from><interface-ref name="PlatformInit" ref="0x2ac2c3010ce0" scoped=""/></from>
          <to><interface-ref name="Init" ref="0x2ac2c2e66d70" scoped=""/></to>
        </wire>
        <wire loc="71:/home/kasper/tinyos-main//tos/system/MainC.nc">
          <from><interface-ref name="SoftwareInit" ref="0x2ac2c302a418" scoped=""/></from>
          <to><interface-ref name="SoftwareInit" ref="0x2ac2c2e67e48" scoped=""/></to>
        </wire>
      </wiring>
    </component></referenced></component>