<?xml version="1.0" ?><component loc="56:/home/kasper/tinyos-main//tos/system/RealMainP.nc" nicename="RealMainP" qname="RealMainP" safe="">
      <documentation loc="49:/home/kasper/tinyos-main//tos/system/RealMainP.nc">
        <short>
 RealMain implements the TinyOS boot sequence, as documented in TEP 107.</short>
        <long>
 RealMain implements the TinyOS boot sequence, as documented in TEP 107.

 @author Philip Levis
 @date   January 17 2005
</long>
      </documentation>
      <module/>
    <specification><interface loc="60:/home/kasper/tinyos-main//tos/system/RealMainP.nc" name="SoftwareInit" provided="0" ref="0x2ac2c302a418">
      <component-ref nicename="RealMainP" qname="RealMainP"/>
      <type-interface alignment="I:2" size="I:2"><interface-ref name="SoftwareInit" ref="0x2ac2c302a418" scoped=""/></type-interface>
      <instance>
        <interfacedef-ref nicename="Init" qname="Init"/>
      </instance>
      <interface-functions>
        <function-ref name="init" ref="0x2ac2c302a768" scoped=""/>
      </interface-functions>
    </interface><interface loc="57:/home/kasper/tinyos-main//tos/system/RealMainP.nc" name="Boot" provided="1" ref="0x2ac2c2e64c40">
      <component-ref nicename="RealMainP" qname="RealMainP"/>
      <type-interface alignment="I:2" size="I:2"><interface-ref name="Boot" ref="0x2ac2c2e64c40" scoped=""/></type-interface>
      <instance>
        <interfacedef-ref nicename="Boot" qname="Boot"/>
      </instance>
      <interface-functions>
        <function-ref name="booted" ref="0x2ac2c3010020" scoped=""/>
      </interface-functions>
    </interface><interface loc="59:/home/kasper/tinyos-main//tos/system/RealMainP.nc" name="PlatformInit" provided="0" ref="0x2ac2c3010ce0">
      <component-ref nicename="RealMainP" qname="RealMainP"/>
      <type-interface alignment="I:2" size="I:2"><interface-ref name="PlatformInit" ref="0x2ac2c3010ce0" scoped=""/></type-interface>
      <instance>
        <interfacedef-ref nicename="Init" qname="Init"/>
      </instance>
      <interface-functions>
        <function-ref name="init" ref="0x2ac2c302a0a0" scoped=""/>
      </interface-functions>
    </interface><interface loc="58:/home/kasper/tinyos-main//tos/system/RealMainP.nc" name="Scheduler" provided="0" ref="0x2ac2c3010308">
      <component-ref nicename="RealMainP" qname="RealMainP"/>
      <type-interface alignment="I:2" size="I:2"><interface-ref name="Scheduler" ref="0x2ac2c3010308" scoped=""/></type-interface>
      <instance>
        <interfacedef-ref nicename="Scheduler" qname="Scheduler"/>
      </instance>
      <interface-functions>
        <function-ref name="init" ref="0x2ac2c3010658" scoped=""/>
        <function-ref name="taskLoop" ref="0x2ac2c30107e0" scoped=""/>
        <function-ref name="runNextTask" ref="0x2ac2c3010968" scoped=""/>
      </interface-functions>
    </interface></specification><referenced/></component>