<?xml version="1.0" ?><component abstract="" loc="48:/home/kasper/tinyos-main//tos/lib/serial/SerialDispatcherP.nc" nicename="SerialDispatcherP" qname="SerialDispatcherP">
      <documentation loc="71:/home/kasper/tinyos-main//tos/lib/serial/Serial.h">
        <short>
 </short>
        <long>
 @author Phil Buonadonna
 @author Lewis Girod
 @author Ben Greenstein
 @author Philip Levis
 @date   August 7 2005
</long>
      </documentation>
      <parameters>
      </parameters>
      <module/>
    <specification><interface loc="275:/home/kasper/tinyos-main//tos/lib/serial/SerialDispatcherP.nc" name="receiveTask" provided="0" ref="0x2ac2c4387020">
      <component-ref nicename="SerialDispatcherP" qname="SerialDispatcherP"/>
      <type-interface alignment="I:2" size="I:2"><interface-ref name="receiveTask" ref="0x2ac2c4387020" scoped=""/></type-interface>
      <instance>
        <interfacedef-ref nicename="TaskBasic" qname="TaskBasic"/>
      </instance>
      <interface-functions>
        <function-ref name="postTask" ref="0x2ac2c4387370" scoped=""/>
        <function-ref name="runTask" ref="0x2ac2c43874f8" scoped=""/>
      </interface-functions>
    </interface><interface loc="51:/home/kasper/tinyos-main//tos/lib/serial/SerialDispatcherP.nc" name="Send" provided="1" ref="0x2ac2c43591c8">
      <component-ref nicename="SerialDispatcherP" qname="SerialDispatcherP"/>
      <type-interface alignment="I:2" size="I:2"><interface-ref name="Send" ref="0x2ac2c43591c8" scoped=""/></type-interface>
      <instance>
        <interfacedef-ref nicename="Send" qname="Send"/>
      </instance>
      <interface-parameters>
        <type-int alignment="I:1" cname="unsigned char" size="I:1" unsigned="">
          <typename><typedef-ref name="uart_id_t" ref="0x2ac2c35c4b38"/></typename>
        </type-int>
      </interface-parameters>
      <interface-functions>
        <function-ref name="send" ref="0x2ac2c4359518" scoped=""/>
        <function-ref name="getPayload" ref="0x2ac2c43596a0" scoped=""/>
        <function-ref name="maxPayloadLength" ref="0x2ac2c4359828" scoped=""/>
        <function-ref name="cancel" ref="0x2ac2c43599b0" scoped=""/>
        <function-ref name="sendDone" ref="0x2ac2c4359b38" scoped=""/>
      </interface-functions>
    </interface><interface loc="158:/home/kasper/tinyos-main//tos/lib/serial/SerialDispatcherP.nc" name="signalSendDone" provided="0" ref="0x2ac2c43a7080">
      <component-ref nicename="SerialDispatcherP" qname="SerialDispatcherP"/>
      <type-interface alignment="I:2" size="I:2"><interface-ref name="signalSendDone" ref="0x2ac2c43a7080" scoped=""/></type-interface>
      <instance>
        <interfacedef-ref nicename="TaskBasic" qname="TaskBasic"/>
      </instance>
      <interface-functions>
        <function-ref name="postTask" ref="0x2ac2c43a73d0" scoped=""/>
        <function-ref name="runTask" ref="0x2ac2c43a7558" scoped=""/>
      </interface-functions>
    </interface><interface loc="50:/home/kasper/tinyos-main//tos/lib/serial/SerialDispatcherP.nc" name="Receive" provided="1" ref="0x2ac2c435a588">
      <component-ref nicename="SerialDispatcherP" qname="SerialDispatcherP"/>
      <type-interface alignment="I:2" size="I:2"><interface-ref name="Receive" ref="0x2ac2c435a588" scoped=""/></type-interface>
      <instance>
        <interfacedef-ref nicename="Receive" qname="Receive"/>
      </instance>
      <interface-parameters>
        <type-int alignment="I:1" cname="unsigned char" size="I:1" unsigned="">
          <typename><typedef-ref name="uart_id_t" ref="0x2ac2c35c4b38"/></typename>
        </type-int>
      </interface-parameters>
      <interface-functions>
        <function-ref name="receive" ref="0x2ac2c435a8d8" scoped=""/>
      </interface-functions>
    </interface><interface loc="54:/home/kasper/tinyos-main//tos/lib/serial/SerialDispatcherP.nc" name="PacketInfo" provided="0" ref="0x2ac2c43574b0">
      <component-ref nicename="SerialDispatcherP" qname="SerialDispatcherP"/>
      <type-interface alignment="I:2" size="I:2"><interface-ref name="PacketInfo" ref="0x2ac2c43574b0" scoped=""/></type-interface>
      <instance>
        <interfacedef-ref nicename="SerialPacketInfo" qname="SerialPacketInfo"/>
      </instance>
      <interface-parameters>
        <type-int alignment="I:1" cname="unsigned char" size="I:1" unsigned="">
          <typename><typedef-ref name="uart_id_t" ref="0x2ac2c35c4b38"/></typename>
        </type-int>
      </interface-parameters>
      <interface-functions>
        <function-ref name="upperLength" ref="0x2ac2c4357800" scoped=""/>
        <function-ref name="offset" ref="0x2ac2c4357988" scoped=""/>
        <function-ref name="dataLinkLength" ref="0x2ac2c4357b10" scoped=""/>
      </interface-functions>
    </interface><interface loc="57:/home/kasper/tinyos-main//tos/lib/serial/SerialDispatcherP.nc" name="Leds" provided="0" ref="0x2ac2c4355298">
      <component-ref nicename="SerialDispatcherP" qname="SerialDispatcherP"/>
      <type-interface alignment="I:2" size="I:2"><interface-ref name="Leds" ref="0x2ac2c4355298" scoped=""/></type-interface>
      <instance>
        <interfacedef-ref nicename="Leds" qname="Leds"/>
      </instance>
      <interface-functions>
        <function-ref name="led0Off" ref="0x2ac2c43555e8" scoped=""/>
        <function-ref name="led0Toggle" ref="0x2ac2c4355770" scoped=""/>
        <function-ref name="led1On" ref="0x2ac2c43558f8" scoped=""/>
        <function-ref name="led1Toggle" ref="0x2ac2c4355a80" scoped=""/>
        <function-ref name="led2Toggle" ref="0x2ac2c4355c08" scoped=""/>
        <function-ref name="get" ref="0x2ac2c4355d90" scoped=""/>
        <function-ref name="led1Off" ref="0x2ac2c4354020" scoped=""/>
        <function-ref name="led2Off" ref="0x2ac2c4354640" scoped=""/>
        <function-ref name="set" ref="0x2ac2c43541a8" scoped=""/>
        <function-ref name="led0On" ref="0x2ac2c4354330" scoped=""/>
        <function-ref name="led2On" ref="0x2ac2c43544b8" scoped=""/>
      </interface-functions>
    </interface><interface loc="56:/home/kasper/tinyos-main//tos/lib/serial/SerialDispatcherP.nc" name="SendBytePacket" provided="0" ref="0x2ac2c4356790">
      <component-ref nicename="SerialDispatcherP" qname="SerialDispatcherP"/>
      <type-interface alignment="I:2" size="I:2"><interface-ref name="SendBytePacket" ref="0x2ac2c4356790" scoped=""/></type-interface>
      <instance>
        <interfacedef-ref nicename="SendBytePacket" qname="SendBytePacket"/>
      </instance>
      <interface-functions>
        <function-ref name="completeSend" ref="0x2ac2c4356ae0" scoped=""/>
        <function-ref name="nextByte" ref="0x2ac2c4356c68" scoped=""/>
        <function-ref name="startSend" ref="0x2ac2c4356df0" scoped=""/>
        <function-ref name="sendCompleted" ref="0x2ac2c4355020" scoped=""/>
      </interface-functions>
    </interface><interface loc="55:/home/kasper/tinyos-main//tos/lib/serial/SerialDispatcherP.nc" name="ReceiveBytePacket" provided="0" ref="0x2ac2c4357e08">
      <component-ref nicename="SerialDispatcherP" qname="SerialDispatcherP"/>
      <type-interface alignment="I:2" size="I:2"><interface-ref name="ReceiveBytePacket" ref="0x2ac2c4357e08" scoped=""/></type-interface>
      <instance>
        <interfacedef-ref nicename="ReceiveBytePacket" qname="ReceiveBytePacket"/>
      </instance>
      <interface-functions>
        <function-ref name="startPacket" ref="0x2ac2c43561a8" scoped=""/>
        <function-ref name="byteReceived" ref="0x2ac2c4356330" scoped=""/>
        <function-ref name="endPacket" ref="0x2ac2c43564b8" scoped=""/>
      </interface-functions>
    </interface></specification><referenced/></component>