<?xml version="1.0" ?><component abstract="" loc="47:/home/kasper/tinyos-main//tos/lib/serial/SerialAMSenderC.nc" nicename="SerialAMSenderC" qname="SerialAMSenderC">
      <documentation loc="71:/home/kasper/tinyos-main//tos/lib/serial/Serial.h">
        <short>
 </short>
        <long>
 @author Phil Buonadonna
 @author Lewis Girod
 @author Ben Greenstein
 @author Philip Levis
 @date   August 7 2005
</long>
      </documentation>
      <parameters>
        <constant loc="47:/home/kasper/tinyos-main//tos/lib/serial/SerialAMSenderC.nc" name="AMId" ref="0x2ac2c48266d8">
          <component-ref nicename="SerialAMSenderC" qname="SerialAMSenderC"/>
          <type-int alignment="I:1" cname="unsigned char" size="I:1" unsigned="">
            <typename><typedef-ref name="am_id_t" ref="0x2ac2c35c5110"/></typename>
          </type-int>
        </constant>
      </parameters>
      <configuration/>
      <wiring>
        <wire loc="63:/home/kasper/tinyos-main//tos/lib/serial/SerialAMSenderC.nc">
          <from><interface-ref name="AMSend" ref="0x2ac2c4826b48" scoped=""/></from>
          <to><interface-ref name="AMSend" ref="0x2ac2c481f768" scoped=""/></to>
        </wire>
        <wire loc="64:/home/kasper/tinyos-main//tos/lib/serial/SerialAMSenderC.nc">
          <from><interface-ref name="Packet" ref="0x2ac2c48238c8" scoped=""/></from>
          <to><interface-ref name="Packet" ref="0x2ac2c425f0c0" scoped=""/></to>
        </wire>
        <wire loc="65:/home/kasper/tinyos-main//tos/lib/serial/SerialAMSenderC.nc">
          <from><interface-ref name="AMPacket" ref="0x2ac2c48225d0" scoped=""/></from>
          <to><interface-ref name="AMPacket" ref="0x2ac2c425fcd0" scoped=""/></to>
        </wire>
        <wire loc="66:/home/kasper/tinyos-main//tos/lib/serial/SerialAMSenderC.nc">
          <from><interface-ref name="Acks" ref="0x2ac2c4821ce8" scoped=""/></from>
          <to><interface-ref name="PacketAcknowledgements" ref="0x2ac2c425d348" scoped=""/></to>
        </wire>
        <wire loc="60:/home/kasper/tinyos-main//tos/lib/serial/SerialAMSenderC.nc">
          <from><interface-ref name="Send" ref="0x2ac2c481e450" scoped=""/></from>
          <to><interface-ref name="Send" ref="0x2ac2c4818020" scoped=""/>
          <arguments>
            <value cst="U:">
              <type-int alignment="I:2" cname="unsigned int" size="I:2" unsigned=""/>
            </value>
          </arguments>
          </to>
        </wire>
        <wire loc="61:/home/kasper/tinyos-main//tos/lib/serial/SerialAMSenderC.nc">
          <from><interface-ref name="AMPacket" ref="0x2ac2c481d060" scoped=""/></from>
          <to><interface-ref name="AMPacket" ref="0x2ac2c425fcd0" scoped=""/></to>
        </wire>
      </wiring>
    <specification><interface loc="49:/home/kasper/tinyos-main//tos/lib/serial/SerialAMSenderC.nc" name="AMSend" provided="1" ref="0x2ac2c4826b48">
      <component-ref nicename="SerialAMSenderC" qname="SerialAMSenderC"/>
      <type-interface alignment="I:2" size="I:2"><interface-ref name="AMSend" ref="0x2ac2c4826b48" scoped=""/></type-interface>
      <instance>
        <interfacedef-ref nicename="AMSend" qname="AMSend"/>
      </instance>
      <interface-functions>
        <function-ref name="send" ref="0x2ac2c4823020" scoped=""/>
        <function-ref name="getPayload" ref="0x2ac2c48231a8" scoped=""/>
        <function-ref name="maxPayloadLength" ref="0x2ac2c4823330" scoped=""/>
        <function-ref name="cancel" ref="0x2ac2c48234b8" scoped=""/>
        <function-ref name="sendDone" ref="0x2ac2c4823640" scoped=""/>
      </interface-functions>
    </interface><interface loc="50:/home/kasper/tinyos-main//tos/lib/serial/SerialAMSenderC.nc" name="Packet" provided="1" ref="0x2ac2c48238c8">
      <component-ref nicename="SerialAMSenderC" qname="SerialAMSenderC"/>
      <type-interface alignment="I:2" size="I:2"><interface-ref name="Packet" ref="0x2ac2c48238c8" scoped=""/></type-interface>
      <instance>
        <interfacedef-ref nicename="Packet" qname="Packet"/>
      </instance>
      <interface-functions>
        <function-ref name="clear" ref="0x2ac2c4823c18" scoped=""/>
        <function-ref name="payloadLength" ref="0x2ac2c4823da0" scoped=""/>
        <function-ref name="getPayload" ref="0x2ac2c4822020" scoped=""/>
        <function-ref name="maxPayloadLength" ref="0x2ac2c48221a8" scoped=""/>
        <function-ref name="setPayloadLength" ref="0x2ac2c4822330" scoped=""/>
      </interface-functions>
    </interface><interface loc="51:/home/kasper/tinyos-main//tos/lib/serial/SerialAMSenderC.nc" name="AMPacket" provided="1" ref="0x2ac2c48225d0">
      <component-ref nicename="SerialAMSenderC" qname="SerialAMSenderC"/>
      <type-interface alignment="I:2" size="I:2"><interface-ref name="AMPacket" ref="0x2ac2c48225d0" scoped=""/></type-interface>
      <instance>
        <interfacedef-ref nicename="AMPacket" qname="AMPacket"/>
      </instance>
      <interface-functions>
        <function-ref name="group" ref="0x2ac2c4822920" scoped=""/>
        <function-ref name="source" ref="0x2ac2c4822aa8" scoped=""/>
        <function-ref name="address" ref="0x2ac2c4822c30" scoped=""/>
        <function-ref name="destination" ref="0x2ac2c4822db8" scoped=""/>
        <function-ref name="setSource" ref="0x2ac2c4821020" scoped=""/>
        <function-ref name="setDestination" ref="0x2ac2c48211a8" scoped=""/>
        <function-ref name="type" ref="0x2ac2c4821330" scoped=""/>
        <function-ref name="setType" ref="0x2ac2c48214b8" scoped=""/>
        <function-ref name="isForMe" ref="0x2ac2c4821640" scoped=""/>
        <function-ref name="setGroup" ref="0x2ac2c48217c8" scoped=""/>
        <function-ref name="localGroup" ref="0x2ac2c4821950" scoped=""/>
      </interface-functions>
    </interface><interface loc="52:/home/kasper/tinyos-main//tos/lib/serial/SerialAMSenderC.nc" name="Acks" provided="1" ref="0x2ac2c4821ce8">
      <component-ref nicename="SerialAMSenderC" qname="SerialAMSenderC"/>
      <type-interface alignment="I:2" size="I:2"><interface-ref name="Acks" ref="0x2ac2c4821ce8" scoped=""/></type-interface>
      <instance>
        <interfacedef-ref nicename="PacketAcknowledgements" qname="PacketAcknowledgements"/>
      </instance>
      <interface-functions>
        <function-ref name="requestAck" ref="0x2ac2c48200a0" scoped=""/>
        <function-ref name="noAck" ref="0x2ac2c4820228" scoped=""/>
        <function-ref name="wasAcked" ref="0x2ac2c48203b0" scoped=""/>
      </interface-functions>
    </interface></specification><referenced><interface loc="44:/home/kasper/tinyos-main//tos/system/AMQueueEntryP.nc" name="AMSend" provided="1" ref="0x2ac2c481f768">
      <component-ref nicename="SerialAMSenderC.AMQueueEntryP" qname="SerialAMSenderC.AMQueueEntryP"/>
      <type-interface alignment="I:2" size="I:2"><interface-ref name="AMSend" ref="0x2ac2c481f768" scoped=""/></type-interface>
      <instance>
        <interfacedef-ref nicename="AMSend" qname="AMSend"/>
      </instance>
      <interface-functions>
        <function-ref name="send" ref="0x2ac2c481fab8" scoped=""/>
        <function-ref name="getPayload" ref="0x2ac2c481fc40" scoped=""/>
        <function-ref name="maxPayloadLength" ref="0x2ac2c481fdc8" scoped=""/>
        <function-ref name="cancel" ref="0x2ac2c481e020" scoped=""/>
        <function-ref name="sendDone" ref="0x2ac2c481e1a8" scoped=""/>
      </interface-functions>
    </interface><interface loc="47:/home/kasper/tinyos-main//tos/system/AMQueueEntryP.nc" name="AMPacket" provided="0" ref="0x2ac2c481d060">
      <component-ref nicename="SerialAMSenderC.AMQueueEntryP" qname="SerialAMSenderC.AMQueueEntryP"/>
      <type-interface alignment="I:2" size="I:2"><interface-ref name="AMPacket" ref="0x2ac2c481d060" scoped=""/></type-interface>
      <instance>
        <interfacedef-ref nicename="AMPacket" qname="AMPacket"/>
      </instance>
      <interface-functions>
        <function-ref name="group" ref="0x2ac2c481d3b0" scoped=""/>
        <function-ref name="source" ref="0x2ac2c481d538" scoped=""/>
        <function-ref name="address" ref="0x2ac2c481d6c0" scoped=""/>
        <function-ref name="destination" ref="0x2ac2c481d848" scoped=""/>
        <function-ref name="setSource" ref="0x2ac2c481d9d0" scoped=""/>
        <function-ref name="setDestination" ref="0x2ac2c481db58" scoped=""/>
        <function-ref name="type" ref="0x2ac2c481dce0" scoped=""/>
        <function-ref name="setType" ref="0x2ac2c481de68" scoped=""/>
        <function-ref name="isForMe" ref="0x2ac2c481c020" scoped=""/>
        <function-ref name="setGroup" ref="0x2ac2c481c1a8" scoped=""/>
        <function-ref name="localGroup" ref="0x2ac2c481c330" scoped=""/>
      </interface-functions>
    </interface><interface loc="46:/home/kasper/tinyos-main//tos/system/AMQueueEntryP.nc" name="Send" provided="0" ref="0x2ac2c481e450">
      <component-ref nicename="SerialAMSenderC.AMQueueEntryP" qname="SerialAMSenderC.AMQueueEntryP"/>
      <type-interface alignment="I:2" size="I:2"><interface-ref name="Send" ref="0x2ac2c481e450" scoped=""/></type-interface>
      <instance>
        <interfacedef-ref nicename="Send" qname="Send"/>
      </instance>
      <interface-functions>
        <function-ref name="send" ref="0x2ac2c481e7a0" scoped=""/>
        <function-ref name="getPayload" ref="0x2ac2c481e928" scoped=""/>
        <function-ref name="maxPayloadLength" ref="0x2ac2c481eab0" scoped=""/>
        <function-ref name="cancel" ref="0x2ac2c481ec38" scoped=""/>
        <function-ref name="sendDone" ref="0x2ac2c481edc0" scoped=""/>
      </interface-functions>
    </interface><interface loc="49:/home/kasper/tinyos-main//tos/lib/serial/SerialActiveMessageC.nc" name="Packet" provided="1" ref="0x2ac2c425f0c0">
      <component-ref nicename="SerialActiveMessageC" qname="SerialActiveMessageC"/>
      <type-interface alignment="I:2" size="I:2"><interface-ref name="Packet" ref="0x2ac2c425f0c0" scoped=""/></type-interface>
      <instance>
        <interfacedef-ref nicename="Packet" qname="Packet"/>
      </instance>
      <interface-functions>
        <function-ref name="clear" ref="0x2ac2c425f410" scoped=""/>
        <function-ref name="payloadLength" ref="0x2ac2c425f598" scoped=""/>
        <function-ref name="getPayload" ref="0x2ac2c425f720" scoped=""/>
        <function-ref name="maxPayloadLength" ref="0x2ac2c425f8a8" scoped=""/>
        <function-ref name="setPayloadLength" ref="0x2ac2c425fa30" scoped=""/>
      </interface-functions>
    </interface><interface loc="44:/home/kasper/tinyos-main//tos/lib/serial/SerialAMQueueP.nc" name="Send" provided="1" ref="0x2ac2c4818020">
      <component-ref nicename="SerialAMQueueP" qname="SerialAMQueueP"/>
      <type-interface alignment="I:2" size="I:2"><interface-ref name="Send" ref="0x2ac2c4818020" scoped=""/></type-interface>
      <instance>
        <interfacedef-ref nicename="Send" qname="Send"/>
      </instance>
      <interface-parameters>
        <type-int alignment="I:1" cname="unsigned char" size="I:1" unsigned="">
          <typename><typedef-ref name="uint8_t" ref="0x2ac2c209a790"/></typename>
        </type-int>
      </interface-parameters>
      <interface-functions>
        <function-ref name="send" ref="0x2ac2c4818370" scoped=""/>
        <function-ref name="getPayload" ref="0x2ac2c48184f8" scoped=""/>
        <function-ref name="maxPayloadLength" ref="0x2ac2c4818680" scoped=""/>
        <function-ref name="cancel" ref="0x2ac2c4818808" scoped=""/>
        <function-ref name="sendDone" ref="0x2ac2c4818990" scoped=""/>
      </interface-functions>
    </interface><interface loc="51:/home/kasper/tinyos-main//tos/lib/serial/SerialActiveMessageC.nc" name="PacketAcknowledgements" provided="1" ref="0x2ac2c425d348">
      <component-ref nicename="SerialActiveMessageC" qname="SerialActiveMessageC"/>
      <type-interface alignment="I:2" size="I:2"><interface-ref name="PacketAcknowledgements" ref="0x2ac2c425d348" scoped=""/></type-interface>
      <instance>
        <interfacedef-ref nicename="PacketAcknowledgements" qname="PacketAcknowledgements"/>
      </instance>
      <interface-functions>
        <function-ref name="requestAck" ref="0x2ac2c425d698" scoped=""/>
        <function-ref name="noAck" ref="0x2ac2c425d820" scoped=""/>
        <function-ref name="wasAcked" ref="0x2ac2c425d9a8" scoped=""/>
      </interface-functions>
    </interface><interface loc="50:/home/kasper/tinyos-main//tos/lib/serial/SerialActiveMessageC.nc" name="AMPacket" provided="1" ref="0x2ac2c425fcd0">
      <component-ref nicename="SerialActiveMessageC" qname="SerialActiveMessageC"/>
      <type-interface alignment="I:2" size="I:2"><interface-ref name="AMPacket" ref="0x2ac2c425fcd0" scoped=""/></type-interface>
      <instance>
        <interfacedef-ref nicename="AMPacket" qname="AMPacket"/>
      </instance>
      <interface-functions>
        <function-ref name="group" ref="0x2ac2c425e0a0" scoped=""/>
        <function-ref name="source" ref="0x2ac2c425e228" scoped=""/>
        <function-ref name="address" ref="0x2ac2c425e3b0" scoped=""/>
        <function-ref name="destination" ref="0x2ac2c425e538" scoped=""/>
        <function-ref name="setSource" ref="0x2ac2c425e6c0" scoped=""/>
        <function-ref name="setDestination" ref="0x2ac2c425e848" scoped=""/>
        <function-ref name="type" ref="0x2ac2c425e9d0" scoped=""/>
        <function-ref name="setType" ref="0x2ac2c425eb58" scoped=""/>
        <function-ref name="isForMe" ref="0x2ac2c425ece0" scoped=""/>
        <function-ref name="setGroup" ref="0x2ac2c425ee68" scoped=""/>
        <function-ref name="localGroup" ref="0x2ac2c425d020" scoped=""/>
      </interface-functions>
    </interface><component abstract="" loc="43(SerialAMSenderC.AMQueueEntryP):/home/kasper/tinyos-main//tos/system/AMQueueEntryP.nc" nicename="SerialAMSenderC.AMQueueEntryP" qname="SerialAMSenderC.AMQueueEntryP">
      <documentation loc="33:/home/kasper/tinyos-main//tos/system/AMQueueEntryP.nc">
        <short>
 Internal AM component that fills in needed packet fields for the 
 AMSend -&gt; Send transformation.</short>
        <long>
 Internal AM component that fills in needed packet fields for the 
 AMSend -&gt; Send transformation.

 @author Philip Levis
 @date   Jan 16 2006
</long>
      </documentation>
      <instance>
        <component-ref nicename="AMQueueEntryP" qname="AMQueueEntryP"/>
        <arguments>
          <value cst="U:">
            <type-int alignment="I:1" cname="unsigned char" size="I:1" unsigned="">
              <typename><typedef-ref name="am_id_t" ref="0x2ac2c35c5110"/></typename>
            </type-int>
          </value>
        </arguments>
      </instance>
      <module/>
    </component><component loc="44:/home/kasper/tinyos-main//tos/lib/serial/SerialActiveMessageC.nc" nicename="SerialActiveMessageC" qname="SerialActiveMessageC">
      <documentation loc="71:/home/kasper/tinyos-main//tos/lib/serial/Serial.h">
        <short>
 </short>
        <long>
 @author Phil Buonadonna
 @author Lewis Girod
 @author Ben Greenstein
 @author Philip Levis
 @date   August 7 2005
</long>
      </documentation>
      <configuration/>
      <wiring>
        <wire loc="61:/home/kasper/tinyos-main//tos/lib/serial/SerialActiveMessageC.nc">
          <from><interface-ref name="SplitControl" ref="0x2ac2c41c6848" scoped=""/></from>
          <to><interface-ref name="SplitControl" ref="0x2ac2c426b728" scoped=""/></to>
        </wire>
        <wire loc="63:/home/kasper/tinyos-main//tos/lib/serial/SerialActiveMessageC.nc">
          <from><interface-ref name="AMSend" ref="0x2ac2c4262920" scoped=""/></from>
          <to><interface-ref name="AMSend" ref="0x2ac2c4259460" scoped=""/></to>
        </wire>
        <wire loc="65:/home/kasper/tinyos-main//tos/lib/serial/SerialActiveMessageC.nc">
          <from><interface-ref name="Packet" ref="0x2ac2c425f0c0" scoped=""/></from>
          <to><interface-ref name="Packet" ref="0x2ac2c4273d20" scoped=""/></to>
        </wire>
        <wire loc="64:/home/kasper/tinyos-main//tos/lib/serial/SerialActiveMessageC.nc">
          <from><interface-ref name="Receive" ref="0x2ac2c4260ab0" scoped=""/></from>
          <to><interface-ref name="Receive" ref="0x2ac2c4274180" scoped=""/></to>
        </wire>
        <wire loc="67:/home/kasper/tinyos-main//tos/lib/serial/SerialActiveMessageC.nc">
          <from><interface-ref name="PacketAcknowledgements" ref="0x2ac2c425d348" scoped=""/></from>
          <to><interface-ref name="PacketAcknowledgements" ref="0x2ac2c4272908" scoped=""/></to>
        </wire>
        <wire loc="66:/home/kasper/tinyos-main//tos/lib/serial/SerialActiveMessageC.nc">
          <from><interface-ref name="AMPacket" ref="0x2ac2c425fcd0" scoped=""/></from>
          <to><interface-ref name="AMPacket" ref="0x2ac2c4274738" scoped=""/></to>
        </wire>
        <wire loc="59:/home/kasper/tinyos-main//tos/lib/serial/SerialActiveMessageC.nc">
          <from><interface-ref name="SoftwareInit" ref="0x2ac2c2e67e48" scoped=""/></from>
          <to><interface-ref name="Init" ref="0x2ac2c426b110" scoped=""/></to>
        </wire>
        <wire loc="60:/home/kasper/tinyos-main//tos/lib/serial/SerialActiveMessageC.nc">
          <from><interface-ref name="Leds" ref="0x2ac2c42d78f8" scoped=""/></from>
          <to><interface-ref name="Leds" ref="0x2ac2c425dc80" scoped=""/></to>
        </wire>
        <wire loc="69:/home/kasper/tinyos-main//tos/lib/serial/SerialActiveMessageC.nc">
          <from><interface-ref name="SubSend" ref="0x2ac2c4271308" scoped=""/></from>
          <to><interface-ref name="Send" ref="0x2ac2c4269208" scoped=""/>
          <arguments>
            <value cst="I:0">
              <type-int alignment="I:2" cname="int" size="I:2"/>
            </value>
          </arguments>
          </to>
        </wire>
        <wire loc="70:/home/kasper/tinyos-main//tos/lib/serial/SerialActiveMessageC.nc">
          <from><interface-ref name="SubReceive" ref="0x2ac2c426f020" scoped=""/></from>
          <to><interface-ref name="Receive" ref="0x2ac2c426a760" scoped=""/>
          <arguments>
            <value cst="I:0">
              <type-int alignment="I:2" cname="int" size="I:2"/>
            </value>
          </arguments>
          </to>
        </wire>
        <wire loc="72:/home/kasper/tinyos-main//tos/lib/serial/SerialActiveMessageC.nc">
          <from><interface-ref name="SerialPacketInfo" ref="0x2ac2c42d7020" scoped=""/>
          <arguments>
            <value cst="I:0">
              <type-int alignment="I:2" cname="int" size="I:2"/>
            </value>
          </arguments>
          </from>
          <to><interface-ref name="Info" ref="0x2ac2c4558020" scoped=""/></to>
        </wire>
      </wiring>
    </component><component loc="43:/home/kasper/tinyos-main//tos/lib/serial/SerialAMQueueP.nc" nicename="SerialAMQueueP" qname="SerialAMQueueP">
      <documentation loc="71:/home/kasper/tinyos-main//tos/lib/serial/Serial.h">
        <short>
 </short>
        <long>
 @author Phil Buonadonna
 @author Lewis Girod
 @author Ben Greenstein
 @author Philip Levis
 @date   August 7 2005
</long>
      </documentation>
      <configuration/>
      <wiring>
        <wire loc="54:/home/kasper/tinyos-main//tos/lib/serial/SerialAMQueueP.nc">
          <from><interface-ref name="Send" ref="0x2ac2c4818020" scoped=""/></from>
          <to><interface-ref name="Send" ref="0x2ac2c48158a8" scoped=""/></to>
        </wire>
        <wire loc="55:/home/kasper/tinyos-main//tos/lib/serial/SerialAMQueueP.nc">
          <from><interface-ref name="AMSend" ref="0x2ac2c48146f8" scoped=""/></from>
          <to><interface-ref name="AMSend" ref="0x2ac2c4262920" scoped=""/></to>
        </wire>
        <wire loc="56:/home/kasper/tinyos-main//tos/lib/serial/SerialAMQueueP.nc">
          <from><interface-ref name="AMPacket" ref="0x2ac2c48133f0" scoped=""/></from>
          <to><interface-ref name="AMPacket" ref="0x2ac2c425fcd0" scoped=""/></to>
        </wire>
        <wire loc="57:/home/kasper/tinyos-main//tos/lib/serial/SerialAMQueueP.nc">
          <from><interface-ref name="Packet" ref="0x2ac2c4812a10" scoped=""/></from>
          <to><interface-ref name="Packet" ref="0x2ac2c425f0c0" scoped=""/></to>
        </wire>
      </wiring>
    </component></referenced></component>