<?xml version="1.0" ?><component loc="64:/home/kasper/tinyos-main//tos/system/StateImplP.nc" nicename="StateImplP" qname="StateImplP" safe="">
      <documentation loc="32:/home/kasper/tinyos-main//tos/types/State.h">
        <short>
 </short>
        <long>
 @author David Moss
</long>
      </documentation>
      <module/>
    <specification><interface loc="66:/home/kasper/tinyos-main//tos/system/StateImplP.nc" name="Init" provided="1" ref="0x2ac2c39db5d8">
      <component-ref nicename="StateImplP" qname="StateImplP"/>
      <type-interface alignment="I:2" size="I:2"><interface-ref name="Init" ref="0x2ac2c39db5d8" scoped=""/></type-interface>
      <instance>
        <interfacedef-ref nicename="Init" qname="Init"/>
      </instance>
      <interface-functions>
        <function-ref name="init" ref="0x2ac2c39db928" scoped=""/>
      </interface-functions>
    </interface><interface loc="67:/home/kasper/tinyos-main//tos/system/StateImplP.nc" name="State" provided="1" ref="0x2ac2c39da1c8">
      <component-ref nicename="StateImplP" qname="StateImplP"/>
      <type-interface alignment="I:2" size="I:2"><interface-ref name="State" ref="0x2ac2c39da1c8" scoped=""/></type-interface>
      <instance>
        <interfacedef-ref nicename="State" qname="State"/>
      </instance>
      <interface-parameters>
        <type-int alignment="I:1" cname="unsigned char" size="I:1" unsigned="">
          <typename><typedef-ref name="uint8_t" ref="0x2ac2c209a790"/></typename>
        </type-int>
      </interface-parameters>
      <interface-functions>
        <function-ref name="getState" ref="0x2ac2c39da518" scoped=""/>
        <function-ref name="toIdle" ref="0x2ac2c39da6a0" scoped=""/>
        <function-ref name="isState" ref="0x2ac2c39da828" scoped=""/>
        <function-ref name="isIdle" ref="0x2ac2c39da9b0" scoped=""/>
        <function-ref name="requestState" ref="0x2ac2c39dab38" scoped=""/>
        <function-ref name="forceState" ref="0x2ac2c39dacc0" scoped=""/>
      </interface-functions>
    </interface></specification><referenced/></component>