<?xml version="1.0" ?><component abstract="" loc="65:/home/kasper/tinyos-main//tos/system/StateC.nc" nicename="StateC" qname="StateC">
      <documentation loc="32:/home/kasper/tinyos-main//tos/types/State.h">
        <short>
 </short>
        <long>
 @author David Moss
</long>
      </documentation>
      <parameters>
      </parameters>
      <configuration/>
      <wiring>
        <wire loc="74:/home/kasper/tinyos-main//tos/system/StateC.nc">
          <from><interface-ref name="State" ref="0x2ac2c39e6cb0" scoped=""/></from>
          <to><interface-ref name="State" ref="0x2ac2c39e2858" scoped=""/>
          <arguments>
            <value cst="U:">
              <type-int alignment="I:2" cname="unsigned int" size="I:2" unsigned=""/>
            </value>
          </arguments>
          </to>
        </wire>
      </wiring>
    <specification><interface loc="67:/home/kasper/tinyos-main//tos/system/StateC.nc" name="State" provided="1" ref="0x2ac2c39e6cb0">
      <component-ref nicename="StateC" qname="StateC"/>
      <type-interface alignment="I:2" size="I:2"><interface-ref name="State" ref="0x2ac2c39e6cb0" scoped=""/></type-interface>
      <instance>
        <interfacedef-ref nicename="State" qname="State"/>
      </instance>
      <interface-functions>
        <function-ref name="getState" ref="0x2ac2c39e30a0" scoped=""/>
        <function-ref name="toIdle" ref="0x2ac2c39e3228" scoped=""/>
        <function-ref name="isState" ref="0x2ac2c39e33b0" scoped=""/>
        <function-ref name="isIdle" ref="0x2ac2c39e3538" scoped=""/>
        <function-ref name="requestState" ref="0x2ac2c39e36c0" scoped=""/>
        <function-ref name="forceState" ref="0x2ac2c39e3848" scoped=""/>
      </interface-functions>
    </interface></specification><referenced><interface loc="66:/home/kasper/tinyos-main//tos/system/StateImplC.nc" name="State" provided="1" ref="0x2ac2c39e2858">
      <component-ref nicename="StateImplC" qname="StateImplC"/>
      <type-interface alignment="I:2" size="I:2"><interface-ref name="State" ref="0x2ac2c39e2858" scoped=""/></type-interface>
      <instance>
        <interfacedef-ref nicename="State" qname="State"/>
      </instance>
      <interface-parameters>
        <type-int alignment="I:1" cname="unsigned char" size="I:1" unsigned="">
          <typename><typedef-ref name="uint8_t" ref="0x2ac2c209a790"/></typename>
        </type-int>
      </interface-parameters>
      <interface-functions>
        <function-ref name="getState" ref="0x2ac2c39e2ba8" scoped=""/>
        <function-ref name="toIdle" ref="0x2ac2c39e2d30" scoped=""/>
        <function-ref name="isState" ref="0x2ac2c39df020" scoped=""/>
        <function-ref name="isIdle" ref="0x2ac2c39df1a8" scoped=""/>
        <function-ref name="requestState" ref="0x2ac2c39df330" scoped=""/>
        <function-ref name="forceState" ref="0x2ac2c39df4b8" scoped=""/>
      </interface-functions>
    </interface><component loc="64:/home/kasper/tinyos-main//tos/system/StateImplC.nc" nicename="StateImplC" qname="StateImplC">
      <documentation loc="32:/home/kasper/tinyos-main//tos/types/State.h">
        <short>
 </short>
        <long>
 @author David Moss
</long>
      </documentation>
      <configuration/>
      <wiring>
        <wire loc="75:/home/kasper/tinyos-main//tos/system/StateImplC.nc">
          <from><interface-ref name="State" ref="0x2ac2c39e2858" scoped=""/></from>
          <to><interface-ref name="State" ref="0x2ac2c39da1c8" scoped=""/></to>
        </wire>
        <wire loc="74:/home/kasper/tinyos-main//tos/system/StateImplC.nc">
          <from><interface-ref name="SoftwareInit" ref="0x2ac2c2e67e48" scoped=""/></from>
          <to><interface-ref name="Init" ref="0x2ac2c39db5d8" scoped=""/></to>
        </wire>
      </wiring>
    </component></referenced></component>