<?xml version="1.0" ?><component abstract="" loc="37:/home/kasper/tinyos-main//tos/chips/stm25p/Stm25pBinderP.nc" nicename="Stm25pBinderP" qname="Stm25pBinderP">
      <documentation loc="32:/home/kasper/tinyos-main//tos/chips/stm25p/Stm25pBinderP.nc">
        <short>
 </short>
        <long>
 @author Jonathan Hui &lt;jhui@archrock.com&gt;
 @version $Revision: 1.4 $ $Date: 2006-12-12 18:23:12 $
</long>
      </documentation>
      <parameters>
        <constant loc="37:/home/kasper/tinyos-main//tos/chips/stm25p/Stm25pBinderP.nc" name="volume" ref="0x2ac2c4843d78">
          <component-ref nicename="Stm25pBinderP" qname="Stm25pBinderP"/>
          <type-int alignment="I:1" cname="unsigned char" size="I:1" unsigned="">
            <typename><typedef-ref name="volume_id_t" ref="0x2ac2c2e72138"/></typename>
          </type-int>
        </constant>
      </parameters>
      <module/>
    <specification><interface loc="39:/home/kasper/tinyos-main//tos/chips/stm25p/Stm25pBinderP.nc" name="Volume" provided="0" ref="0x2ac2c48402b0">
      <component-ref nicename="Stm25pBinderP" qname="Stm25pBinderP"/>
      <type-interface alignment="I:2" size="I:2"><interface-ref name="Volume" ref="0x2ac2c48402b0" scoped=""/></type-interface>
      <instance>
        <interfacedef-ref nicename="Stm25pVolume" qname="Stm25pVolume"/>
      </instance>
      <interface-functions>
        <function-ref name="getVolumeId" ref="0x2ac2c4840600" scoped=""/>
      </interface-functions>
    </interface></specification><referenced/></component>