<?xml version="1.0" ?><component loc="40:/home/kasper/tinyos-main//tos/chips/stm25p/Stm25pSpiC.nc" nicename="Stm25pSpiC" qname="Stm25pSpiC">
      <documentation loc="32:/home/kasper/tinyos-main//tos/chips/stm25p/Stm25pSpiC.nc">
        <short>
 Implementation of the SPI bus abstraction for the ST M25P serial
 code flash.</short>
        <long>
 Implementation of the SPI bus abstraction for the ST M25P serial
 code flash.

 @author Jonathan Hui &lt;jhui@archrock.com&gt;
 @version $Revision: 1.4 $ $Date: 2006-12-12 18:23:13 $
</long>
      </documentation>
      <configuration/>
      <wiring>
        <wire loc="53:/home/kasper/tinyos-main//tos/chips/stm25p/Stm25pSpiC.nc">
          <from><interface-ref name="Stm25pSpi" ref="0x2ac2c47b6490" scoped=""/></from>
          <to><interface-ref name="Spi" ref="0x2ac2c47b1988" scoped=""/></to>
        </wire>
        <wire loc="51:/home/kasper/tinyos-main//tos/chips/stm25p/Stm25pSpiC.nc">
          <from><interface-ref name="Init" ref="0x2ac2c47b71c8" scoped=""/></from>
          <to><interface-ref name="Init" ref="0x2ac2c47b44b8" scoped=""/></to>
        </wire>
        <wire loc="52:/home/kasper/tinyos-main//tos/chips/stm25p/Stm25pSpiC.nc">
          <from><interface-ref name="Resource" ref="0x2ac2c47b77f8" scoped=""/></from>
          <to><interface-ref name="ClientResource" ref="0x2ac2c47b4bb8" scoped=""/></to>
        </wire>
        <wire loc="56:/home/kasper/tinyos-main//tos/chips/stm25p/Stm25pSpiC.nc">
          <from><interface-ref name="SpiResource" ref="0x2ac2c47ae1c8" scoped=""/></from>
          <to><interface-ref name="Resource" ref="0x2ac2c47e5bd0" scoped=""/></to>
        </wire>
        <wire loc="57:/home/kasper/tinyos-main//tos/chips/stm25p/Stm25pSpiC.nc">
          <from><interface-ref name="SpiByte" ref="0x2ac2c47ab168" scoped=""/></from>
          <to><interface-ref name="SpiByte" ref="0x2ac2c47e2910" scoped=""/></to>
        </wire>
        <wire loc="58:/home/kasper/tinyos-main//tos/chips/stm25p/Stm25pSpiC.nc">
          <from><interface-ref name="SpiPacket" ref="0x2ac2c47ab7a0" scoped=""/></from>
          <to><interface-ref name="SpiPacket" ref="0x2ac2c47e0020" scoped=""/></to>
        </wire>
        <wire loc="61:/home/kasper/tinyos-main//tos/chips/stm25p/Stm25pSpiC.nc">
          <from><interface-ref name="CSN" ref="0x2ac2c47aee80" scoped=""/></from>
          <to><interface-ref name="CSN" ref="0x2ac2c47e3c50" scoped=""/></to>
        </wire>
        <wire loc="62:/home/kasper/tinyos-main//tos/chips/stm25p/Stm25pSpiC.nc">
          <from><interface-ref name="Hold" ref="0x2ac2c47ac060" scoped=""/></from>
          <to><interface-ref name="Hold" ref="0x2ac2c47d8e30" scoped=""/></to>
        </wire>
        <wire loc="65:/home/kasper/tinyos-main//tos/chips/stm25p/Stm25pSpiC.nc">
          <from><interface-ref name="Leds" ref="0x2ac2c47aa020" scoped=""/></from>
          <to><interface-ref name="Leds" ref="0x2ac2c3039c38" scoped=""/></to>
        </wire>
      </wiring>
    <specification><interface loc="44:/home/kasper/tinyos-main//tos/chips/stm25p/Stm25pSpiC.nc" name="Stm25pSpi" provided="1" ref="0x2ac2c47b6490">
      <component-ref nicename="Stm25pSpiC" qname="Stm25pSpiC"/>
      <type-interface alignment="I:2" size="I:2"><interface-ref name="Stm25pSpi" ref="0x2ac2c47b6490" scoped=""/></type-interface>
      <instance>
        <interfacedef-ref nicename="Stm25pSpi" qname="Stm25pSpi"/>
      </instance>
      <interface-functions>
        <function-ref name="sectorEraseDone" ref="0x2ac2c47b67e0" scoped=""/>
        <function-ref name="bulkErase" ref="0x2ac2c47b6968" scoped=""/>
        <function-ref name="powerDown" ref="0x2ac2c47b6af0" scoped=""/>
        <function-ref name="readDone" ref="0x2ac2c47b5950" scoped=""/>
        <function-ref name="read" ref="0x2ac2c47b6e00" scoped=""/>
        <function-ref name="pageProgramDone" ref="0x2ac2c47b5020" scoped=""/>
        <function-ref name="sectorErase" ref="0x2ac2c47b51a8" scoped=""/>
        <function-ref name="computeCrcDone" ref="0x2ac2c47b5330" scoped=""/>
        <function-ref name="powerUp" ref="0x2ac2c47b54b8" scoped=""/>
        <function-ref name="computeCrc" ref="0x2ac2c47b5640" scoped=""/>
        <function-ref name="pageProgram" ref="0x2ac2c47b57c8" scoped=""/>
        <function-ref name="bulkEraseDone" ref="0x2ac2c47b6c78" scoped=""/>
      </interface-functions>
    </interface><interface loc="42:/home/kasper/tinyos-main//tos/chips/stm25p/Stm25pSpiC.nc" name="Init" provided="1" ref="0x2ac2c47b71c8">
      <component-ref nicename="Stm25pSpiC" qname="Stm25pSpiC"/>
      <type-interface alignment="I:2" size="I:2"><interface-ref name="Init" ref="0x2ac2c47b71c8" scoped=""/></type-interface>
      <instance>
        <interfacedef-ref nicename="Init" qname="Init"/>
      </instance>
      <interface-functions>
        <function-ref name="init" ref="0x2ac2c47b7518" scoped=""/>
      </interface-functions>
    </interface><interface loc="43:/home/kasper/tinyos-main//tos/chips/stm25p/Stm25pSpiC.nc" name="Resource" provided="1" ref="0x2ac2c47b77f8">
      <component-ref nicename="Stm25pSpiC" qname="Stm25pSpiC"/>
      <type-interface alignment="I:2" size="I:2"><interface-ref name="Resource" ref="0x2ac2c47b77f8" scoped=""/></type-interface>
      <instance>
        <interfacedef-ref nicename="Resource" qname="Resource"/>
      </instance>
      <interface-functions>
        <function-ref name="release" ref="0x2ac2c47b7b48" scoped=""/>
        <function-ref name="immediateRequest" ref="0x2ac2c47b7cd0" scoped=""/>
        <function-ref name="request" ref="0x2ac2c47b7e58" scoped=""/>
        <function-ref name="granted" ref="0x2ac2c47b6020" scoped=""/>
        <function-ref name="isOwner" ref="0x2ac2c47b61a8" scoped=""/>
      </interface-functions>
    </interface></specification><referenced><interface loc="49:/home/kasper/tinyos-main//tos/chips/stm25p/Stm25pSpiP.nc" name="SpiPacket" provided="0" ref="0x2ac2c47ab7a0">
      <component-ref nicename="Stm25pSpiP" qname="Stm25pSpiP"/>
      <type-interface alignment="I:2" size="I:2"><interface-ref name="SpiPacket" ref="0x2ac2c47ab7a0" scoped=""/></type-interface>
      <instance>
        <interfacedef-ref nicename="SpiPacket" qname="SpiPacket"/>
      </instance>
      <interface-functions>
        <function-ref name="send" ref="0x2ac2c47abaf0" scoped=""/>
        <function-ref name="sendDone" ref="0x2ac2c47abc78" scoped=""/>
      </interface-functions>
    </interface><interface loc="41:/home/kasper/tinyos-main//tos/chips/stm25p/Stm25pSpiP.nc" name="Init" provided="1" ref="0x2ac2c47b44b8">
      <component-ref nicename="Stm25pSpiP" qname="Stm25pSpiP"/>
      <type-interface alignment="I:2" size="I:2"><interface-ref name="Init" ref="0x2ac2c47b44b8" scoped=""/></type-interface>
      <instance>
        <interfacedef-ref nicename="Init" qname="Init"/>
      </instance>
      <interface-functions>
        <function-ref name="init" ref="0x2ac2c47b4808" scoped=""/>
      </interface-functions>
    </interface><interface loc="47:/home/kasper/tinyos-main//tos/chips/stm25p/Stm25pSpiP.nc" name="Hold" provided="0" ref="0x2ac2c47ac060">
      <component-ref nicename="Stm25pSpiP" qname="Stm25pSpiP"/>
      <type-interface alignment="I:2" size="I:2"><interface-ref name="Hold" ref="0x2ac2c47ac060" scoped=""/></type-interface>
      <instance>
        <interfacedef-ref nicename="GeneralIO" qname="GeneralIO"/>
      </instance>
      <interface-functions>
        <function-ref name="makeInput" ref="0x2ac2c47ac3b0" scoped=""/>
        <function-ref name="isInput" ref="0x2ac2c47ac538" scoped=""/>
        <function-ref name="toggle" ref="0x2ac2c47ac6c0" scoped=""/>
        <function-ref name="isOutput" ref="0x2ac2c47ac848" scoped=""/>
        <function-ref name="get" ref="0x2ac2c47ac9d0" scoped=""/>
        <function-ref name="makeOutput" ref="0x2ac2c47acb58" scoped=""/>
        <function-ref name="set" ref="0x2ac2c47acce0" scoped=""/>
        <function-ref name="clr" ref="0x2ac2c47ace68" scoped=""/>
      </interface-functions>
    </interface><interface loc="42:/home/kasper/tinyos-main//tos/platforms/telosb/chips/stm25p/HplStm25pPinsC.nc" name="CSN" provided="1" ref="0x2ac2c47e3c50">
      <component-ref nicename="HplStm25pPinsC" qname="HplStm25pPinsC"/>
      <type-interface alignment="I:2" size="I:2"><interface-ref name="CSN" ref="0x2ac2c47e3c50" scoped=""/></type-interface>
      <instance>
        <interfacedef-ref nicename="GeneralIO" qname="GeneralIO"/>
      </instance>
      <interface-functions>
        <function-ref name="makeInput" ref="0x2ac2c47d8020" scoped=""/>
        <function-ref name="isInput" ref="0x2ac2c47d81a8" scoped=""/>
        <function-ref name="toggle" ref="0x2ac2c47d8330" scoped=""/>
        <function-ref name="isOutput" ref="0x2ac2c47d84b8" scoped=""/>
        <function-ref name="get" ref="0x2ac2c47d8640" scoped=""/>
        <function-ref name="makeOutput" ref="0x2ac2c47d87c8" scoped=""/>
        <function-ref name="set" ref="0x2ac2c47d8950" scoped=""/>
        <function-ref name="clr" ref="0x2ac2c47d8ad8" scoped=""/>
      </interface-functions>
    </interface><interface loc="50:/home/kasper/tinyos-main//tos/chips/stm25p/Stm25pSpiP.nc" name="Leds" provided="0" ref="0x2ac2c47aa020">
      <component-ref nicename="Stm25pSpiP" qname="Stm25pSpiP"/>
      <type-interface alignment="I:2" size="I:2"><interface-ref name="Leds" ref="0x2ac2c47aa020" scoped=""/></type-interface>
      <instance>
        <interfacedef-ref nicename="Leds" qname="Leds"/>
      </instance>
      <interface-functions>
        <function-ref name="led0Off" ref="0x2ac2c47aa370" scoped=""/>
        <function-ref name="led0Toggle" ref="0x2ac2c47aa4f8" scoped=""/>
        <function-ref name="led1On" ref="0x2ac2c47aa680" scoped=""/>
        <function-ref name="led1Toggle" ref="0x2ac2c47aa808" scoped=""/>
        <function-ref name="led2Toggle" ref="0x2ac2c47aa990" scoped=""/>
        <function-ref name="get" ref="0x2ac2c47aab18" scoped=""/>
        <function-ref name="led1Off" ref="0x2ac2c47aaca0" scoped=""/>
        <function-ref name="led2Off" ref="0x2ac2c47a9330" scoped=""/>
        <function-ref name="set" ref="0x2ac2c47aae28" scoped=""/>
        <function-ref name="led0On" ref="0x2ac2c47a9020" scoped=""/>
        <function-ref name="led2On" ref="0x2ac2c47a91a8" scoped=""/>
      </interface-functions>
    </interface><interface loc="45:/home/kasper/tinyos-main//tos/chips/stm25p/Stm25pSpiP.nc" name="SpiResource" provided="0" ref="0x2ac2c47ae1c8">
      <component-ref nicename="Stm25pSpiP" qname="Stm25pSpiP"/>
      <type-interface alignment="I:2" size="I:2"><interface-ref name="SpiResource" ref="0x2ac2c47ae1c8" scoped=""/></type-interface>
      <instance>
        <interfacedef-ref nicename="Resource" qname="Resource"/>
      </instance>
      <interface-functions>
        <function-ref name="release" ref="0x2ac2c47ae518" scoped=""/>
        <function-ref name="immediateRequest" ref="0x2ac2c47ae6a0" scoped=""/>
        <function-ref name="request" ref="0x2ac2c47ae828" scoped=""/>
        <function-ref name="granted" ref="0x2ac2c47ae9b0" scoped=""/>
        <function-ref name="isOwner" ref="0x2ac2c47aeb38" scoped=""/>
      </interface-functions>
    </interface><interface loc="46:/home/kasper/tinyos-main//tos/chips/stm25p/Stm25pSpiP.nc" name="CSN" provided="0" ref="0x2ac2c47aee80">
      <component-ref nicename="Stm25pSpiP" qname="Stm25pSpiP"/>
      <type-interface alignment="I:2" size="I:2"><interface-ref name="CSN" ref="0x2ac2c47aee80" scoped=""/></type-interface>
      <instance>
        <interfacedef-ref nicename="GeneralIO" qname="GeneralIO"/>
      </instance>
      <interface-functions>
        <function-ref name="makeInput" ref="0x2ac2c47ad1f8" scoped=""/>
        <function-ref name="isInput" ref="0x2ac2c47ad380" scoped=""/>
        <function-ref name="toggle" ref="0x2ac2c47ad508" scoped=""/>
        <function-ref name="isOutput" ref="0x2ac2c47ad690" scoped=""/>
        <function-ref name="get" ref="0x2ac2c47ad818" scoped=""/>
        <function-ref name="makeOutput" ref="0x2ac2c47ad9a0" scoped=""/>
        <function-ref name="set" ref="0x2ac2c47adb28" scoped=""/>
        <function-ref name="clr" ref="0x2ac2c47adcb0" scoped=""/>
      </interface-functions>
    </interface><interface loc="42:/home/kasper/tinyos-main//tos/chips/stm25p/Stm25pSpiP.nc" name="ClientResource" provided="1" ref="0x2ac2c47b4bb8">
      <component-ref nicename="Stm25pSpiP" qname="Stm25pSpiP"/>
      <type-interface alignment="I:2" size="I:2"><interface-ref name="ClientResource" ref="0x2ac2c47b4bb8" scoped=""/></type-interface>
      <instance>
        <interfacedef-ref nicename="Resource" qname="Resource"/>
      </instance>
      <interface-functions>
        <function-ref name="release" ref="0x2ac2c47b1020" scoped=""/>
        <function-ref name="immediateRequest" ref="0x2ac2c47b11a8" scoped=""/>
        <function-ref name="request" ref="0x2ac2c47b1330" scoped=""/>
        <function-ref name="granted" ref="0x2ac2c47b14b8" scoped=""/>
        <function-ref name="isOwner" ref="0x2ac2c47b1640" scoped=""/>
      </interface-functions>
    </interface><interface loc="43:/home/kasper/tinyos-main//tos/platforms/telosb/chips/stm25p/HplStm25pPinsC.nc" name="Hold" provided="1" ref="0x2ac2c47d8e30">
      <component-ref nicename="HplStm25pPinsC" qname="HplStm25pPinsC"/>
      <type-interface alignment="I:2" size="I:2"><interface-ref name="Hold" ref="0x2ac2c47d8e30" scoped=""/></type-interface>
      <instance>
        <interfacedef-ref nicename="GeneralIO" qname="GeneralIO"/>
      </instance>
      <interface-functions>
        <function-ref name="makeInput" ref="0x2ac2c47d71a8" scoped=""/>
        <function-ref name="isInput" ref="0x2ac2c47d7330" scoped=""/>
        <function-ref name="toggle" ref="0x2ac2c47d74b8" scoped=""/>
        <function-ref name="isOutput" ref="0x2ac2c47d7640" scoped=""/>
        <function-ref name="get" ref="0x2ac2c47d77c8" scoped=""/>
        <function-ref name="makeOutput" ref="0x2ac2c47d7950" scoped=""/>
        <function-ref name="set" ref="0x2ac2c47d7ad8" scoped=""/>
        <function-ref name="clr" ref="0x2ac2c47d7c60" scoped=""/>
      </interface-functions>
    </interface><interface loc="42:/home/kasper/tinyos-main//tos/platforms/telosb/chips/stm25p/HplStm25pSpiC.nc" name="Resource" provided="1" ref="0x2ac2c47e5bd0">
      <component-ref nicename="HplStm25pSpiC" qname="HplStm25pSpiC"/>
      <type-interface alignment="I:2" size="I:2"><interface-ref name="Resource" ref="0x2ac2c47e5bd0" scoped=""/></type-interface>
      <instance>
        <interfacedef-ref nicename="Resource" qname="Resource"/>
      </instance>
      <interface-functions>
        <function-ref name="release" ref="0x2ac2c47e2020" scoped=""/>
        <function-ref name="immediateRequest" ref="0x2ac2c47e21a8" scoped=""/>
        <function-ref name="request" ref="0x2ac2c47e2330" scoped=""/>
        <function-ref name="granted" ref="0x2ac2c47e24b8" scoped=""/>
        <function-ref name="isOwner" ref="0x2ac2c47e2640" scoped=""/>
      </interface-functions>
    </interface><interface loc="43:/home/kasper/tinyos-main//tos/platforms/telosb/chips/stm25p/HplStm25pSpiC.nc" name="SpiByte" provided="1" ref="0x2ac2c47e2910">
      <component-ref nicename="HplStm25pSpiC" qname="HplStm25pSpiC"/>
      <type-interface alignment="I:2" size="I:2"><interface-ref name="SpiByte" ref="0x2ac2c47e2910" scoped=""/></type-interface>
      <instance>
        <interfacedef-ref nicename="SpiByte" qname="SpiByte"/>
      </instance>
      <interface-functions>
        <function-ref name="write" ref="0x2ac2c47e2c60" scoped=""/>
      </interface-functions>
    </interface><interface loc="44:/home/kasper/tinyos-main//tos/platforms/telosb/chips/stm25p/HplStm25pSpiC.nc" name="SpiPacket" provided="1" ref="0x2ac2c47e0020">
      <component-ref nicename="HplStm25pSpiC" qname="HplStm25pSpiC"/>
      <type-interface alignment="I:2" size="I:2"><interface-ref name="SpiPacket" ref="0x2ac2c47e0020" scoped=""/></type-interface>
      <instance>
        <interfacedef-ref nicename="SpiPacket" qname="SpiPacket"/>
      </instance>
      <interface-functions>
        <function-ref name="send" ref="0x2ac2c47e0370" scoped=""/>
        <function-ref name="sendDone" ref="0x2ac2c47e04f8" scoped=""/>
      </interface-functions>
    </interface><interface loc="43:/home/kasper/tinyos-main//tos/chips/stm25p/Stm25pSpiP.nc" name="Spi" provided="1" ref="0x2ac2c47b1988">
      <component-ref nicename="Stm25pSpiP" qname="Stm25pSpiP"/>
      <type-interface alignment="I:2" size="I:2"><interface-ref name="Spi" ref="0x2ac2c47b1988" scoped=""/></type-interface>
      <instance>
        <interfacedef-ref nicename="Stm25pSpi" qname="Stm25pSpi"/>
      </instance>
      <interface-functions>
        <function-ref name="sectorEraseDone" ref="0x2ac2c47b1cd8" scoped=""/>
        <function-ref name="bulkErase" ref="0x2ac2c47b1e60" scoped=""/>
        <function-ref name="powerDown" ref="0x2ac2c47af020" scoped=""/>
        <function-ref name="readDone" ref="0x2ac2c47afde8" scoped=""/>
        <function-ref name="read" ref="0x2ac2c47af330" scoped=""/>
        <function-ref name="pageProgramDone" ref="0x2ac2c47af4b8" scoped=""/>
        <function-ref name="sectorErase" ref="0x2ac2c47af640" scoped=""/>
        <function-ref name="computeCrcDone" ref="0x2ac2c47af7c8" scoped=""/>
        <function-ref name="powerUp" ref="0x2ac2c47af950" scoped=""/>
        <function-ref name="computeCrc" ref="0x2ac2c47afad8" scoped=""/>
        <function-ref name="pageProgram" ref="0x2ac2c47afc60" scoped=""/>
        <function-ref name="bulkEraseDone" ref="0x2ac2c47af1a8" scoped=""/>
      </interface-functions>
    </interface><interface loc="46:/home/kasper/tinyos-main//tos/system/LedsC.nc" name="Leds" provided="1" ref="0x2ac2c3039c38">
      <component-ref nicename="LedsC" qname="LedsC"/>
      <type-interface alignment="I:2" size="I:2"><interface-ref name="Leds" ref="0x2ac2c3039c38" scoped=""/></type-interface>
      <instance>
        <interfacedef-ref nicename="Leds" qname="Leds"/>
      </instance>
      <interface-functions>
        <function-ref name="led0Off" ref="0x2ac2c3043020" scoped=""/>
        <function-ref name="led0Toggle" ref="0x2ac2c30431a8" scoped=""/>
        <function-ref name="led1On" ref="0x2ac2c3043330" scoped=""/>
        <function-ref name="led1Toggle" ref="0x2ac2c30434b8" scoped=""/>
        <function-ref name="led2Toggle" ref="0x2ac2c3043640" scoped=""/>
        <function-ref name="get" ref="0x2ac2c30437c8" scoped=""/>
        <function-ref name="led1Off" ref="0x2ac2c3043950" scoped=""/>
        <function-ref name="led2Off" ref="0x2ac2c3042020" scoped=""/>
        <function-ref name="set" ref="0x2ac2c3043ad8" scoped=""/>
        <function-ref name="led0On" ref="0x2ac2c3043c60" scoped=""/>
        <function-ref name="led2On" ref="0x2ac2c3043de8" scoped=""/>
      </interface-functions>
    </interface><interface loc="48:/home/kasper/tinyos-main//tos/chips/stm25p/Stm25pSpiP.nc" name="SpiByte" provided="0" ref="0x2ac2c47ab168">
      <component-ref nicename="Stm25pSpiP" qname="Stm25pSpiP"/>
      <type-interface alignment="I:2" size="I:2"><interface-ref name="SpiByte" ref="0x2ac2c47ab168" scoped=""/></type-interface>
      <instance>
        <interfacedef-ref nicename="SpiByte" qname="SpiByte"/>
      </instance>
      <interface-functions>
        <function-ref name="write" ref="0x2ac2c47ab4b8" scoped=""/>
      </interface-functions>
    </interface><component loc="40:/home/kasper/tinyos-main//tos/platforms/telosb/chips/stm25p/HplStm25pPinsC.nc" nicename="HplStm25pPinsC" qname="HplStm25pPinsC">
      <documentation loc="32:/home/kasper/tinyos-main//tos/platforms/telosb/chips/stm25p/HplStm25pPinsC.nc">
        <short>
 HPL implementation of general-purpose I/O for a ST M25P chip
 connected to a TI MSP430.</short>
        <long>
 HPL implementation of general-purpose I/O for a ST M25P chip
 connected to a TI MSP430.

 @author Jonathan Hui &lt;jhui@archrock.com&gt;
 @version $Revision: 1.4 $ $Date: 2006-12-12 18:23:45 $
</long>
      </documentation>
      <configuration/>
      <wiring>
        <wire loc="56:/home/kasper/tinyos-main//tos/platforms/telosb/chips/stm25p/HplStm25pPinsC.nc">
          <from><interface-ref name="CSN" ref="0x2ac2c47e3c50" scoped=""/></from>
          <to><interface-ref name="GeneralIO" ref="0x2ac2c47d5020" scoped=""/></to>
        </wire>
        <wire loc="57:/home/kasper/tinyos-main//tos/platforms/telosb/chips/stm25p/HplStm25pPinsC.nc">
          <from><interface-ref name="Hold" ref="0x2ac2c47d8e30" scoped=""/></from>
          <to><interface-ref name="GeneralIO" ref="0x2ac2c47d0720" scoped=""/></to>
        </wire>
        <wire loc="53:/home/kasper/tinyos-main//tos/platforms/telosb/chips/stm25p/HplStm25pPinsC.nc">
          <from><interface-ref name="HplGeneralIO" ref="0x2ac2c47d4120" scoped=""/></from>
          <to><interface-ref name="Port44" ref="0x2ac2c30aa568" scoped=""/></to>
        </wire>
        <wire loc="54:/home/kasper/tinyos-main//tos/platforms/telosb/chips/stm25p/HplStm25pPinsC.nc">
          <from><interface-ref name="HplGeneralIO" ref="0x2ac2c47cf908" scoped=""/></from>
          <to><interface-ref name="Port47" ref="0x2ac2c30a4568" scoped=""/></to>
        </wire>
      </wiring>
    </component><component loc="39:/home/kasper/tinyos-main//tos/chips/stm25p/Stm25pSpiP.nc" nicename="Stm25pSpiP" qname="Stm25pSpiP">
      <documentation loc="32:/home/kasper/tinyos-main//tos/chips/stm25p/Stm25pSpiP.nc">
        <short>
 </short>
        <long>
 @author Jonathan Hui &lt;jhui@archrock.com&gt;
 @version $Revision: 1.4 $ $Date: 2006-12-12 18:23:13 $
</long>
      </documentation>
      <module/>
    </component><component loc="45:/home/kasper/tinyos-main//tos/system/LedsC.nc" nicename="LedsC" qname="LedsC">
      <documentation loc="34:/home/kasper/tinyos-main//tos/system/LedsC.nc">
        <short>

 The basic TinyOS LEDs abstraction.</short>
        <long>

 The basic TinyOS LEDs abstraction.

 @author Phil Buonadonna
 @author David Gay
 @author Philip Levis
 @author Joe Polastre
</long>
      </documentation>
      <configuration/>
      <wiring>
        <wire loc="51:/home/kasper/tinyos-main//tos/system/LedsC.nc">
          <from><interface-ref name="Leds" ref="0x2ac2c3039c38" scoped=""/></from>
          <to><interface-ref name="Leds" ref="0x2ac2c30365e8" scoped=""/></to>
        </wire>
        <wire loc="53:/home/kasper/tinyos-main//tos/system/LedsC.nc">
          <from><interface-ref name="Init" ref="0x2ac2c3058460" scoped=""/></from>
          <to><interface-ref name="Init" ref="0x2ac2c3036020" scoped=""/></to>
        </wire>
        <wire loc="54:/home/kasper/tinyos-main//tos/system/LedsC.nc">
          <from><interface-ref name="Led0" ref="0x2ac2c30527c8" scoped=""/></from>
          <to><interface-ref name="Led0" ref="0x2ac2c305b020" scoped=""/></to>
        </wire>
        <wire loc="55:/home/kasper/tinyos-main//tos/system/LedsC.nc">
          <from><interface-ref name="Led1" ref="0x2ac2c3034958" scoped=""/></from>
          <to><interface-ref name="Led1" ref="0x2ac2c305a1b0" scoped=""/></to>
        </wire>
        <wire loc="56:/home/kasper/tinyos-main//tos/system/LedsC.nc">
          <from><interface-ref name="Led2" ref="0x2ac2c3051ae0" scoped=""/></from>
          <to><interface-ref name="Led2" ref="0x2ac2c3059378" scoped=""/></to>
        </wire>
      </wiring>
    </component><component loc="40:/home/kasper/tinyos-main//tos/platforms/telosb/chips/stm25p/HplStm25pSpiC.nc" nicename="HplStm25pSpiC" qname="HplStm25pSpiC">
      <documentation loc="32:/home/kasper/tinyos-main//tos/platforms/telosb/chips/stm25p/HplStm25pSpiC.nc">
        <short>
 HPL implementation of the Spi bus for a ST M25P chip connected to a
 TI MSP430.</short>
        <long>
 HPL implementation of the Spi bus for a ST M25P chip connected to a
 TI MSP430.

 @author Jonathan Hui &lt;jhui@archrock.com&gt;
 @version $Revision: 1.4 $ $Date: 2006-12-12 18:23:45 $
</long>
      </documentation>
      <configuration/>
      <wiring>
        <wire loc="53:/home/kasper/tinyos-main//tos/platforms/telosb/chips/stm25p/HplStm25pSpiC.nc">
          <from><interface-ref name="SpiPacket" ref="0x2ac2c47e0020" scoped=""/></from>
          <to><interface-ref name="SpiPacket" ref="0x2ac2c47dd890" scoped=""/></to>
        </wire>
        <wire loc="52:/home/kasper/tinyos-main//tos/platforms/telosb/chips/stm25p/HplStm25pSpiC.nc">
          <from><interface-ref name="SpiByte" ref="0x2ac2c47e2910" scoped=""/></from>
          <to><interface-ref name="SpiByte" ref="0x2ac2c47de820" scoped=""/></to>
        </wire>
        <wire loc="51:/home/kasper/tinyos-main//tos/platforms/telosb/chips/stm25p/HplStm25pSpiC.nc">
          <from><interface-ref name="Resource" ref="0x2ac2c47e5bd0" scoped=""/></from>
          <to><interface-ref name="Resource" ref="0x2ac2c47df448" scoped=""/></to>
        </wire>
      </wiring>
    </component></referenced></component>