<?xml version="1.0" ?><component loc="40:/home/kasper/tinyos-main//tos/chips/stm25p/Stm25pSectorC.nc" nicename="Stm25pSectorC" qname="Stm25pSectorC">
      <documentation loc="32:/home/kasper/tinyos-main//tos/chips/stm25p/Stm25pSectorC.nc">
        <short>
 Implementation of the sector storage absraction for the ST M25P
 serial code flash.</short>
        <long>
 Implementation of the sector storage absraction for the ST M25P
 serial code flash.

 @author Jonathan Hui &lt;jhui@archrock.com&gt;
 @version $Revision: 1.5 $ $Date: 2007-02-04 19:55:17 $
</long>
      </documentation>
      <configuration/>
      <wiring>
        <wire loc="54:/home/kasper/tinyos-main//tos/chips/stm25p/Stm25pSectorC.nc">
          <from><interface-ref name="Sector" ref="0x2ac2c4706400" scoped=""/></from>
          <to><interface-ref name="Sector" ref="0x2ac2c46fc030" scoped=""/></to>
        </wire>
        <wire loc="55:/home/kasper/tinyos-main//tos/chips/stm25p/Stm25pSectorC.nc">
          <from><interface-ref name="Volume" ref="0x2ac2c4704510" scoped=""/></from>
          <to><interface-ref name="Volume" ref="0x2ac2c46fba20" scoped=""/></to>
        </wire>
        <wire loc="53:/home/kasper/tinyos-main//tos/chips/stm25p/Stm25pSectorC.nc">
          <from><interface-ref name="ClientResource" ref="0x2ac2c47081c8" scoped=""/></from>
          <to><interface-ref name="ClientResource" ref="0x2ac2c46ffdd8" scoped=""/></to>
        </wire>
        <wire loc="58:/home/kasper/tinyos-main//tos/chips/stm25p/Stm25pSectorC.nc">
          <from><interface-ref name="Stm25pResource" ref="0x2ac2c46fa640" scoped=""/></from>
          <to><interface-ref name="Resource" ref="0x2ac2c47824f0" scoped=""/></to>
        </wire>
        <wire loc="61:/home/kasper/tinyos-main//tos/chips/stm25p/Stm25pSectorC.nc">
          <from><interface-ref name="SplitControl" ref="0x2ac2c47bd020" scoped=""/></from>
          <to><interface-ref name="SplitControl" ref="0x2ac2c4703d00" scoped=""/></to>
        </wire>
        <wire loc="62:/home/kasper/tinyos-main//tos/chips/stm25p/Stm25pSectorC.nc">
          <from><interface-ref name="ResourceDefaultOwner" ref="0x2ac2c47bc020" scoped=""/></from>
          <to><interface-ref name="ResourceDefaultOwner" ref="0x2ac2c4781950" scoped=""/></to>
        </wire>
        <wire loc="63:/home/kasper/tinyos-main//tos/chips/stm25p/Stm25pSectorC.nc">
          <from><interface-ref name="ArbiterInfo" ref="0x2ac2c47bcbd8" scoped=""/></from>
          <to><interface-ref name="ArbiterInfo" ref="0x2ac2c4780578" scoped=""/></to>
        </wire>
        <wire loc="66:/home/kasper/tinyos-main//tos/chips/stm25p/Stm25pSectorC.nc">
          <from><interface-ref name="SpiResource" ref="0x2ac2c46f93b0" scoped=""/></from>
          <to><interface-ref name="Resource" ref="0x2ac2c47b77f8" scoped=""/></to>
        </wire>
        <wire loc="67:/home/kasper/tinyos-main//tos/chips/stm25p/Stm25pSectorC.nc">
          <from><interface-ref name="Spi" ref="0x2ac2c46e88a8" scoped=""/></from>
          <to><interface-ref name="Stm25pSpi" ref="0x2ac2c47b6490" scoped=""/></to>
        </wire>
        <wire loc="68:/home/kasper/tinyos-main//tos/chips/stm25p/Stm25pSectorC.nc">
          <from><interface-ref name="SoftwareInit" ref="0x2ac2c2e67e48" scoped=""/></from>
          <to><interface-ref name="Init" ref="0x2ac2c47b71c8" scoped=""/></to>
        </wire>
        <wire loc="71:/home/kasper/tinyos-main//tos/chips/stm25p/Stm25pSectorC.nc">
          <from><interface-ref name="Leds" ref="0x2ac2c46f50c0" scoped=""/></from>
          <to><interface-ref name="Leds" ref="0x2ac2c3039c38" scoped=""/></to>
        </wire>
      </wiring>
    <specification><interface loc="43:/home/kasper/tinyos-main//tos/chips/stm25p/Stm25pSectorC.nc" name="Sector" provided="1" ref="0x2ac2c4706400">
      <component-ref nicename="Stm25pSectorC" qname="Stm25pSectorC"/>
      <type-interface alignment="I:2" size="I:2"><interface-ref name="Sector" ref="0x2ac2c4706400" scoped=""/></type-interface>
      <instance>
        <interfacedef-ref nicename="Stm25pSector" qname="Stm25pSector"/>
      </instance>
      <interface-parameters>
        <type-int alignment="I:1" cname="unsigned char" size="I:1" unsigned="">
          <typename><typedef-ref name="uint8_t" ref="0x2ac2c209a790"/></typename>
        </type-int>
      </interface-parameters>
      <interface-functions>
        <function-ref name="getPhysicalAddress" ref="0x2ac2c4706750" scoped=""/>
        <function-ref name="read" ref="0x2ac2c47068d8" scoped=""/>
        <function-ref name="writeDone" ref="0x2ac2c4706a60" scoped=""/>
        <function-ref name="erase" ref="0x2ac2c4706be8" scoped=""/>
        <function-ref name="eraseDone" ref="0x2ac2c4706d70" scoped=""/>
        <function-ref name="computeCrcDone" ref="0x2ac2c4705020" scoped=""/>
        <function-ref name="computeCrc" ref="0x2ac2c47051a8" scoped=""/>
        <function-ref name="write" ref="0x2ac2c4705330" scoped=""/>
        <function-ref name="getNumSectors" ref="0x2ac2c47054b8" scoped=""/>
        <function-ref name="readDone" ref="0x2ac2c4705640" scoped=""/>
      </interface-functions>
    </interface><interface loc="44:/home/kasper/tinyos-main//tos/chips/stm25p/Stm25pSectorC.nc" name="Volume" provided="1" ref="0x2ac2c4704510">
      <component-ref nicename="Stm25pSectorC" qname="Stm25pSectorC"/>
      <type-interface alignment="I:2" size="I:2"><interface-ref name="Volume" ref="0x2ac2c4704510" scoped=""/></type-interface>
      <instance>
        <interfacedef-ref nicename="Stm25pVolume" qname="Stm25pVolume"/>
      </instance>
      <interface-parameters>
        <type-int alignment="I:1" cname="unsigned char" size="I:1" unsigned="">
          <typename><typedef-ref name="uint8_t" ref="0x2ac2c209a790"/></typename>
        </type-int>
      </interface-parameters>
      <interface-functions>
        <function-ref name="getVolumeId" ref="0x2ac2c4704860" scoped=""/>
      </interface-functions>
    </interface><interface loc="42:/home/kasper/tinyos-main//tos/chips/stm25p/Stm25pSectorC.nc" name="ClientResource" provided="1" ref="0x2ac2c47081c8">
      <component-ref nicename="Stm25pSectorC" qname="Stm25pSectorC"/>
      <type-interface alignment="I:2" size="I:2"><interface-ref name="ClientResource" ref="0x2ac2c47081c8" scoped=""/></type-interface>
      <instance>
        <interfacedef-ref nicename="Resource" qname="Resource"/>
      </instance>
      <interface-parameters>
        <type-int alignment="I:1" cname="unsigned char" size="I:1" unsigned="">
          <typename><typedef-ref name="uint8_t" ref="0x2ac2c209a790"/></typename>
        </type-int>
      </interface-parameters>
      <interface-functions>
        <function-ref name="release" ref="0x2ac2c4708518" scoped=""/>
        <function-ref name="immediateRequest" ref="0x2ac2c47086a0" scoped=""/>
        <function-ref name="request" ref="0x2ac2c4708828" scoped=""/>
        <function-ref name="granted" ref="0x2ac2c47089b0" scoped=""/>
        <function-ref name="isOwner" ref="0x2ac2c4708b38" scoped=""/>
      </interface-functions>
    </interface></specification><referenced><interface loc="42:/home/kasper/tinyos-main//tos/chips/stm25p/Stm25pSpiC.nc" name="Init" provided="1" ref="0x2ac2c47b71c8">
      <component-ref nicename="Stm25pSpiC" qname="Stm25pSpiC"/>
      <type-interface alignment="I:2" size="I:2"><interface-ref name="Init" ref="0x2ac2c47b71c8" scoped=""/></type-interface>
      <instance>
        <interfacedef-ref nicename="Init" qname="Init"/>
      </instance>
      <interface-functions>
        <function-ref name="init" ref="0x2ac2c47b7518" scoped=""/>
      </interface-functions>
    </interface><interface loc="44:/home/kasper/tinyos-main//tos/chips/stm25p/Stm25pSectorP.nc" name="Sector" provided="1" ref="0x2ac2c46fc030">
      <component-ref nicename="Stm25pSectorP" qname="Stm25pSectorP"/>
      <type-interface alignment="I:2" size="I:2"><interface-ref name="Sector" ref="0x2ac2c46fc030" scoped=""/></type-interface>
      <instance>
        <interfacedef-ref nicename="Stm25pSector" qname="Stm25pSector"/>
      </instance>
      <interface-parameters>
        <type-int alignment="I:1" cname="unsigned char" size="I:1" unsigned="">
          <typename><typedef-ref name="uint8_t" ref="0x2ac2c209a790"/></typename>
        </type-int>
      </interface-parameters>
      <interface-functions>
        <function-ref name="getPhysicalAddress" ref="0x2ac2c46fc380" scoped=""/>
        <function-ref name="read" ref="0x2ac2c46fc508" scoped=""/>
        <function-ref name="writeDone" ref="0x2ac2c46fc690" scoped=""/>
        <function-ref name="erase" ref="0x2ac2c46fc818" scoped=""/>
        <function-ref name="eraseDone" ref="0x2ac2c46fc9a0" scoped=""/>
        <function-ref name="computeCrcDone" ref="0x2ac2c46fcb28" scoped=""/>
        <function-ref name="computeCrc" ref="0x2ac2c46fccb0" scoped=""/>
        <function-ref name="write" ref="0x2ac2c46fce38" scoped=""/>
        <function-ref name="getNumSectors" ref="0x2ac2c46fb020" scoped=""/>
        <function-ref name="readDone" ref="0x2ac2c46fb1a8" scoped=""/>
      </interface-functions>
    </interface><interface loc="58:/home/kasper/tinyos-main//tos/system/MainC.nc" name="SoftwareInit" provided="0" ref="0x2ac2c2e67e48">
      <component-ref nicename="MainC" qname="MainC"/>
      <type-interface alignment="I:2" size="I:2"><interface-ref name="SoftwareInit" ref="0x2ac2c2e67e48" scoped=""/></type-interface>
      <instance>
        <interfacedef-ref nicename="Init" qname="Init"/>
      </instance>
      <interface-functions>
        <function-ref name="init" ref="0x2ac2c2e661c0" scoped=""/>
      </interface-functions>
    </interface><interface loc="45:/home/kasper/tinyos-main//tos/chips/stm25p/Stm25pSectorP.nc" name="Volume" provided="1" ref="0x2ac2c46fba20">
      <component-ref nicename="Stm25pSectorP" qname="Stm25pSectorP"/>
      <type-interface alignment="I:2" size="I:2"><interface-ref name="Volume" ref="0x2ac2c46fba20" scoped=""/></type-interface>
      <instance>
        <interfacedef-ref nicename="Stm25pVolume" qname="Stm25pVolume"/>
      </instance>
      <interface-parameters>
        <type-int alignment="I:1" cname="unsigned char" size="I:1" unsigned="">
          <typename><typedef-ref name="uint8_t" ref="0x2ac2c209a790"/></typename>
        </type-int>
      </interface-parameters>
      <interface-functions>
        <function-ref name="getVolumeId" ref="0x2ac2c46fbd70" scoped=""/>
      </interface-functions>
    </interface><interface loc="72:/home/kasper/tinyos-main//tos/lib/power/SplitControlDeferredPowerManagerC.nc" name="SplitControl" provided="0" ref="0x2ac2c47bd020">
      <component-ref nicename="Stm25pSectorC.PowerManagerC" qname="Stm25pSectorC.PowerManagerC"/>
      <type-interface alignment="I:2" size="I:2"><interface-ref name="SplitControl" ref="0x2ac2c47bd020" scoped=""/></type-interface>
      <instance>
        <interfacedef-ref nicename="SplitControl" qname="SplitControl"/>
      </instance>
      <interface-functions>
        <function-ref name="startDone" ref="0x2ac2c47bd370" scoped=""/>
        <function-ref name="stopDone" ref="0x2ac2c47bd4f8" scoped=""/>
        <function-ref name="start" ref="0x2ac2c47bd680" scoped=""/>
        <function-ref name="stop" ref="0x2ac2c47bd808" scoped=""/>
      </interface-functions>
    </interface><interface loc="76:/home/kasper/tinyos-main//tos/lib/power/SplitControlDeferredPowerManagerC.nc" name="ArbiterInfo" provided="0" ref="0x2ac2c47bcbd8">
      <component-ref nicename="Stm25pSectorC.PowerManagerC" qname="Stm25pSectorC.PowerManagerC"/>
      <type-interface alignment="I:2" size="I:2"><interface-ref name="ArbiterInfo" ref="0x2ac2c47bcbd8" scoped=""/></type-interface>
      <instance>
        <interfacedef-ref nicename="ArbiterInfo" qname="ArbiterInfo"/>
      </instance>
      <interface-functions>
        <function-ref name="inUse" ref="0x2ac2c47bb020" scoped=""/>
        <function-ref name="userId" ref="0x2ac2c47bb1a8" scoped=""/>
      </interface-functions>
    </interface><interface loc="44:/home/kasper/tinyos-main//tos/chips/stm25p/Stm25pSpiC.nc" name="Stm25pSpi" provided="1" ref="0x2ac2c47b6490">
      <component-ref nicename="Stm25pSpiC" qname="Stm25pSpiC"/>
      <type-interface alignment="I:2" size="I:2"><interface-ref name="Stm25pSpi" ref="0x2ac2c47b6490" scoped=""/></type-interface>
      <instance>
        <interfacedef-ref nicename="Stm25pSpi" qname="Stm25pSpi"/>
      </instance>
      <interface-functions>
        <function-ref name="sectorEraseDone" ref="0x2ac2c47b67e0" scoped=""/>
        <function-ref name="bulkErase" ref="0x2ac2c47b6968" scoped=""/>
        <function-ref name="powerDown" ref="0x2ac2c47b6af0" scoped=""/>
        <function-ref name="readDone" ref="0x2ac2c47b5950" scoped=""/>
        <function-ref name="read" ref="0x2ac2c47b6e00" scoped=""/>
        <function-ref name="pageProgramDone" ref="0x2ac2c47b5020" scoped=""/>
        <function-ref name="sectorErase" ref="0x2ac2c47b51a8" scoped=""/>
        <function-ref name="computeCrcDone" ref="0x2ac2c47b5330" scoped=""/>
        <function-ref name="powerUp" ref="0x2ac2c47b54b8" scoped=""/>
        <function-ref name="computeCrc" ref="0x2ac2c47b5640" scoped=""/>
        <function-ref name="pageProgram" ref="0x2ac2c47b57c8" scoped=""/>
        <function-ref name="bulkEraseDone" ref="0x2ac2c47b6c78" scoped=""/>
      </interface-functions>
    </interface><interface loc="75:/home/kasper/tinyos-main//tos/lib/power/SplitControlDeferredPowerManagerC.nc" name="ResourceDefaultOwner" provided="0" ref="0x2ac2c47bc020">
      <component-ref nicename="Stm25pSectorC.PowerManagerC" qname="Stm25pSectorC.PowerManagerC"/>
      <type-interface alignment="I:2" size="I:2"><interface-ref name="ResourceDefaultOwner" ref="0x2ac2c47bc020" scoped=""/></type-interface>
      <instance>
        <interfacedef-ref nicename="ResourceDefaultOwner" qname="ResourceDefaultOwner"/>
      </instance>
      <interface-functions>
        <function-ref name="release" ref="0x2ac2c47bc370" scoped=""/>
        <function-ref name="requested" ref="0x2ac2c47bc4f8" scoped=""/>
        <function-ref name="granted" ref="0x2ac2c47bc680" scoped=""/>
        <function-ref name="isOwner" ref="0x2ac2c47bc808" scoped=""/>
        <function-ref name="immediateRequested" ref="0x2ac2c47bc990" scoped=""/>
      </interface-functions>
    </interface><interface loc="50:/home/kasper/tinyos-main//tos/chips/stm25p/Stm25pSectorP.nc" name="Leds" provided="0" ref="0x2ac2c46f50c0">
      <component-ref nicename="Stm25pSectorP" qname="Stm25pSectorP"/>
      <type-interface alignment="I:2" size="I:2"><interface-ref name="Leds" ref="0x2ac2c46f50c0" scoped=""/></type-interface>
      <instance>
        <interfacedef-ref nicename="Leds" qname="Leds"/>
      </instance>
      <interface-functions>
        <function-ref name="led0Off" ref="0x2ac2c46f5410" scoped=""/>
        <function-ref name="led0Toggle" ref="0x2ac2c46f5598" scoped=""/>
        <function-ref name="led1On" ref="0x2ac2c46f5720" scoped=""/>
        <function-ref name="led1Toggle" ref="0x2ac2c46f58a8" scoped=""/>
        <function-ref name="led2Toggle" ref="0x2ac2c46f5a30" scoped=""/>
        <function-ref name="get" ref="0x2ac2c46f5bb8" scoped=""/>
        <function-ref name="led1Off" ref="0x2ac2c46f5d40" scoped=""/>
        <function-ref name="led2Off" ref="0x2ac2c46e64b8" scoped=""/>
        <function-ref name="set" ref="0x2ac2c46e6020" scoped=""/>
        <function-ref name="led0On" ref="0x2ac2c46e61a8" scoped=""/>
        <function-ref name="led2On" ref="0x2ac2c46e6330" scoped=""/>
      </interface-functions>
    </interface><interface loc="91:/home/kasper/tinyos-main//tos/system/FcfsArbiterC.nc" name="Resource" provided="1" ref="0x2ac2c47824f0">
      <component-ref nicename="Stm25pSectorC.ArbiterC" qname="Stm25pSectorC.ArbiterC"/>
      <type-interface alignment="I:2" size="I:2"><interface-ref name="Resource" ref="0x2ac2c47824f0" scoped=""/></type-interface>
      <instance>
        <interfacedef-ref nicename="Resource" qname="Resource"/>
      </instance>
      <interface-parameters>
        <type-int alignment="I:1" cname="unsigned char" size="I:1" unsigned="">
          <typename><typedef-ref name="uint8_t" ref="0x2ac2c209a790"/></typename>
        </type-int>
      </interface-parameters>
      <interface-functions>
        <function-ref name="release" ref="0x2ac2c4782860" scoped=""/>
        <function-ref name="immediateRequest" ref="0x2ac2c47829e8" scoped=""/>
        <function-ref name="request" ref="0x2ac2c4782b70" scoped=""/>
        <function-ref name="granted" ref="0x2ac2c4782cf8" scoped=""/>
        <function-ref name="isOwner" ref="0x2ac2c4782e80" scoped=""/>
      </interface-functions>
    </interface><interface loc="93:/home/kasper/tinyos-main//tos/system/FcfsArbiterC.nc" name="ResourceDefaultOwner" provided="1" ref="0x2ac2c4781950">
      <component-ref nicename="Stm25pSectorC.ArbiterC" qname="Stm25pSectorC.ArbiterC"/>
      <type-interface alignment="I:2" size="I:2"><interface-ref name="ResourceDefaultOwner" ref="0x2ac2c4781950" scoped=""/></type-interface>
      <instance>
        <interfacedef-ref nicename="ResourceDefaultOwner" qname="ResourceDefaultOwner"/>
      </instance>
      <interface-functions>
        <function-ref name="release" ref="0x2ac2c4781ca0" scoped=""/>
        <function-ref name="requested" ref="0x2ac2c4781e28" scoped=""/>
        <function-ref name="granted" ref="0x2ac2c4780020" scoped=""/>
        <function-ref name="isOwner" ref="0x2ac2c47801a8" scoped=""/>
        <function-ref name="immediateRequested" ref="0x2ac2c4780330" scoped=""/>
      </interface-functions>
    </interface><interface loc="43:/home/kasper/tinyos-main//tos/chips/stm25p/Stm25pSpiC.nc" name="Resource" provided="1" ref="0x2ac2c47b77f8">
      <component-ref nicename="Stm25pSpiC" qname="Stm25pSpiC"/>
      <type-interface alignment="I:2" size="I:2"><interface-ref name="Resource" ref="0x2ac2c47b77f8" scoped=""/></type-interface>
      <instance>
        <interfacedef-ref nicename="Resource" qname="Resource"/>
      </instance>
      <interface-functions>
        <function-ref name="release" ref="0x2ac2c47b7b48" scoped=""/>
        <function-ref name="immediateRequest" ref="0x2ac2c47b7cd0" scoped=""/>
        <function-ref name="request" ref="0x2ac2c47b7e58" scoped=""/>
        <function-ref name="granted" ref="0x2ac2c47b6020" scoped=""/>
        <function-ref name="isOwner" ref="0x2ac2c47b61a8" scoped=""/>
      </interface-functions>
    </interface><interface loc="94:/home/kasper/tinyos-main//tos/system/FcfsArbiterC.nc" name="ArbiterInfo" provided="1" ref="0x2ac2c4780578">
      <component-ref nicename="Stm25pSectorC.ArbiterC" qname="Stm25pSectorC.ArbiterC"/>
      <type-interface alignment="I:2" size="I:2"><interface-ref name="ArbiterInfo" ref="0x2ac2c4780578" scoped=""/></type-interface>
      <instance>
        <interfacedef-ref nicename="ArbiterInfo" qname="ArbiterInfo"/>
      </instance>
      <interface-functions>
        <function-ref name="inUse" ref="0x2ac2c47808c8" scoped=""/>
        <function-ref name="userId" ref="0x2ac2c4780a50" scoped=""/>
      </interface-functions>
    </interface><interface loc="42:/home/kasper/tinyos-main//tos/chips/stm25p/Stm25pSectorP.nc" name="SplitControl" provided="1" ref="0x2ac2c4703d00">
      <component-ref nicename="Stm25pSectorP" qname="Stm25pSectorP"/>
      <type-interface alignment="I:2" size="I:2"><interface-ref name="SplitControl" ref="0x2ac2c4703d00" scoped=""/></type-interface>
      <instance>
        <interfacedef-ref nicename="SplitControl" qname="SplitControl"/>
      </instance>
      <interface-functions>
        <function-ref name="startDone" ref="0x2ac2c46ff0a0" scoped=""/>
        <function-ref name="stopDone" ref="0x2ac2c46ff228" scoped=""/>
        <function-ref name="start" ref="0x2ac2c46ff3b0" scoped=""/>
        <function-ref name="stop" ref="0x2ac2c46ff538" scoped=""/>
      </interface-functions>
    </interface><interface loc="48:/home/kasper/tinyos-main//tos/chips/stm25p/Stm25pSectorP.nc" name="SpiResource" provided="0" ref="0x2ac2c46f93b0">
      <component-ref nicename="Stm25pSectorP" qname="Stm25pSectorP"/>
      <type-interface alignment="I:2" size="I:2"><interface-ref name="SpiResource" ref="0x2ac2c46f93b0" scoped=""/></type-interface>
      <instance>
        <interfacedef-ref nicename="Resource" qname="Resource"/>
      </instance>
      <interface-functions>
        <function-ref name="release" ref="0x2ac2c46f9700" scoped=""/>
        <function-ref name="immediateRequest" ref="0x2ac2c46f9888" scoped=""/>
        <function-ref name="request" ref="0x2ac2c46f9a10" scoped=""/>
        <function-ref name="granted" ref="0x2ac2c46f9b98" scoped=""/>
        <function-ref name="isOwner" ref="0x2ac2c46f9d20" scoped=""/>
      </interface-functions>
    </interface><interface loc="47:/home/kasper/tinyos-main//tos/chips/stm25p/Stm25pSectorP.nc" name="Stm25pResource" provided="0" ref="0x2ac2c46fa640">
      <component-ref nicename="Stm25pSectorP" qname="Stm25pSectorP"/>
      <type-interface alignment="I:2" size="I:2"><interface-ref name="Stm25pResource" ref="0x2ac2c46fa640" scoped=""/></type-interface>
      <instance>
        <interfacedef-ref nicename="Resource" qname="Resource"/>
      </instance>
      <interface-parameters>
        <type-int alignment="I:1" cname="unsigned char" size="I:1" unsigned="">
          <typename><typedef-ref name="uint8_t" ref="0x2ac2c209a790"/></typename>
        </type-int>
      </interface-parameters>
      <interface-functions>
        <function-ref name="release" ref="0x2ac2c46fa990" scoped=""/>
        <function-ref name="immediateRequest" ref="0x2ac2c46fab18" scoped=""/>
        <function-ref name="request" ref="0x2ac2c46faca0" scoped=""/>
        <function-ref name="granted" ref="0x2ac2c46fae28" scoped=""/>
        <function-ref name="isOwner" ref="0x2ac2c46f9020" scoped=""/>
      </interface-functions>
    </interface><interface loc="49:/home/kasper/tinyos-main//tos/chips/stm25p/Stm25pSectorP.nc" name="Spi" provided="0" ref="0x2ac2c46e88a8">
      <component-ref nicename="Stm25pSectorP" qname="Stm25pSectorP"/>
      <type-interface alignment="I:2" size="I:2"><interface-ref name="Spi" ref="0x2ac2c46e88a8" scoped=""/></type-interface>
      <instance>
        <interfacedef-ref nicename="Stm25pSpi" qname="Stm25pSpi"/>
      </instance>
      <interface-functions>
        <function-ref name="sectorEraseDone" ref="0x2ac2c46e8bf8" scoped=""/>
        <function-ref name="bulkErase" ref="0x2ac2c46e8d80" scoped=""/>
        <function-ref name="powerDown" ref="0x2ac2c46f6020" scoped=""/>
        <function-ref name="readDone" ref="0x2ac2c46f6de8" scoped=""/>
        <function-ref name="read" ref="0x2ac2c46f6330" scoped=""/>
        <function-ref name="pageProgramDone" ref="0x2ac2c46f64b8" scoped=""/>
        <function-ref name="sectorErase" ref="0x2ac2c46f6640" scoped=""/>
        <function-ref name="computeCrcDone" ref="0x2ac2c46f67c8" scoped=""/>
        <function-ref name="powerUp" ref="0x2ac2c46f6950" scoped=""/>
        <function-ref name="computeCrc" ref="0x2ac2c46f6ad8" scoped=""/>
        <function-ref name="pageProgram" ref="0x2ac2c46f6c60" scoped=""/>
        <function-ref name="bulkEraseDone" ref="0x2ac2c46f61a8" scoped=""/>
      </interface-functions>
    </interface><interface loc="46:/home/kasper/tinyos-main//tos/system/LedsC.nc" name="Leds" provided="1" ref="0x2ac2c3039c38">
      <component-ref nicename="LedsC" qname="LedsC"/>
      <type-interface alignment="I:2" size="I:2"><interface-ref name="Leds" ref="0x2ac2c3039c38" scoped=""/></type-interface>
      <instance>
        <interfacedef-ref nicename="Leds" qname="Leds"/>
      </instance>
      <interface-functions>
        <function-ref name="led0Off" ref="0x2ac2c3043020" scoped=""/>
        <function-ref name="led0Toggle" ref="0x2ac2c30431a8" scoped=""/>
        <function-ref name="led1On" ref="0x2ac2c3043330" scoped=""/>
        <function-ref name="led1Toggle" ref="0x2ac2c30434b8" scoped=""/>
        <function-ref name="led2Toggle" ref="0x2ac2c3043640" scoped=""/>
        <function-ref name="get" ref="0x2ac2c30437c8" scoped=""/>
        <function-ref name="led1Off" ref="0x2ac2c3043950" scoped=""/>
        <function-ref name="led2Off" ref="0x2ac2c3042020" scoped=""/>
        <function-ref name="set" ref="0x2ac2c3043ad8" scoped=""/>
        <function-ref name="led0On" ref="0x2ac2c3043c60" scoped=""/>
        <function-ref name="led2On" ref="0x2ac2c3043de8" scoped=""/>
      </interface-functions>
    </interface><interface loc="43:/home/kasper/tinyos-main//tos/chips/stm25p/Stm25pSectorP.nc" name="ClientResource" provided="1" ref="0x2ac2c46ffdd8">
      <component-ref nicename="Stm25pSectorP" qname="Stm25pSectorP"/>
      <type-interface alignment="I:2" size="I:2"><interface-ref name="ClientResource" ref="0x2ac2c46ffdd8" scoped=""/></type-interface>
      <instance>
        <interfacedef-ref nicename="Resource" qname="Resource"/>
      </instance>
      <interface-parameters>
        <type-int alignment="I:1" cname="unsigned char" size="I:1" unsigned="">
          <typename><typedef-ref name="uint8_t" ref="0x2ac2c209a790"/></typename>
        </type-int>
      </interface-parameters>
      <interface-functions>
        <function-ref name="release" ref="0x2ac2c46fd170" scoped=""/>
        <function-ref name="immediateRequest" ref="0x2ac2c46fd2f8" scoped=""/>
        <function-ref name="request" ref="0x2ac2c46fd480" scoped=""/>
        <function-ref name="granted" ref="0x2ac2c46fd608" scoped=""/>
        <function-ref name="isOwner" ref="0x2ac2c46fd790" scoped=""/>
      </interface-functions>
    </interface><component loc="89(Stm25pSectorC.ArbiterC):/home/kasper/tinyos-main//tos/system/FcfsArbiterC.nc" nicename="Stm25pSectorC.ArbiterC" qname="Stm25pSectorC.ArbiterC">
      <documentation loc="69:/home/kasper/tinyos-main//tos/system/FcfsArbiterC.nc">
        <short>
 Please refer to TEP 108 for more information about this component and its
 intended use.&lt;br&gt;&lt;br&gt;

 This component provides the Resource, ArbiterInfo, and ResourceDefaultOwner
 interfaces and uses the ResourceConfigure interface as
 described in TEP 108.</short>
        <long>
 Please refer to TEP 108 for more information about this component and its
 intended use.&lt;br&gt;&lt;br&gt;

 This component provides the Resource, ArbiterInfo, and ResourceDefaultOwner
 interfaces and uses the ResourceConfigure interface as
 described in TEP 108.  It provides arbitration to a shared resource in
 an FCFS fashion.  An array is used to keep track of which users have put
 in requests for the resource.  Upon the release of the resource by one
 of these users, the array is checked and the next user (in FCFS order)
 that has a pending request will ge granted control of the resource.  If
 there are no pending requests, then the resource is granted to the default 
 user.  If a new request is made, the default user will release the resource, 
 and it will be granted to the requesting cleint.

 @param &lt;b&gt;resourceName&lt;/b&gt; -- The name of the Resource being shared
 
 @author Kevin Klues (klues@tkn.tu-berlin.de)
</long>
      </documentation>
      <instance number="2">
        <component-ref nicename="FcfsArbiterC" qname="FcfsArbiterC"/>
        <arguments>
          <value cst="S:Stm25p.Volume">
            <type-pointer alignment="I:2" size="I:2">
              <type-int alignment="I:1" cname="char" size="I:1"/>
            </type-pointer>
          </value>
        </arguments>
      </instance>
      <configuration/>
      <wiring>
        <wire loc="106:/home/kasper/tinyos-main//tos/system/FcfsArbiterC.nc">
          <from><interface-ref name="ResourceRequested" ref="0x2ac2c4781210" scoped=""/></from>
          <to><interface-ref name="ResourceRequested" ref="0x2ac2c524eaf8" scoped=""/></to>
        </wire>
        <wire loc="107:/home/kasper/tinyos-main//tos/system/FcfsArbiterC.nc">
          <from><interface-ref name="ResourceDefaultOwner" ref="0x2ac2c4781950" scoped=""/></from>
          <to><interface-ref name="ResourceDefaultOwner" ref="0x2ac2c524d268" scoped=""/></to>
        </wire>
        <wire loc="105:/home/kasper/tinyos-main//tos/system/FcfsArbiterC.nc">
          <from><interface-ref name="Resource" ref="0x2ac2c47824f0" scoped=""/></from>
          <to><interface-ref name="Resource" ref="0x2ac2c524fd80" scoped=""/></to>
        </wire>
        <wire loc="108:/home/kasper/tinyos-main//tos/system/FcfsArbiterC.nc">
          <from><interface-ref name="ArbiterInfo" ref="0x2ac2c4780578" scoped=""/></from>
          <to><interface-ref name="ArbiterInfo" ref="0x2ac2c524de20" scoped=""/></to>
        </wire>
        <wire loc="103:/home/kasper/tinyos-main//tos/system/FcfsArbiterC.nc">
          <from><interface-ref name="SoftwareInit" ref="0x2ac2c2e67e48" scoped=""/></from>
          <to><interface-ref name="Init" ref="0x2ac2c52516e0" scoped=""/></to>
        </wire>
        <wire loc="109:/home/kasper/tinyos-main//tos/system/FcfsArbiterC.nc">
          <from><interface-ref name="ResourceConfigure" ref="0x2ac2c524c6f8" scoped=""/></from>
          <to><interface-ref name="ResourceConfigure" ref="0x2ac2c4780df8" scoped=""/></to>
        </wire>
        <wire loc="111:/home/kasper/tinyos-main//tos/system/FcfsArbiterC.nc">
          <from><interface-ref name="Queue" ref="0x2ac2c524ce78" scoped=""/></from>
          <to><interface-ref name="FcfsQueue" ref="0x2ac2c5251cb8" scoped=""/></to>
        </wire>
      </wiring>
    </component><component loc="40:/home/kasper/tinyos-main//tos/chips/stm25p/Stm25pSpiC.nc" nicename="Stm25pSpiC" qname="Stm25pSpiC">
      <documentation loc="32:/home/kasper/tinyos-main//tos/chips/stm25p/Stm25pSpiC.nc">
        <short>
 Implementation of the SPI bus abstraction for the ST M25P serial
 code flash.</short>
        <long>
 Implementation of the SPI bus abstraction for the ST M25P serial
 code flash.

 @author Jonathan Hui &lt;jhui@archrock.com&gt;
 @version $Revision: 1.4 $ $Date: 2006-12-12 18:23:13 $
</long>
      </documentation>
      <configuration/>
      <wiring>
        <wire loc="53:/home/kasper/tinyos-main//tos/chips/stm25p/Stm25pSpiC.nc">
          <from><interface-ref name="Stm25pSpi" ref="0x2ac2c47b6490" scoped=""/></from>
          <to><interface-ref name="Spi" ref="0x2ac2c47b1988" scoped=""/></to>
        </wire>
        <wire loc="51:/home/kasper/tinyos-main//tos/chips/stm25p/Stm25pSpiC.nc">
          <from><interface-ref name="Init" ref="0x2ac2c47b71c8" scoped=""/></from>
          <to><interface-ref name="Init" ref="0x2ac2c47b44b8" scoped=""/></to>
        </wire>
        <wire loc="52:/home/kasper/tinyos-main//tos/chips/stm25p/Stm25pSpiC.nc">
          <from><interface-ref name="Resource" ref="0x2ac2c47b77f8" scoped=""/></from>
          <to><interface-ref name="ClientResource" ref="0x2ac2c47b4bb8" scoped=""/></to>
        </wire>
        <wire loc="56:/home/kasper/tinyos-main//tos/chips/stm25p/Stm25pSpiC.nc">
          <from><interface-ref name="SpiResource" ref="0x2ac2c47ae1c8" scoped=""/></from>
          <to><interface-ref name="Resource" ref="0x2ac2c47e5bd0" scoped=""/></to>
        </wire>
        <wire loc="57:/home/kasper/tinyos-main//tos/chips/stm25p/Stm25pSpiC.nc">
          <from><interface-ref name="SpiByte" ref="0x2ac2c47ab168" scoped=""/></from>
          <to><interface-ref name="SpiByte" ref="0x2ac2c47e2910" scoped=""/></to>
        </wire>
        <wire loc="58:/home/kasper/tinyos-main//tos/chips/stm25p/Stm25pSpiC.nc">
          <from><interface-ref name="SpiPacket" ref="0x2ac2c47ab7a0" scoped=""/></from>
          <to><interface-ref name="SpiPacket" ref="0x2ac2c47e0020" scoped=""/></to>
        </wire>
        <wire loc="61:/home/kasper/tinyos-main//tos/chips/stm25p/Stm25pSpiC.nc">
          <from><interface-ref name="CSN" ref="0x2ac2c47aee80" scoped=""/></from>
          <to><interface-ref name="CSN" ref="0x2ac2c47e3c50" scoped=""/></to>
        </wire>
        <wire loc="62:/home/kasper/tinyos-main//tos/chips/stm25p/Stm25pSpiC.nc">
          <from><interface-ref name="Hold" ref="0x2ac2c47ac060" scoped=""/></from>
          <to><interface-ref name="Hold" ref="0x2ac2c47d8e30" scoped=""/></to>
        </wire>
        <wire loc="65:/home/kasper/tinyos-main//tos/chips/stm25p/Stm25pSpiC.nc">
          <from><interface-ref name="Leds" ref="0x2ac2c47aa020" scoped=""/></from>
          <to><interface-ref name="Leds" ref="0x2ac2c3039c38" scoped=""/></to>
        </wire>
      </wiring>
    </component><component loc="45:/home/kasper/tinyos-main//tos/system/LedsC.nc" nicename="LedsC" qname="LedsC">
      <documentation loc="34:/home/kasper/tinyos-main//tos/system/LedsC.nc">
        <short>

 The basic TinyOS LEDs abstraction.</short>
        <long>

 The basic TinyOS LEDs abstraction.

 @author Phil Buonadonna
 @author David Gay
 @author Philip Levis
 @author Joe Polastre
</long>
      </documentation>
      <configuration/>
      <wiring>
        <wire loc="51:/home/kasper/tinyos-main//tos/system/LedsC.nc">
          <from><interface-ref name="Leds" ref="0x2ac2c3039c38" scoped=""/></from>
          <to><interface-ref name="Leds" ref="0x2ac2c30365e8" scoped=""/></to>
        </wire>
        <wire loc="53:/home/kasper/tinyos-main//tos/system/LedsC.nc">
          <from><interface-ref name="Init" ref="0x2ac2c3058460" scoped=""/></from>
          <to><interface-ref name="Init" ref="0x2ac2c3036020" scoped=""/></to>
        </wire>
        <wire loc="54:/home/kasper/tinyos-main//tos/system/LedsC.nc">
          <from><interface-ref name="Led0" ref="0x2ac2c30527c8" scoped=""/></from>
          <to><interface-ref name="Led0" ref="0x2ac2c305b020" scoped=""/></to>
        </wire>
        <wire loc="55:/home/kasper/tinyos-main//tos/system/LedsC.nc">
          <from><interface-ref name="Led1" ref="0x2ac2c3034958" scoped=""/></from>
          <to><interface-ref name="Led1" ref="0x2ac2c305a1b0" scoped=""/></to>
        </wire>
        <wire loc="56:/home/kasper/tinyos-main//tos/system/LedsC.nc">
          <from><interface-ref name="Led2" ref="0x2ac2c3051ae0" scoped=""/></from>
          <to><interface-ref name="Led2" ref="0x2ac2c3059378" scoped=""/></to>
        </wire>
      </wiring>
    </component><component loc="40:/home/kasper/tinyos-main//tos/chips/stm25p/Stm25pSectorP.nc" nicename="Stm25pSectorP" qname="Stm25pSectorP">
      <documentation loc="1:/home/kasper/tinyos-main//tos/chips/stm25p/Stm25p.h">
        <short>
 Copyright (c) 2005-2006 Arch Rock Corporation
 All rights reserved.</short>
        <long>
 Copyright (c) 2005-2006 Arch Rock Corporation
 All rights reserved.

 Redistribution and use in source and binary forms, with or without
 modification, are permitted provided that the following conditions
 are met:
 - Redistributions of source code must retain the above copyright
   notice, this list of conditions and the following disclaimer.
 - Redistributions in binary form must reproduce the above copyright
   notice, this list of conditions and the following disclaimer in the
   documentation and/or other materials provided with the
   distribution.
 - Neither the name of the Arch Rock Corporation nor the names of
   its contributors may be used to endorse or promote products derived
   from this software without specific prior written permission.

 THIS SOFTWARE IS PROVIDED BY THE COPYRIGHT HOLDERS AND CONTRIBUTORS
 ``AS IS'' AND ANY EXPRESS OR IMPLIED WARRANTIES, INCLUDING, BUT NOT
 LIMITED TO, THE IMPLIED WARRANTIES OF MERCHANTABILITY AND FITNESS
 FOR A PARTICULAR PURPOSE ARE DISCLAIMED.  IN NO EVENT SHALL THE
 ARCHED ROCK OR ITS CONTRIBUTORS BE LIABLE FOR ANY DIRECT, INDIRECT,
 INCIDENTAL, SPECIAL, EXEMPLARY, OR CONSEQUENTIAL DAMAGES
 (INCLUDING, BUT NOT LIMITED TO, PROCUREMENT OF SUBSTITUTE GOODS OR
 SERVICES; LOSS OF USE, DATA, OR PROFITS; OR BUSINESS INTERRUPTION)
 HOWEVER CAUSED AND ON ANY THEORY OF LIABILITY, WHETHER IN CONTRACT,
 STRICT LIABILITY, OR TORT (INCLUDING NEGLIGENCE OR OTHERWISE)
 ARISING IN ANY WAY OUT OF THE USE OF THIS SOFTWARE, EVEN IF ADVISED
 OF THE POSSIBILITY OF SUCH DAMAGE

 @author Jonathan Hui &lt;jhui@archrock.com&gt;
 @version $Revision: 1.4 $ $Date: 2006-12-12 18:23:12 $
</long>
      </documentation>
      <module/>
    </component><component loc="70(Stm25pSectorC.PowerManagerC):/home/kasper/tinyos-main//tos/lib/power/SplitControlDeferredPowerManagerC.nc" nicename="Stm25pSectorC.PowerManagerC" qname="Stm25pSectorC.PowerManagerC">
      <documentation loc="41:/home/kasper/tinyos-main//tos/lib/power/SplitControlDeferredPowerManagerC.nc">
        <short>
 Please refer to TEP 115 for more information about this component and its
 intended use.&lt;br&gt;&lt;br&gt;

 This component povides a power management policy for managing the power
 states of non-virtualized devices.</short>
        <long>
 Please refer to TEP 115 for more information about this component and its
 intended use.&lt;br&gt;&lt;br&gt;

 This component povides a power management policy for managing the power
 states of non-virtualized devices.  Non-virtualized devices are shared
 using a parameterized Resource interface, and are powered down according
 to some policy whenever there are no more pending requests to that Resource.
 The policy implemented by this component is to delay the power down of a
 device by some contant factor.  Such a policy is useful whenever a device
 has a long wake-up latency.  The cost of waiting for the device to power
 up can be avoided if the device is requested again before some predetermined
 amount of time.&lt;br&gt;&lt;br&gt;

 Powerdown of the device is done through the &lt;code&gt;SplitControl&lt;/code&gt;
 interface, so this component can only be used with those devices that
 provide that interface.&lt;br&gt;&lt;br&gt;

 For devices providing either the &lt;code&gt;AsyncStdControl&lt;/code&gt; or
 &lt;code&gt;StdControl&lt;/code&gt; interfaces, please use either the
 &lt;code&gt;AsyncStdControlDeferredPowerManagerC&lt;/code&gt; component or the
 &lt;code&gt;StdControlDeferredPowerManagerC&lt;/code&gt; component respectively.

 @param &lt;b&gt;delay&lt;/b&gt; -- The amount of time the power manager should wait
                        before shutting down the device once it is free.
 
 @author Kevin Klues (klueska@cs.wustl.edu)
</long>
      </documentation>
      <instance number="0">
        <component-ref nicename="SplitControlDeferredPowerManagerC" qname="SplitControlDeferredPowerManagerC"/>
        <arguments>
          <value cst="I:1024">
            <type-int alignment="I:2" cname="int" size="I:2"/>
          </value>
        </arguments>
      </instance>
      <configuration/>
      <wiring>
        <wire loc="83:/home/kasper/tinyos-main//tos/lib/power/SplitControlDeferredPowerManagerC.nc">
          <from><interface-ref name="SplitControl" ref="0x2ac2c52c1bc0" scoped=""/></from>
          <to><interface-ref name="SplitControl" ref="0x2ac2c47bd020" scoped=""/></to>
        </wire>
        <wire loc="85:/home/kasper/tinyos-main//tos/lib/power/SplitControlDeferredPowerManagerC.nc">
          <from><interface-ref name="PowerDownCleanup" ref="0x2ac2c52c0700" scoped=""/></from>
          <to><interface-ref name="PowerDownCleanup" ref="0x2ac2c47bda50" scoped=""/></to>
        </wire>
        <wire loc="87:/home/kasper/tinyos-main//tos/lib/power/SplitControlDeferredPowerManagerC.nc">
          <from><interface-ref name="ResourceDefaultOwner" ref="0x2ac2c52c0c98" scoped=""/></from>
          <to><interface-ref name="ResourceDefaultOwner" ref="0x2ac2c47bc020" scoped=""/></to>
        </wire>
        <wire loc="88:/home/kasper/tinyos-main//tos/lib/power/SplitControlDeferredPowerManagerC.nc">
          <from><interface-ref name="ArbiterInfo" ref="0x2ac2c52be888" scoped=""/></from>
          <to><interface-ref name="ArbiterInfo" ref="0x2ac2c47bcbd8" scoped=""/></to>
        </wire>
        <wire loc="90:/home/kasper/tinyos-main//tos/lib/power/SplitControlDeferredPowerManagerC.nc">
          <from><interface-ref name="TimerMilli" ref="0x2ac2c52bd168" scoped=""/></from>
          <to><interface-ref name="Timer" ref="0x2ac2c52c7058" scoped=""/></to>
        </wire>
      </wiring>
    </component><component loc="56:/home/kasper/tinyos-main//tos/system/MainC.nc" nicename="MainC" qname="MainC">
      <documentation loc="45:/home/kasper/tinyos-main//tos/system/MainC.nc">
        <short>
 MainC is the system interface the TinyOS boot sequence.</short>
        <long>
 MainC is the system interface the TinyOS boot sequence. It wires the
 boot sequence implementation to the scheduler and hardware resources.

 @author Philip Levis
 @date   August 6 2005
 @see    TEP 107: Boot Sequence
</long>
      </documentation>
      <configuration/>
      <wiring>
        <wire loc="72:/home/kasper/tinyos-main//tos/system/MainC.nc">
          <from><interface-ref name="Boot" ref="0x2ac2c2e659c0" scoped=""/></from>
          <to><interface-ref name="Boot" ref="0x2ac2c2e64c40" scoped=""/></to>
        </wire>
        <wire loc="67:/home/kasper/tinyos-main//tos/system/MainC.nc">
          <from><interface-ref name="Scheduler" ref="0x2ac2c3010308" scoped=""/></from>
          <to><interface-ref name="Scheduler" ref="0x2ac2c29e8390" scoped=""/></to>
        </wire>
        <wire loc="68:/home/kasper/tinyos-main//tos/system/MainC.nc">
          <from><interface-ref name="PlatformInit" ref="0x2ac2c3010ce0" scoped=""/></from>
          <to><interface-ref name="Init" ref="0x2ac2c2e66d70" scoped=""/></to>
        </wire>
        <wire loc="71:/home/kasper/tinyos-main//tos/system/MainC.nc">
          <from><interface-ref name="SoftwareInit" ref="0x2ac2c302a418" scoped=""/></from>
          <to><interface-ref name="SoftwareInit" ref="0x2ac2c2e67e48" scoped=""/></to>
        </wire>
      </wiring>
    </component></referenced></component>