<?xml version="1.0" ?><component loc="48:/home/kasper/tinyos-main//tos/system/TimerMilliP.nc" nicename="TimerMilliP" qname="TimerMilliP">
      <documentation loc="34:/home/kasper/tinyos-main//tos/system/TimerMilliP.nc">
        <short>
 Components should never wire to this component.</short>
        <long>
 Components should never wire to this component. This is the
 underlying configuration of virtualized millisecond timers. 
 It auto-wires wires the timer
 implementation (TimerC) to the boot sequence and exports the
 various Timer interfaces.

 @author Philip Levis
 @author Cory Sharp
 @date   May 16 2005
</long>
      </documentation>
      <configuration/>
      <wiring>
        <wire loc="54:/home/kasper/tinyos-main//tos/system/TimerMilliP.nc">
          <from><interface-ref name="TimerMilli" ref="0x2ac2c3403e30" scoped=""/></from>
          <to><interface-ref name="TimerMilli" ref="0x2ac2c33f74a0" scoped=""/></to>
        </wire>
        <wire loc="53:/home/kasper/tinyos-main//tos/system/TimerMilliP.nc">
          <from><interface-ref name="SoftwareInit" ref="0x2ac2c2e67e48" scoped=""/></from>
          <to><interface-ref name="Init" ref="0x2ac2c33fa768" scoped=""/></to>
        </wire>
      </wiring>
    <specification><interface loc="49:/home/kasper/tinyos-main//tos/system/TimerMilliP.nc" name="TimerMilli" provided="1" ref="0x2ac2c3403e30">
      <component-ref nicename="TimerMilliP" qname="TimerMilliP"/>
      <type-interface alignment="I:2" size="I:2"><interface-ref name="TimerMilli" ref="0x2ac2c3403e30" scoped=""/></type-interface>
      <instance>
        <interfacedef-ref nicename="Timer" qname="Timer"/>
        <arguments>
          <type-tag alignment="I:2" size="I:2"><struct-ref ref="0x2ac2c33df020"/>
            <typename><typedef-ref name="TMilli" ref="0x2ac2c33df378"/></typename>
          </type-tag>
        </arguments>
      </instance>
      <interface-parameters>
        <type-int alignment="I:1" cname="unsigned char" size="I:1" unsigned="">
          <typename><typedef-ref name="uint8_t" ref="0x2ac2c209a790"/></typename>
        </type-int>
      </interface-parameters>
      <interface-functions>
        <function-ref name="getNow" ref="0x2ac2c33fc0c0" scoped=""/>
        <function-ref name="fired" ref="0x2ac2c33fe798" scoped=""/>
        <function-ref name="startPeriodicAt" ref="0x2ac2c33fd4d8" scoped=""/>
        <function-ref name="isOneShot" ref="0x2ac2c33fd088" scoped=""/>
        <function-ref name="getdt" ref="0x2ac2c33fc960" scoped=""/>
        <function-ref name="gett0" ref="0x2ac2c33fc510" scoped=""/>
        <function-ref name="isRunning" ref="0x2ac2c33febe8" scoped=""/>
        <function-ref name="startPeriodic" ref="0x2ac2c34009e0" scoped=""/>
        <function-ref name="startOneShotAt" ref="0x2ac2c33fdaa8" scoped=""/>
        <function-ref name="startOneShot" ref="0x2ac2c3400e80" scoped=""/>
        <function-ref name="stop" ref="0x2ac2c33fe348" scoped=""/>
      </interface-functions>
    </interface></specification><referenced><interface loc="45:/home/kasper/tinyos-main//tos/chips/msp430/timer/HilTimerMilliC.nc" name="Init" provided="1" ref="0x2ac2c33fa768">
      <component-ref nicename="HilTimerMilliC" qname="HilTimerMilliC"/>
      <type-interface alignment="I:2" size="I:2"><interface-ref name="Init" ref="0x2ac2c33fa768" scoped=""/></type-interface>
      <instance>
        <interfacedef-ref nicename="Init" qname="Init"/>
      </instance>
      <interface-functions>
        <function-ref name="init" ref="0x2ac2c33faab8" scoped=""/>
      </interface-functions>
    </interface><interface loc="58:/home/kasper/tinyos-main//tos/system/MainC.nc" name="SoftwareInit" provided="0" ref="0x2ac2c2e67e48">
      <component-ref nicename="MainC" qname="MainC"/>
      <type-interface alignment="I:2" size="I:2"><interface-ref name="SoftwareInit" ref="0x2ac2c2e67e48" scoped=""/></type-interface>
      <instance>
        <interfacedef-ref nicename="Init" qname="Init"/>
      </instance>
      <interface-functions>
        <function-ref name="init" ref="0x2ac2c2e661c0" scoped=""/>
      </interface-functions>
    </interface><interface loc="46:/home/kasper/tinyos-main//tos/chips/msp430/timer/HilTimerMilliC.nc" name="TimerMilli" provided="1" ref="0x2ac2c33f74a0">
      <component-ref nicename="HilTimerMilliC" qname="HilTimerMilliC"/>
      <type-interface alignment="I:2" size="I:2"><interface-ref name="TimerMilli" ref="0x2ac2c33f74a0" scoped=""/></type-interface>
      <instance>
        <interfacedef-ref nicename="Timer" qname="Timer"/>
        <arguments>
          <type-tag alignment="I:2" size="I:2"><struct-ref ref="0x2ac2c33df020"/>
            <typename><typedef-ref name="TMilli" ref="0x2ac2c33df378"/></typename>
          </type-tag>
        </arguments>
      </instance>
      <interface-parameters>
        <type-int alignment="I:1" cname="unsigned char" size="I:1" unsigned="">
          <typename><typedef-ref name="uint8_t" ref="0x2ac2c209a790"/></typename>
        </type-int>
      </interface-parameters>
      <interface-functions>
        <function-ref name="getNow" ref="0x2ac2c33f36c8" scoped=""/>
        <function-ref name="fired" ref="0x2ac2c33f6db0" scoped=""/>
        <function-ref name="startPeriodicAt" ref="0x2ac2c33f5ad8" scoped=""/>
        <function-ref name="isOneShot" ref="0x2ac2c33f5688" scoped=""/>
        <function-ref name="getdt" ref="0x2ac2c33f2020" scoped=""/>
        <function-ref name="gett0" ref="0x2ac2c33f3b18" scoped=""/>
        <function-ref name="isRunning" ref="0x2ac2c33f5238" scoped=""/>
        <function-ref name="startPeriodic" ref="0x2ac2c33f6020" scoped=""/>
        <function-ref name="startOneShotAt" ref="0x2ac2c33f30f8" scoped=""/>
        <function-ref name="startOneShot" ref="0x2ac2c33f64c0" scoped=""/>
        <function-ref name="stop" ref="0x2ac2c33f6960" scoped=""/>
      </interface-functions>
    </interface><component loc="43:/home/kasper/tinyos-main//tos/chips/msp430/timer/HilTimerMilliC.nc" nicename="HilTimerMilliC" qname="HilTimerMilliC">
      <documentation loc="33:/home/kasper/tinyos-main//tos/chips/msp430/timer/HilTimerMilliC.nc">
        <short>
 HilTimerMilliC provides a parameterized interface to a virtualized
 millisecond timer.</short>
        <long>
 HilTimerMilliC provides a parameterized interface to a virtualized
 millisecond timer.  TimerMilliC in tos/system/ uses this component to
 allocate new timers.

 @author Cory Sharp &lt;cssharp@eecs.berkeley.edu&gt;
 @see  Please refer to TEP 102 for more information about this component and its
          intended use.
</long>
      </documentation>
      <configuration/>
      <wiring>
        <wire loc="58:/home/kasper/tinyos-main//tos/chips/msp430/timer/HilTimerMilliC.nc">
          <from><interface-ref name="TimerMilli" ref="0x2ac2c33f74a0" scoped=""/></from>
          <to><interface-ref name="Timer" ref="0x2ac2c3554020" scoped=""/></to>
        </wire>
        <wire loc="59:/home/kasper/tinyos-main//tos/chips/msp430/timer/HilTimerMilliC.nc">
          <from><interface-ref name="LocalTime" ref="0x2ac2c33ee980" scoped=""/></from>
          <to><interface-ref name="LocalTime" ref="0x2ac2c3581c38" scoped=""/></to>
        </wire>
        <wire loc="57:/home/kasper/tinyos-main//tos/chips/msp430/timer/HilTimerMilliC.nc">
          <from><interface-ref name="Init" ref="0x2ac2c33fa768" scoped=""/></from>
          <to><interface-ref name="Init" ref="0x2ac2c34ea418" scoped=""/></to>
        </wire>
        <wire loc="61:/home/kasper/tinyos-main//tos/chips/msp430/timer/HilTimerMilliC.nc">
          <from><interface-ref name="TimerFrom" ref="0x2ac2c3588208" scoped=""/></from>
          <to><interface-ref name="Timer" ref="0x2ac2c34e4d88" scoped=""/></to>
        </wire>
        <wire loc="62:/home/kasper/tinyos-main//tos/chips/msp430/timer/HilTimerMilliC.nc">
          <from><interface-ref name="Alarm" ref="0x2ac2c352a020" scoped=""/></from>
          <to><interface-ref name="Alarm" ref="0x2ac2c34eac00" scoped=""/></to>
        </wire>
        <wire loc="63:/home/kasper/tinyos-main//tos/chips/msp430/timer/HilTimerMilliC.nc">
          <from><interface-ref name="Counter" ref="0x2ac2c3580e48" scoped=""/></from>
          <to><interface-ref name="Counter" ref="0x2ac2c3485d70" scoped=""/></to>
        </wire>
      </wiring>
    </component><component loc="56:/home/kasper/tinyos-main//tos/system/MainC.nc" nicename="MainC" qname="MainC">
      <documentation loc="45:/home/kasper/tinyos-main//tos/system/MainC.nc">
        <short>
 MainC is the system interface the TinyOS boot sequence.</short>
        <long>
 MainC is the system interface the TinyOS boot sequence. It wires the
 boot sequence implementation to the scheduler and hardware resources.

 @author Philip Levis
 @date   August 6 2005
 @see    TEP 107: Boot Sequence
</long>
      </documentation>
      <configuration/>
      <wiring>
        <wire loc="72:/home/kasper/tinyos-main//tos/system/MainC.nc">
          <from><interface-ref name="Boot" ref="0x2ac2c2e659c0" scoped=""/></from>
          <to><interface-ref name="Boot" ref="0x2ac2c2e64c40" scoped=""/></to>
        </wire>
        <wire loc="67:/home/kasper/tinyos-main//tos/system/MainC.nc">
          <from><interface-ref name="Scheduler" ref="0x2ac2c3010308" scoped=""/></from>
          <to><interface-ref name="Scheduler" ref="0x2ac2c29e8390" scoped=""/></to>
        </wire>
        <wire loc="68:/home/kasper/tinyos-main//tos/system/MainC.nc">
          <from><interface-ref name="PlatformInit" ref="0x2ac2c3010ce0" scoped=""/></from>
          <to><interface-ref name="Init" ref="0x2ac2c2e66d70" scoped=""/></to>
        </wire>
        <wire loc="71:/home/kasper/tinyos-main//tos/system/MainC.nc">
          <from><interface-ref name="SoftwareInit" ref="0x2ac2c302a418" scoped=""/></from>
          <to><interface-ref name="SoftwareInit" ref="0x2ac2c2e67e48" scoped=""/></to>
        </wire>
      </wiring>
    </component></referenced></component>