<?xml version="1.0" ?><component abstract="" loc="44:/home/kasper/tinyos-main//tos/system/TimerMilliC.nc" nicename="TimerMilliC" qname="TimerMilliC">
      <parameters>
      </parameters>
      <configuration/>
      <wiring>
        <wire loc="52:/home/kasper/tinyos-main//tos/system/TimerMilliC.nc">
          <from><interface-ref name="Timer" ref="0x2ac2c3407d50" scoped=""/></from>
          <to><interface-ref name="TimerMilli" ref="0x2ac2c3403e30" scoped=""/>
          <arguments>
            <value cst="U:">
              <type-int alignment="I:2" cname="unsigned int" size="I:2" unsigned=""/>
            </value>
          </arguments>
          </to>
        </wire>
      </wiring>
    <specification><interface loc="45:/home/kasper/tinyos-main//tos/system/TimerMilliC.nc" name="Timer" provided="1" ref="0x2ac2c3407d50">
      <component-ref nicename="TimerMilliC" qname="TimerMilliC"/>
      <type-interface alignment="I:2" size="I:2"><interface-ref name="Timer" ref="0x2ac2c3407d50" scoped=""/></type-interface>
      <instance>
        <interfacedef-ref nicename="Timer" qname="Timer"/>
        <arguments>
          <type-tag alignment="I:2" size="I:2"><struct-ref ref="0x2ac2c33df020"/>
            <typename><typedef-ref name="TMilli" ref="0x2ac2c33df378"/></typename>
          </type-tag>
        </arguments>
      </instance>
      <interface-functions>
        <function-ref name="getNow" ref="0x2ac2c3404088" scoped=""/>
        <function-ref name="fired" ref="0x2ac2c34066c8" scoped=""/>
        <function-ref name="startPeriodicAt" ref="0x2ac2c3405470" scoped=""/>
        <function-ref name="isOneShot" ref="0x2ac2c3405020" scoped=""/>
        <function-ref name="getdt" ref="0x2ac2c3404928" scoped=""/>
        <function-ref name="gett0" ref="0x2ac2c34044d8" scoped=""/>
        <function-ref name="isRunning" ref="0x2ac2c3406b18" scoped=""/>
        <function-ref name="startPeriodic" ref="0x2ac2c33dc8f0" scoped=""/>
        <function-ref name="startOneShotAt" ref="0x2ac2c3405a40" scoped=""/>
        <function-ref name="startOneShot" ref="0x2ac2c33dcd90" scoped=""/>
        <function-ref name="stop" ref="0x2ac2c3406278" scoped=""/>
      </interface-functions>
    </interface></specification><referenced><interface loc="49:/home/kasper/tinyos-main//tos/system/TimerMilliP.nc" name="TimerMilli" provided="1" ref="0x2ac2c3403e30">
      <component-ref nicename="TimerMilliP" qname="TimerMilliP"/>
      <type-interface alignment="I:2" size="I:2"><interface-ref name="TimerMilli" ref="0x2ac2c3403e30" scoped=""/></type-interface>
      <instance>
        <interfacedef-ref nicename="Timer" qname="Timer"/>
        <arguments>
          <type-tag alignment="I:2" size="I:2"><struct-ref ref="0x2ac2c33df020"/>
            <typename><typedef-ref name="TMilli" ref="0x2ac2c33df378"/></typename>
          </type-tag>
        </arguments>
      </instance>
      <interface-parameters>
        <type-int alignment="I:1" cname="unsigned char" size="I:1" unsigned="">
          <typename><typedef-ref name="uint8_t" ref="0x2ac2c209a790"/></typename>
        </type-int>
      </interface-parameters>
      <interface-functions>
        <function-ref name="getNow" ref="0x2ac2c33fc0c0" scoped=""/>
        <function-ref name="fired" ref="0x2ac2c33fe798" scoped=""/>
        <function-ref name="startPeriodicAt" ref="0x2ac2c33fd4d8" scoped=""/>
        <function-ref name="isOneShot" ref="0x2ac2c33fd088" scoped=""/>
        <function-ref name="getdt" ref="0x2ac2c33fc960" scoped=""/>
        <function-ref name="gett0" ref="0x2ac2c33fc510" scoped=""/>
        <function-ref name="isRunning" ref="0x2ac2c33febe8" scoped=""/>
        <function-ref name="startPeriodic" ref="0x2ac2c34009e0" scoped=""/>
        <function-ref name="startOneShotAt" ref="0x2ac2c33fdaa8" scoped=""/>
        <function-ref name="startOneShot" ref="0x2ac2c3400e80" scoped=""/>
        <function-ref name="stop" ref="0x2ac2c33fe348" scoped=""/>
      </interface-functions>
    </interface><component loc="48:/home/kasper/tinyos-main//tos/system/TimerMilliP.nc" nicename="TimerMilliP" qname="TimerMilliP">
      <documentation loc="34:/home/kasper/tinyos-main//tos/system/TimerMilliP.nc">
        <short>
 Components should never wire to this component.</short>
        <long>
 Components should never wire to this component. This is the
 underlying configuration of virtualized millisecond timers. 
 It auto-wires wires the timer
 implementation (TimerC) to the boot sequence and exports the
 various Timer interfaces.

 @author Philip Levis
 @author Cory Sharp
 @date   May 16 2005
</long>
      </documentation>
      <configuration/>
      <wiring>
        <wire loc="54:/home/kasper/tinyos-main//tos/system/TimerMilliP.nc">
          <from><interface-ref name="TimerMilli" ref="0x2ac2c3403e30" scoped=""/></from>
          <to><interface-ref name="TimerMilli" ref="0x2ac2c33f74a0" scoped=""/></to>
        </wire>
        <wire loc="53:/home/kasper/tinyos-main//tos/system/TimerMilliP.nc">
          <from><interface-ref name="SoftwareInit" ref="0x2ac2c2e67e48" scoped=""/></from>
          <to><interface-ref name="Init" ref="0x2ac2c33fa768" scoped=""/></to>
        </wire>
      </wiring>
    </component></referenced></component>