<?xml version="1.0" ?><component abstract="" loc="54:/home/kasper/tinyos-main//tos/lib/timer/TransformCounterC.nc" nicename="TransformCounterC" qname="TransformCounterC" safe="">
      <documentation loc="34:/home/kasper/tinyos-main//tos/lib/timer/TransformCounterC.nc">
        <short>
 TransformCounterC decreases precision and/or widens an Counter.</short>
        <long>
 TransformCounterC decreases precision and/or widens an Counter.

 &lt;p&gt;See TEP102 for more details.

 @param to_precision_tag A type indicating the precision of the transformed
   Counter.
 @param to_size_type The type for the width of the transformed Counter.
 @param from_precision_tag A type indicating the precision of the original
   Counter.
 @param from_size_type The type for the width of the original Counter.
 @param bit_shift_right Original time units will be 2 to the power 
   &lt;code&gt;bit_shift_right&lt;/code&gt; larger than transformed time units.
 @param upper_count_type A type large enough to store the upper bits --
   those needed above from_size_type after its shift right to fill
   to_size_type.

 @author Cory Sharp &lt;cssharp@eecs.berkeley.edu&gt;
</long>
      </documentation>
      <parameters>
        <typedef loc="55:/home/kasper/tinyos-main//tos/lib/timer/TransformCounterC.nc" name="to_precision_tag" ref="0x2ac2c349e550">
          <component-ref nicename="TransformCounterC" qname="TransformCounterC"/>
          <type-var alignment="U:" size="U:"><typedef-ref name="to_precision_tag" ref="0x2ac2c349e550" scoped=""/></type-var>
        </typedef>
        <typedef loc="56:/home/kasper/tinyos-main//tos/lib/timer/TransformCounterC.nc" name="to_size_type" ref="0x2ac2c349ecb8">
          <component-ref nicename="TransformCounterC" qname="TransformCounterC"/>
          <type-var alignment="U:" size="U:"><typedef-ref name="to_size_type" ref="0x2ac2c349ecb8" scoped=""/></type-var>
        </typedef>
        <typedef loc="57:/home/kasper/tinyos-main//tos/lib/timer/TransformCounterC.nc" name="from_precision_tag" ref="0x2ac2c349d0a8">
          <component-ref nicename="TransformCounterC" qname="TransformCounterC"/>
          <type-var alignment="U:" size="U:"><typedef-ref name="from_precision_tag" ref="0x2ac2c349d0a8" scoped=""/></type-var>
        </typedef>
        <typedef loc="58:/home/kasper/tinyos-main//tos/lib/timer/TransformCounterC.nc" name="from_size_type" ref="0x2ac2c349d820">
          <component-ref nicename="TransformCounterC" qname="TransformCounterC"/>
          <type-var alignment="U:" size="U:"><typedef-ref name="from_size_type" ref="0x2ac2c349d820" scoped=""/></type-var>
        </typedef>
        <constant loc="59:/home/kasper/tinyos-main//tos/lib/timer/TransformCounterC.nc" name="bit_shift_right" ref="0x2ac2c349dbc8">
          <component-ref nicename="TransformCounterC" qname="TransformCounterC"/>
          <type-int alignment="I:1" cname="unsigned char" size="I:1" unsigned="">
            <typename><typedef-ref name="uint8_t" ref="0x2ac2c209a790"/></typename>
          </type-int>
        </constant>
        <typedef loc="60:/home/kasper/tinyos-main//tos/lib/timer/TransformCounterC.nc" name="upper_count_type" ref="0x2ac2c349c380">
          <component-ref nicename="TransformCounterC" qname="TransformCounterC"/>
          <type-var alignment="U:" size="U:"><typedef-ref name="upper_count_type" ref="0x2ac2c349c380" scoped=""/></type-var>
        </typedef>
      </parameters>
      <module/>
    <specification><interface loc="63:/home/kasper/tinyos-main//tos/lib/timer/TransformCounterC.nc" name="CounterFrom" provided="0" ref="0x2ac2c34983d0">
      <component-ref nicename="TransformCounterC" qname="TransformCounterC"/>
      <type-interface alignment="I:2" size="I:2"><interface-ref name="CounterFrom" ref="0x2ac2c34983d0" scoped=""/></type-interface>
      <instance>
        <interfacedef-ref nicename="Counter" qname="Counter"/>
        <arguments>
          <type-var alignment="U:" size="U:"><typedef-ref name="from_precision_tag" ref="0x2ac2c349d0a8" scoped=""/></type-var>
          <type-var alignment="U:" size="U:"><typedef-ref name="from_size_type" ref="0x2ac2c349d820" scoped=""/></type-var>
        </arguments>
      </instance>
      <interface-functions>
        <function-ref name="get" ref="0x2ac2c3497150" scoped=""/>
        <function-ref name="clearOverflow" ref="0x2ac2c3497a60" scoped=""/>
        <function-ref name="isOverflowPending" ref="0x2ac2c34975d8" scoped=""/>
        <function-ref name="overflow" ref="0x2ac2c3496020" scoped=""/>
      </interface-functions>
    </interface><interface loc="62:/home/kasper/tinyos-main//tos/lib/timer/TransformCounterC.nc" name="Counter" provided="1" ref="0x2ac2c349b020">
      <component-ref nicename="TransformCounterC" qname="TransformCounterC"/>
      <type-interface alignment="I:2" size="I:2"><interface-ref name="Counter" ref="0x2ac2c349b020" scoped=""/></type-interface>
      <instance>
        <interfacedef-ref nicename="Counter" qname="Counter"/>
        <arguments>
          <type-var alignment="U:" size="U:"><typedef-ref name="to_precision_tag" ref="0x2ac2c349e550" scoped=""/></type-var>
          <type-var alignment="U:" size="U:"><typedef-ref name="to_size_type" ref="0x2ac2c349ecb8" scoped=""/></type-var>
        </arguments>
      </instance>
      <interface-functions>
        <function-ref name="get" ref="0x2ac2c349bd70" scoped=""/>
        <function-ref name="clearOverflow" ref="0x2ac2c34996b8" scoped=""/>
        <function-ref name="isOverflowPending" ref="0x2ac2c3499230" scoped=""/>
        <function-ref name="overflow" ref="0x2ac2c3499b40" scoped=""/>
      </interface-functions>
    </interface></specification><referenced/></component>