<?xml version="1.0" ?><component loc="41:/home/kasper/tinyos-main//tos/chips/cc2420/unique/UniqueReceiveP.nc" nicename="UniqueReceiveP" qname="UniqueReceiveP" safe="">
      <documentation loc="32:/home/kasper/tinyos-main//tos/chips/cc2420/unique/UniqueReceiveP.nc">
        <short> 
 This layer keeps a history of the past RECEIVE_HISTORY_SIZE received messages
 If the source address and dsn number of a newly received message matches
 our recent history, we drop the message because we've already seen it.</short>
        <long> 
 This layer keeps a history of the past RECEIVE_HISTORY_SIZE received messages
 If the source address and dsn number of a newly received message matches
 our recent history, we drop the message because we've already seen it.
 @author David Moss
</long>
      </documentation>
      <module/>
    <specification><interface loc="49:/home/kasper/tinyos-main//tos/chips/cc2420/unique/UniqueReceiveP.nc" name="SubReceive" provided="0" ref="0x2ac2c40a8d30">
      <component-ref nicename="UniqueReceiveP" qname="UniqueReceiveP"/>
      <type-interface alignment="I:2" size="I:2"><interface-ref name="SubReceive" ref="0x2ac2c40a8d30" scoped=""/></type-interface>
      <instance>
        <interfacedef-ref nicename="Receive" qname="Receive"/>
      </instance>
      <interface-functions>
        <function-ref name="receive" ref="0x2ac2c40a60d8" scoped=""/>
      </interface-functions>
    </interface><interface loc="45:/home/kasper/tinyos-main//tos/chips/cc2420/unique/UniqueReceiveP.nc" name="Init" provided="1" ref="0x2ac2c40a8628">
      <component-ref nicename="UniqueReceiveP" qname="UniqueReceiveP"/>
      <type-interface alignment="I:2" size="I:2"><interface-ref name="Init" ref="0x2ac2c40a8628" scoped=""/></type-interface>
      <instance>
        <interfacedef-ref nicename="Init" qname="Init"/>
      </instance>
      <interface-functions>
        <function-ref name="init" ref="0x2ac2c40a8978" scoped=""/>
      </interface-functions>
    </interface><interface loc="43:/home/kasper/tinyos-main//tos/chips/cc2420/unique/UniqueReceiveP.nc" name="Receive" provided="1" ref="0x2ac2c40ab960">
      <component-ref nicename="UniqueReceiveP" qname="UniqueReceiveP"/>
      <type-interface alignment="I:2" size="I:2"><interface-ref name="Receive" ref="0x2ac2c40ab960" scoped=""/></type-interface>
      <instance>
        <interfacedef-ref nicename="Receive" qname="Receive"/>
      </instance>
      <interface-functions>
        <function-ref name="receive" ref="0x2ac2c40abcb0" scoped=""/>
      </interface-functions>
    </interface><interface loc="50:/home/kasper/tinyos-main//tos/chips/cc2420/unique/UniqueReceiveP.nc" name="CC2420PacketBody" provided="0" ref="0x2ac2c40a63c8">
      <component-ref nicename="UniqueReceiveP" qname="UniqueReceiveP"/>
      <type-interface alignment="I:2" size="I:2"><interface-ref name="CC2420PacketBody" ref="0x2ac2c40a63c8" scoped=""/></type-interface>
      <instance>
        <interfacedef-ref nicename="CC2420PacketBody" qname="CC2420PacketBody"/>
      </instance>
      <interface-functions>
        <function-ref name="getPayload" ref="0x2ac2c40a6718" scoped=""/>
        <function-ref name="getHeader" ref="0x2ac2c40a68a0" scoped=""/>
        <function-ref name="getMetadata" ref="0x2ac2c40a6a28" scoped=""/>
      </interface-functions>
    </interface><interface loc="44:/home/kasper/tinyos-main//tos/chips/cc2420/unique/UniqueReceiveP.nc" name="DuplicateReceive" provided="1" ref="0x2ac2c40a8060">
      <component-ref nicename="UniqueReceiveP" qname="UniqueReceiveP"/>
      <type-interface alignment="I:2" size="I:2"><interface-ref name="DuplicateReceive" ref="0x2ac2c40a8060" scoped=""/></type-interface>
      <instance>
        <interfacedef-ref nicename="Receive" qname="Receive"/>
      </instance>
      <interface-functions>
        <function-ref name="receive" ref="0x2ac2c40a83b0" scoped=""/>
      </interface-functions>
    </interface></specification><referenced/></component>