<?xml version="1.0" ?><component loc="40:/home/kasper/tinyos-main//tos/chips/cc2420/unique/UniqueReceiveC.nc" nicename="UniqueReceiveC" qname="UniqueReceiveC">
      <documentation loc="32:/home/kasper/tinyos-main//tos/chips/cc2420/unique/UniqueReceiveC.nc">
        <short>
 This layer keeps a history of the past RECEIVE_HISTORY_SIZE received messages
 If the source address and dsn number of a newly received message matches
 our recent history, we drop the message because we've already seen it.</short>
        <long>
 This layer keeps a history of the past RECEIVE_HISTORY_SIZE received messages
 If the source address and dsn number of a newly received message matches
 our recent history, we drop the message because we've already seen it.
 This should sit at the bottom of the stack
 @author David Moss
</long>
      </documentation>
      <configuration/>
      <wiring>
        <wire loc="56:/home/kasper/tinyos-main//tos/chips/cc2420/unique/UniqueReceiveC.nc">
          <from><interface-ref name="Receive" ref="0x2ac2c40af758" scoped=""/></from>
          <to><interface-ref name="Receive" ref="0x2ac2c40ab960" scoped=""/></to>
        </wire>
        <wire loc="57:/home/kasper/tinyos-main//tos/chips/cc2420/unique/UniqueReceiveC.nc">
          <from><interface-ref name="DuplicateReceive" ref="0x2ac2c40afe20" scoped=""/></from>
          <to><interface-ref name="DuplicateReceive" ref="0x2ac2c40a8060" scoped=""/></to>
        </wire>
        <wire loc="58:/home/kasper/tinyos-main//tos/chips/cc2420/unique/UniqueReceiveC.nc">
          <from><interface-ref name="SubReceive" ref="0x2ac2c40a8d30" scoped=""/></from>
          <to><interface-ref name="SubReceive" ref="0x2ac2c40ac560" scoped=""/></to>
        </wire>
        <wire loc="60:/home/kasper/tinyos-main//tos/chips/cc2420/unique/UniqueReceiveC.nc">
          <from><interface-ref name="SoftwareInit" ref="0x2ac2c2e67e48" scoped=""/></from>
          <to><interface-ref name="Init" ref="0x2ac2c40a8628" scoped=""/></to>
        </wire>
        <wire loc="62:/home/kasper/tinyos-main//tos/chips/cc2420/unique/UniqueReceiveC.nc">
          <from><interface-ref name="CC2420PacketBody" ref="0x2ac2c40a63c8" scoped=""/></from>
          <to><interface-ref name="CC2420PacketBody" ref="0x2ac2c3fa5d08" scoped=""/></to>
        </wire>
      </wiring>
    <specification><interface loc="47:/home/kasper/tinyos-main//tos/chips/cc2420/unique/UniqueReceiveC.nc" name="SubReceive" provided="0" ref="0x2ac2c40ac560">
      <component-ref nicename="UniqueReceiveC" qname="UniqueReceiveC"/>
      <type-interface alignment="I:2" size="I:2"><interface-ref name="SubReceive" ref="0x2ac2c40ac560" scoped=""/></type-interface>
      <instance>
        <interfacedef-ref nicename="Receive" qname="Receive"/>
      </instance>
      <interface-functions>
        <function-ref name="receive" ref="0x2ac2c40ac8b0" scoped=""/>
      </interface-functions>
    </interface><interface loc="42:/home/kasper/tinyos-main//tos/chips/cc2420/unique/UniqueReceiveC.nc" name="Receive" provided="1" ref="0x2ac2c40af758">
      <component-ref nicename="UniqueReceiveC" qname="UniqueReceiveC"/>
      <type-interface alignment="I:2" size="I:2"><interface-ref name="Receive" ref="0x2ac2c40af758" scoped=""/></type-interface>
      <instance>
        <interfacedef-ref nicename="Receive" qname="Receive"/>
      </instance>
      <interface-functions>
        <function-ref name="receive" ref="0x2ac2c40afaa8" scoped=""/>
      </interface-functions>
    </interface><interface loc="43:/home/kasper/tinyos-main//tos/chips/cc2420/unique/UniqueReceiveC.nc" name="DuplicateReceive" provided="1" ref="0x2ac2c40afe20">
      <component-ref nicename="UniqueReceiveC" qname="UniqueReceiveC"/>
      <type-interface alignment="I:2" size="I:2"><interface-ref name="DuplicateReceive" ref="0x2ac2c40afe20" scoped=""/></type-interface>
      <instance>
        <interfacedef-ref nicename="Receive" qname="Receive"/>
      </instance>
      <interface-functions>
        <function-ref name="receive" ref="0x2ac2c40ac1a8" scoped=""/>
      </interface-functions>
    </interface></specification><referenced><interface loc="44:/home/kasper/tinyos-main//tos/chips/cc2420/unique/UniqueReceiveP.nc" name="DuplicateReceive" provided="1" ref="0x2ac2c40a8060">
      <component-ref nicename="UniqueReceiveP" qname="UniqueReceiveP"/>
      <type-interface alignment="I:2" size="I:2"><interface-ref name="DuplicateReceive" ref="0x2ac2c40a8060" scoped=""/></type-interface>
      <instance>
        <interfacedef-ref nicename="Receive" qname="Receive"/>
      </instance>
      <interface-functions>
        <function-ref name="receive" ref="0x2ac2c40a83b0" scoped=""/>
      </interface-functions>
    </interface><interface loc="50:/home/kasper/tinyos-main//tos/chips/cc2420/unique/UniqueReceiveP.nc" name="CC2420PacketBody" provided="0" ref="0x2ac2c40a63c8">
      <component-ref nicename="UniqueReceiveP" qname="UniqueReceiveP"/>
      <type-interface alignment="I:2" size="I:2"><interface-ref name="CC2420PacketBody" ref="0x2ac2c40a63c8" scoped=""/></type-interface>
      <instance>
        <interfacedef-ref nicename="CC2420PacketBody" qname="CC2420PacketBody"/>
      </instance>
      <interface-functions>
        <function-ref name="getPayload" ref="0x2ac2c40a6718" scoped=""/>
        <function-ref name="getHeader" ref="0x2ac2c40a68a0" scoped=""/>
        <function-ref name="getMetadata" ref="0x2ac2c40a6a28" scoped=""/>
      </interface-functions>
    </interface><interface loc="58:/home/kasper/tinyos-main//tos/system/MainC.nc" name="SoftwareInit" provided="0" ref="0x2ac2c2e67e48">
      <component-ref nicename="MainC" qname="MainC"/>
      <type-interface alignment="I:2" size="I:2"><interface-ref name="SoftwareInit" ref="0x2ac2c2e67e48" scoped=""/></type-interface>
      <instance>
        <interfacedef-ref nicename="Init" qname="Init"/>
      </instance>
      <interface-functions>
        <function-ref name="init" ref="0x2ac2c2e661c0" scoped=""/>
      </interface-functions>
    </interface><interface loc="49:/home/kasper/tinyos-main//tos/chips/cc2420/unique/UniqueReceiveP.nc" name="SubReceive" provided="0" ref="0x2ac2c40a8d30">
      <component-ref nicename="UniqueReceiveP" qname="UniqueReceiveP"/>
      <type-interface alignment="I:2" size="I:2"><interface-ref name="SubReceive" ref="0x2ac2c40a8d30" scoped=""/></type-interface>
      <instance>
        <interfacedef-ref nicename="Receive" qname="Receive"/>
      </instance>
      <interface-functions>
        <function-ref name="receive" ref="0x2ac2c40a60d8" scoped=""/>
      </interface-functions>
    </interface><interface loc="43:/home/kasper/tinyos-main//tos/chips/cc2420/unique/UniqueReceiveP.nc" name="Receive" provided="1" ref="0x2ac2c40ab960">
      <component-ref nicename="UniqueReceiveP" qname="UniqueReceiveP"/>
      <type-interface alignment="I:2" size="I:2"><interface-ref name="Receive" ref="0x2ac2c40ab960" scoped=""/></type-interface>
      <instance>
        <interfacedef-ref nicename="Receive" qname="Receive"/>
      </instance>
      <interface-functions>
        <function-ref name="receive" ref="0x2ac2c40abcb0" scoped=""/>
      </interface-functions>
    </interface><interface loc="43:/home/kasper/tinyos-main//tos/chips/cc2420/packet/CC2420PacketC.nc" name="CC2420PacketBody" provided="1" ref="0x2ac2c3fa5d08">
      <component-ref nicename="CC2420PacketC" qname="CC2420PacketC"/>
      <type-interface alignment="I:2" size="I:2"><interface-ref name="CC2420PacketBody" ref="0x2ac2c3fa5d08" scoped=""/></type-interface>
      <instance>
        <interfacedef-ref nicename="CC2420PacketBody" qname="CC2420PacketBody"/>
      </instance>
      <interface-functions>
        <function-ref name="getPayload" ref="0x2ac2c3fa40a0" scoped=""/>
        <function-ref name="getHeader" ref="0x2ac2c3fa4228" scoped=""/>
        <function-ref name="getMetadata" ref="0x2ac2c3fa43b0" scoped=""/>
      </interface-functions>
    </interface><interface loc="45:/home/kasper/tinyos-main//tos/chips/cc2420/unique/UniqueReceiveP.nc" name="Init" provided="1" ref="0x2ac2c40a8628">
      <component-ref nicename="UniqueReceiveP" qname="UniqueReceiveP"/>
      <type-interface alignment="I:2" size="I:2"><interface-ref name="Init" ref="0x2ac2c40a8628" scoped=""/></type-interface>
      <instance>
        <interfacedef-ref nicename="Init" qname="Init"/>
      </instance>
      <interface-functions>
        <function-ref name="init" ref="0x2ac2c40a8978" scoped=""/>
      </interface-functions>
    </interface><component loc="41:/home/kasper/tinyos-main//tos/chips/cc2420/unique/UniqueReceiveP.nc" nicename="UniqueReceiveP" qname="UniqueReceiveP" safe="">
      <documentation loc="32:/home/kasper/tinyos-main//tos/chips/cc2420/unique/UniqueReceiveP.nc">
        <short> 
 This layer keeps a history of the past RECEIVE_HISTORY_SIZE received messages
 If the source address and dsn number of a newly received message matches
 our recent history, we drop the message because we've already seen it.</short>
        <long> 
 This layer keeps a history of the past RECEIVE_HISTORY_SIZE received messages
 If the source address and dsn number of a newly received message matches
 our recent history, we drop the message because we've already seen it.
 @author David Moss
</long>
      </documentation>
      <module/>
    </component><component loc="56:/home/kasper/tinyos-main//tos/system/MainC.nc" nicename="MainC" qname="MainC">
      <documentation loc="45:/home/kasper/tinyos-main//tos/system/MainC.nc">
        <short>
 MainC is the system interface the TinyOS boot sequence.</short>
        <long>
 MainC is the system interface the TinyOS boot sequence. It wires the
 boot sequence implementation to the scheduler and hardware resources.

 @author Philip Levis
 @date   August 6 2005
 @see    TEP 107: Boot Sequence
</long>
      </documentation>
      <configuration/>
      <wiring>
        <wire loc="72:/home/kasper/tinyos-main//tos/system/MainC.nc">
          <from><interface-ref name="Boot" ref="0x2ac2c2e659c0" scoped=""/></from>
          <to><interface-ref name="Boot" ref="0x2ac2c2e64c40" scoped=""/></to>
        </wire>
        <wire loc="67:/home/kasper/tinyos-main//tos/system/MainC.nc">
          <from><interface-ref name="Scheduler" ref="0x2ac2c3010308" scoped=""/></from>
          <to><interface-ref name="Scheduler" ref="0x2ac2c29e8390" scoped=""/></to>
        </wire>
        <wire loc="68:/home/kasper/tinyos-main//tos/system/MainC.nc">
          <from><interface-ref name="PlatformInit" ref="0x2ac2c3010ce0" scoped=""/></from>
          <to><interface-ref name="Init" ref="0x2ac2c2e66d70" scoped=""/></to>
        </wire>
        <wire loc="71:/home/kasper/tinyos-main//tos/system/MainC.nc">
          <from><interface-ref name="SoftwareInit" ref="0x2ac2c302a418" scoped=""/></from>
          <to><interface-ref name="SoftwareInit" ref="0x2ac2c2e67e48" scoped=""/></to>
        </wire>
      </wiring>
    </component><component loc="38:/home/kasper/tinyos-main//tos/chips/cc2420/packet/CC2420PacketC.nc" nicename="CC2420PacketC" qname="CC2420PacketC">
      <documentation loc="32:/home/kasper/tinyos-main//tos/chips/cc2420/packet/CC2420PacketC.nc">
        <short>
 </short>
        <long>
 @author Jonathan Hui &lt;jhui@archrock.com&gt;
 @author David Moss
 @author Chad Metcalf
</long>
      </documentation>
      <configuration/>
      <wiring>
        <wire loc="58:/home/kasper/tinyos-main//tos/chips/cc2420/packet/CC2420PacketC.nc">
          <from><interface-ref name="LinkPacketMetadata" ref="0x2ac2c3fa46b0" scoped=""/></from>
          <to><interface-ref name="LinkPacketMetadata" ref="0x2ac2c3f96630" scoped=""/></to>
        </wire>
        <wire loc="55:/home/kasper/tinyos-main//tos/chips/cc2420/packet/CC2420PacketC.nc">
          <from><interface-ref name="CC2420Packet" ref="0x2ac2c3fa84b0" scoped=""/></from>
          <to><interface-ref name="CC2420Packet" ref="0x2ac2c3f982e8" scoped=""/></to>
        </wire>
        <wire loc="59:/home/kasper/tinyos-main//tos/chips/cc2420/packet/CC2420PacketC.nc">
          <from><interface-ref name="PacketTimeStamp32khz" ref="0x2ac2c3fa3130" scoped=""/></from>
          <to><interface-ref name="PacketTimeStamp32khz" ref="0x2ac2c3f94060" scoped=""/></to>
        </wire>
        <wire loc="57:/home/kasper/tinyos-main//tos/chips/cc2420/packet/CC2420PacketC.nc">
          <from><interface-ref name="CC2420PacketBody" ref="0x2ac2c3fa5d08" scoped=""/></from>
          <to><interface-ref name="CC2420PacketBody" ref="0x2ac2c3f97b60" scoped=""/></to>
        </wire>
        <wire loc="61:/home/kasper/tinyos-main//tos/chips/cc2420/packet/CC2420PacketC.nc">
          <from><interface-ref name="PacketTimeSyncOffset" ref="0x2ac2c3f9cac8" scoped=""/></from>
          <to><interface-ref name="PacketTimeSyncOffset" ref="0x2ac2c3ff0ac8" scoped=""/></to>
        </wire>
        <wire loc="60:/home/kasper/tinyos-main//tos/chips/cc2420/packet/CC2420PacketC.nc">
          <from><interface-ref name="PacketTimeStampMilli" ref="0x2ac2c3f9f020" scoped=""/></from>
          <to><interface-ref name="PacketTimeStampMilli" ref="0x2ac2c3f90020" scoped=""/></to>
        </wire>
        <wire loc="56:/home/kasper/tinyos-main//tos/chips/cc2420/packet/CC2420PacketC.nc">
          <from><interface-ref name="Acks" ref="0x2ac2c3fa53b8" scoped=""/></from>
          <to><interface-ref name="Acks" ref="0x2ac2c3f97210" scoped=""/></to>
        </wire>
        <wire loc="64:/home/kasper/tinyos-main//tos/chips/cc2420/packet/CC2420PacketC.nc">
          <from><interface-ref name="Counter" ref="0x2ac2c4000720" scoped=""/></from>
          <to><interface-ref name="Counter" ref="0x2ac2c3888730" scoped=""/></to>
        </wire>
        <wire loc="65:/home/kasper/tinyos-main//tos/chips/cc2420/packet/CC2420PacketC.nc">
          <from><interface-ref name="LocalTime32khz" ref="0x2ac2c3fed520" scoped=""/></from>
          <to><interface-ref name="LocalTime" ref="0x2ac2c4002528" scoped=""/></to>
        </wire>
        <wire loc="69:/home/kasper/tinyos-main//tos/chips/cc2420/packet/CC2420PacketC.nc">
          <from><interface-ref name="LocalTimeMilli" ref="0x2ac2c3fec788" scoped=""/></from>
          <to><interface-ref name="LocalTime" ref="0x2ac2c33ee980" scoped=""/></to>
        </wire>
      </wiring>
    </component></referenced></component>