<?xml version="1.0" ?><component loc="47:/home/kasper/tinyos-main//tos/platforms/telosb/UserButtonC.nc" nicename="UserButtonC" qname="UserButtonC">
      <configuration/>
      <wiring>
        <wire loc="59:/home/kasper/tinyos-main//tos/platforms/telosb/UserButtonC.nc">
          <from><interface-ref name="Notify" ref="0x2ac2c32ab388" scoped=""/></from>
          <to><interface-ref name="Notify" ref="0x2ac2c33bd188" scoped=""/></to>
        </wire>
        <wire loc="58:/home/kasper/tinyos-main//tos/platforms/telosb/UserButtonC.nc">
          <from><interface-ref name="Get" ref="0x2ac2c32b0cf0" scoped=""/></from>
          <to><interface-ref name="Get" ref="0x2ac2c33bf020" scoped=""/></to>
        </wire>
        <wire loc="54:/home/kasper/tinyos-main//tos/platforms/telosb/UserButtonC.nc">
          <from><interface-ref name="GpioInterrupt" ref="0x2ac2c33c5bd8" scoped=""/></from>
          <to><interface-ref name="GpioInterrupt" ref="0x2ac2c32a4bf0" scoped=""/></to>
        </wire>
        <wire loc="55:/home/kasper/tinyos-main//tos/platforms/telosb/UserButtonC.nc">
          <from><interface-ref name="GeneralIO" ref="0x2ac2c33c69b0" scoped=""/></from>
          <to><interface-ref name="GeneralIO" ref="0x2ac2c32af660" scoped=""/></to>
        </wire>
        <wire loc="61:/home/kasper/tinyos-main//tos/platforms/telosb/UserButtonC.nc">
          <from><interface-ref name="GetLower" ref="0x2ac2c33bcc00" scoped=""/></from>
          <to><interface-ref name="Get" ref="0x2ac2c33c8020" scoped=""/></to>
        </wire>
        <wire loc="62:/home/kasper/tinyos-main//tos/platforms/telosb/UserButtonC.nc">
          <from><interface-ref name="NotifyLower" ref="0x2ac2c33bbe28" scoped=""/></from>
          <to><interface-ref name="Notify" ref="0x2ac2c33c7128" scoped=""/></to>
        </wire>
      </wiring>
    <specification><interface loc="49:/home/kasper/tinyos-main//tos/platforms/telosb/UserButtonC.nc" name="Notify" provided="1" ref="0x2ac2c32ab388">
      <component-ref nicename="UserButtonC" qname="UserButtonC"/>
      <type-interface alignment="I:2" size="I:2"><interface-ref name="Notify" ref="0x2ac2c32ab388" scoped=""/></type-interface>
      <instance>
        <interfacedef-ref nicename="Notify" qname="Notify"/>
        <arguments>
          <type-tag alignment="I:2" size="I:2"><enum-ref ref="0x2ac2c3288b18"/>
            <typename><typedef-ref name="button_state_t" ref="0x2ac2c3285498"/></typename>
          </type-tag>
        </arguments>
      </instance>
      <interface-functions>
        <function-ref name="disable" ref="0x2ac2c3283470" scoped=""/>
        <function-ref name="enable" ref="0x2ac2c3283020" scoped=""/>
        <function-ref name="notify" ref="0x2ac2c32838c0" scoped=""/>
      </interface-functions>
    </interface><interface loc="48:/home/kasper/tinyos-main//tos/platforms/telosb/UserButtonC.nc" name="Get" provided="1" ref="0x2ac2c32b0cf0">
      <component-ref nicename="UserButtonC" qname="UserButtonC"/>
      <type-interface alignment="I:2" size="I:2"><interface-ref name="Get" ref="0x2ac2c32b0cf0" scoped=""/></type-interface>
      <instance>
        <interfacedef-ref nicename="Get" qname="Get"/>
        <arguments>
          <type-tag alignment="I:2" size="I:2"><enum-ref ref="0x2ac2c3288b18"/>
            <typename><typedef-ref name="button_state_t" ref="0x2ac2c3285498"/></typename>
          </type-tag>
        </arguments>
      </instance>
      <interface-functions>
        <function-ref name="get" ref="0x2ac2c32848b8" scoped=""/>
      </interface-functions>
    </interface></specification><referenced><interface loc="46:/home/kasper/tinyos-main//tos/platforms/telosb/UserButtonP.nc" name="NotifyLower" provided="0" ref="0x2ac2c33bbe28">
      <component-ref nicename="UserButtonP" qname="UserButtonP"/>
      <type-interface alignment="I:2" size="I:2"><interface-ref name="NotifyLower" ref="0x2ac2c33bbe28" scoped=""/></type-interface>
      <instance>
        <interfacedef-ref nicename="Notify" qname="Notify"/>
        <arguments>
          <type-int alignment="I:1" cname="unsigned char" size="I:1" unsigned="">
            <typename><typedef-ref name="bool" ref="0x2ac2c29e01d0"/></typename>
          </type-int>
        </arguments>
      </instance>
      <interface-functions>
        <function-ref name="disable" ref="0x2ac2c33ede30" scoped=""/>
        <function-ref name="enable" ref="0x2ac2c33ed9e0" scoped=""/>
        <function-ref name="notify" ref="0x2ac2c33eb2d8" scoped=""/>
      </interface-functions>
    </interface><interface loc="45:/home/kasper/tinyos-main//tos/platforms/telosb/SwitchToggleC.nc" name="GeneralIO" provided="0" ref="0x2ac2c33c69b0">
      <component-ref nicename="UserButtonC.SwitchToggleC" qname="UserButtonC.SwitchToggleC"/>
      <type-interface alignment="I:2" size="I:2"><interface-ref name="GeneralIO" ref="0x2ac2c33c69b0" scoped=""/></type-interface>
      <instance>
        <interfacedef-ref nicename="GeneralIO" qname="GeneralIO"/>
      </instance>
      <interface-functions>
        <function-ref name="makeInput" ref="0x2ac2c33c6d00" scoped=""/>
        <function-ref name="isInput" ref="0x2ac2c33c5020" scoped=""/>
        <function-ref name="toggle" ref="0x2ac2c33c51a8" scoped=""/>
        <function-ref name="isOutput" ref="0x2ac2c33c5330" scoped=""/>
        <function-ref name="get" ref="0x2ac2c33c54b8" scoped=""/>
        <function-ref name="makeOutput" ref="0x2ac2c33c5640" scoped=""/>
        <function-ref name="set" ref="0x2ac2c33c57c8" scoped=""/>
        <function-ref name="clr" ref="0x2ac2c33c5950" scoped=""/>
      </interface-functions>
    </interface><interface loc="41:/home/kasper/tinyos-main//tos/platforms/telosb/HplUserButtonC.nc" name="GpioInterrupt" provided="1" ref="0x2ac2c32a4bf0">
      <component-ref nicename="HplUserButtonC" qname="HplUserButtonC"/>
      <type-interface alignment="I:2" size="I:2"><interface-ref name="GpioInterrupt" ref="0x2ac2c32a4bf0" scoped=""/></type-interface>
      <instance>
        <interfacedef-ref nicename="GpioInterrupt" qname="GpioInterrupt"/>
      </instance>
      <interface-functions>
        <function-ref name="fired" ref="0x2ac2c32a7020" scoped=""/>
        <function-ref name="disable" ref="0x2ac2c32a71a8" scoped=""/>
        <function-ref name="enableFallingEdge" ref="0x2ac2c32a7330" scoped=""/>
        <function-ref name="enableRisingEdge" ref="0x2ac2c32a74b8" scoped=""/>
      </interface-functions>
    </interface><interface loc="42:/home/kasper/tinyos-main//tos/platforms/telosb/UserButtonP.nc" name="Get" provided="1" ref="0x2ac2c33bf020">
      <component-ref nicename="UserButtonP" qname="UserButtonP"/>
      <type-interface alignment="I:2" size="I:2"><interface-ref name="Get" ref="0x2ac2c33bf020" scoped=""/></type-interface>
      <instance>
        <interfacedef-ref nicename="Get" qname="Get"/>
        <arguments>
          <type-tag alignment="I:2" size="I:2"><enum-ref ref="0x2ac2c3288b18"/>
            <typename><typedef-ref name="button_state_t" ref="0x2ac2c3285498"/></typename>
          </type-tag>
        </arguments>
      </instance>
      <interface-functions>
        <function-ref name="get" ref="0x2ac2c33bfb68" scoped=""/>
      </interface-functions>
    </interface><interface loc="46:/home/kasper/tinyos-main//tos/platforms/telosb/SwitchToggleC.nc" name="GpioInterrupt" provided="0" ref="0x2ac2c33c5bd8">
      <component-ref nicename="UserButtonC.SwitchToggleC" qname="UserButtonC.SwitchToggleC"/>
      <type-interface alignment="I:2" size="I:2"><interface-ref name="GpioInterrupt" ref="0x2ac2c33c5bd8" scoped=""/></type-interface>
      <instance>
        <interfacedef-ref nicename="GpioInterrupt" qname="GpioInterrupt"/>
      </instance>
      <interface-functions>
        <function-ref name="fired" ref="0x2ac2c33c4020" scoped=""/>
        <function-ref name="disable" ref="0x2ac2c33c41a8" scoped=""/>
        <function-ref name="enableFallingEdge" ref="0x2ac2c33c4330" scoped=""/>
        <function-ref name="enableRisingEdge" ref="0x2ac2c33c44b8" scoped=""/>
      </interface-functions>
    </interface><interface loc="42:/home/kasper/tinyos-main//tos/platforms/telosb/SwitchToggleC.nc" name="Get" provided="1" ref="0x2ac2c33c8020">
      <component-ref nicename="UserButtonC.SwitchToggleC" qname="UserButtonC.SwitchToggleC"/>
      <type-interface alignment="I:2" size="I:2"><interface-ref name="Get" ref="0x2ac2c33c8020" scoped=""/></type-interface>
      <instance>
        <interfacedef-ref nicename="Get" qname="Get"/>
        <arguments>
          <type-int alignment="I:1" cname="unsigned char" size="I:1" unsigned="">
            <typename><typedef-ref name="bool" ref="0x2ac2c29e01d0"/></typename>
          </type-int>
        </arguments>
      </instance>
      <interface-functions>
        <function-ref name="get" ref="0x2ac2c33c8b68" scoped=""/>
      </interface-functions>
    </interface><interface loc="40:/home/kasper/tinyos-main//tos/platforms/telosb/HplUserButtonC.nc" name="GeneralIO" provided="1" ref="0x2ac2c32af660">
      <component-ref nicename="HplUserButtonC" qname="HplUserButtonC"/>
      <type-interface alignment="I:2" size="I:2"><interface-ref name="GeneralIO" ref="0x2ac2c32af660" scoped=""/></type-interface>
      <instance>
        <interfacedef-ref nicename="GeneralIO" qname="GeneralIO"/>
      </instance>
      <interface-functions>
        <function-ref name="makeInput" ref="0x2ac2c32af9b0" scoped=""/>
        <function-ref name="isInput" ref="0x2ac2c32afb38" scoped=""/>
        <function-ref name="toggle" ref="0x2ac2c32afcc0" scoped=""/>
        <function-ref name="isOutput" ref="0x2ac2c32afe48" scoped=""/>
        <function-ref name="get" ref="0x2ac2c32a8020" scoped=""/>
        <function-ref name="makeOutput" ref="0x2ac2c32a81a8" scoped=""/>
        <function-ref name="set" ref="0x2ac2c32a8330" scoped=""/>
        <function-ref name="clr" ref="0x2ac2c32a84b8" scoped=""/>
      </interface-functions>
    </interface><interface loc="43:/home/kasper/tinyos-main//tos/platforms/telosb/UserButtonP.nc" name="Notify" provided="1" ref="0x2ac2c33bd188">
      <component-ref nicename="UserButtonP" qname="UserButtonP"/>
      <type-interface alignment="I:2" size="I:2"><interface-ref name="Notify" ref="0x2ac2c33bd188" scoped=""/></type-interface>
      <instance>
        <interfacedef-ref nicename="Notify" qname="Notify"/>
        <arguments>
          <type-tag alignment="I:2" size="I:2"><enum-ref ref="0x2ac2c3288b18"/>
            <typename><typedef-ref name="button_state_t" ref="0x2ac2c3285498"/></typename>
          </type-tag>
        </arguments>
      </instance>
      <interface-functions>
        <function-ref name="disable" ref="0x2ac2c33bc158" scoped=""/>
        <function-ref name="enable" ref="0x2ac2c33bdcd0" scoped=""/>
        <function-ref name="notify" ref="0x2ac2c33bc5a8" scoped=""/>
      </interface-functions>
    </interface><interface loc="43:/home/kasper/tinyos-main//tos/platforms/telosb/SwitchToggleC.nc" name="Notify" provided="1" ref="0x2ac2c33c7128">
      <component-ref nicename="UserButtonC.SwitchToggleC" qname="UserButtonC.SwitchToggleC"/>
      <type-interface alignment="I:2" size="I:2"><interface-ref name="Notify" ref="0x2ac2c33c7128" scoped=""/></type-interface>
      <instance>
        <interfacedef-ref nicename="Notify" qname="Notify"/>
        <arguments>
          <type-int alignment="I:1" cname="unsigned char" size="I:1" unsigned="">
            <typename><typedef-ref name="bool" ref="0x2ac2c29e01d0"/></typename>
          </type-int>
        </arguments>
      </instance>
      <interface-functions>
        <function-ref name="disable" ref="0x2ac2c33c60f8" scoped=""/>
        <function-ref name="enable" ref="0x2ac2c33c7c70" scoped=""/>
        <function-ref name="notify" ref="0x2ac2c33c6548" scoped=""/>
      </interface-functions>
    </interface><interface loc="45:/home/kasper/tinyos-main//tos/platforms/telosb/UserButtonP.nc" name="GetLower" provided="0" ref="0x2ac2c33bcc00">
      <component-ref nicename="UserButtonP" qname="UserButtonP"/>
      <type-interface alignment="I:2" size="I:2"><interface-ref name="GetLower" ref="0x2ac2c33bcc00" scoped=""/></type-interface>
      <instance>
        <interfacedef-ref nicename="Get" qname="Get"/>
        <arguments>
          <type-int alignment="I:1" cname="unsigned char" size="I:1" unsigned="">
            <typename><typedef-ref name="bool" ref="0x2ac2c29e01d0"/></typename>
          </type-int>
        </arguments>
      </instance>
      <interface-functions>
        <function-ref name="get" ref="0x2ac2c33bb7e8" scoped=""/>
      </interface-functions>
    </interface><component loc="41(UserButtonC.SwitchToggleC):/home/kasper/tinyos-main//tos/platforms/telosb/SwitchToggleC.nc" nicename="UserButtonC.SwitchToggleC" qname="UserButtonC.SwitchToggleC">
      <documentation loc="32:/home/kasper/tinyos-main//tos/platforms/telosb/UserButton.h">
        <short>
 Implementation of the user button for the telosb platform

 </short>
        <long>
 Implementation of the user button for the telosb platform

 @author Gilman Tolle &lt;gtolle@archrock.com&gt;
 @version $Revision: 1.1 $
</long>
      </documentation>
      <instance number="0">
        <component-ref nicename="SwitchToggleC" qname="SwitchToggleC"/>
      </instance>
      <module/>
    </component><component loc="41:/home/kasper/tinyos-main//tos/platforms/telosb/UserButtonP.nc" nicename="UserButtonP" qname="UserButtonP">
      <documentation loc="32:/home/kasper/tinyos-main//tos/platforms/telosb/UserButton.h">
        <short>
 Implementation of the user button for the telosb platform

 </short>
        <long>
 Implementation of the user button for the telosb platform

 @author Gilman Tolle &lt;gtolle@archrock.com&gt;
 @version $Revision: 1.1 $
</long>
      </documentation>
      <module/>
    </component><component loc="39:/home/kasper/tinyos-main//tos/platforms/telosb/HplUserButtonC.nc" nicename="HplUserButtonC" qname="HplUserButtonC">
      <documentation loc="32:/home/kasper/tinyos-main//tos/platforms/telosb/HplUserButtonC.nc">
        <short>
 Implementation of the user button for the telos platform

 </short>
        <long>
 Implementation of the user button for the telos platform

 @author Gilman Tolle &lt;gtolle@archrock.com&gt;
 @version $Revision: 1.1 $
</long>
      </documentation>
      <configuration/>
      <wiring>
        <wire loc="53:/home/kasper/tinyos-main//tos/platforms/telosb/HplUserButtonC.nc">
          <from><interface-ref name="GpioInterrupt" ref="0x2ac2c32a4bf0" scoped=""/></from>
          <to><interface-ref name="Interrupt" ref="0x2ac2c338aa60" scoped=""/></to>
        </wire>
        <wire loc="49:/home/kasper/tinyos-main//tos/platforms/telosb/HplUserButtonC.nc">
          <from><interface-ref name="GeneralIO" ref="0x2ac2c32af660" scoped=""/></from>
          <to><interface-ref name="GeneralIO" ref="0x2ac2c3390460" scoped=""/></to>
        </wire>
        <wire loc="48:/home/kasper/tinyos-main//tos/platforms/telosb/HplUserButtonC.nc">
          <from><interface-ref name="HplGeneralIO" ref="0x2ac2c338e5f8" scoped=""/></from>
          <to><interface-ref name="Port27" ref="0x2ac2c309f568" scoped=""/></to>
        </wire>
        <wire loc="52:/home/kasper/tinyos-main//tos/platforms/telosb/HplUserButtonC.nc">
          <from><interface-ref name="HplInterrupt" ref="0x2ac2c33895f8" scoped=""/></from>
          <to><interface-ref name="Port27" ref="0x2ac2c32bcb88" scoped=""/></to>
        </wire>
      </wiring>
    </component></referenced></component>