<?xml version="1.0" ?><component loc="41:/home/kasper/tinyos-main//tos/platforms/telosb/UserButtonP.nc" nicename="UserButtonP" qname="UserButtonP">
      <documentation loc="32:/home/kasper/tinyos-main//tos/platforms/telosb/UserButton.h">
        <short>
 Implementation of the user button for the telosb platform

 </short>
        <long>
 Implementation of the user button for the telosb platform

 @author Gilman Tolle &lt;gtolle@archrock.com&gt;
 @version $Revision: 1.1 $
</long>
      </documentation>
      <module/>
    <specification><interface loc="45:/home/kasper/tinyos-main//tos/platforms/telosb/UserButtonP.nc" name="GetLower" provided="0" ref="0x2ac2c33bcc00">
      <component-ref nicename="UserButtonP" qname="UserButtonP"/>
      <type-interface alignment="I:2" size="I:2"><interface-ref name="GetLower" ref="0x2ac2c33bcc00" scoped=""/></type-interface>
      <instance>
        <interfacedef-ref nicename="Get" qname="Get"/>
        <arguments>
          <type-int alignment="I:1" cname="unsigned char" size="I:1" unsigned="">
            <typename><typedef-ref name="bool" ref="0x2ac2c29e01d0"/></typename>
          </type-int>
        </arguments>
      </instance>
      <interface-functions>
        <function-ref name="get" ref="0x2ac2c33bb7e8" scoped=""/>
      </interface-functions>
    </interface><interface loc="43:/home/kasper/tinyos-main//tos/platforms/telosb/UserButtonP.nc" name="Notify" provided="1" ref="0x2ac2c33bd188">
      <component-ref nicename="UserButtonP" qname="UserButtonP"/>
      <type-interface alignment="I:2" size="I:2"><interface-ref name="Notify" ref="0x2ac2c33bd188" scoped=""/></type-interface>
      <instance>
        <interfacedef-ref nicename="Notify" qname="Notify"/>
        <arguments>
          <type-tag alignment="I:2" size="I:2"><enum-ref ref="0x2ac2c3288b18"/>
            <typename><typedef-ref name="button_state_t" ref="0x2ac2c3285498"/></typename>
          </type-tag>
        </arguments>
      </instance>
      <interface-functions>
        <function-ref name="disable" ref="0x2ac2c33bc158" scoped=""/>
        <function-ref name="enable" ref="0x2ac2c33bdcd0" scoped=""/>
        <function-ref name="notify" ref="0x2ac2c33bc5a8" scoped=""/>
      </interface-functions>
    </interface><interface loc="46:/home/kasper/tinyos-main//tos/platforms/telosb/UserButtonP.nc" name="NotifyLower" provided="0" ref="0x2ac2c33bbe28">
      <component-ref nicename="UserButtonP" qname="UserButtonP"/>
      <type-interface alignment="I:2" size="I:2"><interface-ref name="NotifyLower" ref="0x2ac2c33bbe28" scoped=""/></type-interface>
      <instance>
        <interfacedef-ref nicename="Notify" qname="Notify"/>
        <arguments>
          <type-int alignment="I:1" cname="unsigned char" size="I:1" unsigned="">
            <typename><typedef-ref name="bool" ref="0x2ac2c29e01d0"/></typename>
          </type-int>
        </arguments>
      </instance>
      <interface-functions>
        <function-ref name="disable" ref="0x2ac2c33ede30" scoped=""/>
        <function-ref name="enable" ref="0x2ac2c33ed9e0" scoped=""/>
        <function-ref name="notify" ref="0x2ac2c33eb2d8" scoped=""/>
      </interface-functions>
    </interface><interface loc="42:/home/kasper/tinyos-main//tos/platforms/telosb/UserButtonP.nc" name="Get" provided="1" ref="0x2ac2c33bf020">
      <component-ref nicename="UserButtonP" qname="UserButtonP"/>
      <type-interface alignment="I:2" size="I:2"><interface-ref name="Get" ref="0x2ac2c33bf020" scoped=""/></type-interface>
      <instance>
        <interfacedef-ref nicename="Get" qname="Get"/>
        <arguments>
          <type-tag alignment="I:2" size="I:2"><enum-ref ref="0x2ac2c3288b18"/>
            <typename><typedef-ref name="button_state_t" ref="0x2ac2c3285498"/></typename>
          </type-tag>
        </arguments>
      </instance>
      <interface-functions>
        <function-ref name="get" ref="0x2ac2c33bfb68" scoped=""/>
      </interface-functions>
    </interface></specification><referenced/></component>