<?xml version="1.0" ?><component abstract="" loc="46:/home/kasper/tinyos-main//tos/lib/timer/VirtualizeTimerC.nc" nicename="VirtualizeTimerC" qname="VirtualizeTimerC" safe="">
      <documentation loc="34:/home/kasper/tinyos-main//tos/lib/timer/VirtualizeTimerC.nc">
        <short>
 VirtualizeTimerC uses a single Timer to create up to 255 virtual timers.</short>
        <long>
 VirtualizeTimerC uses a single Timer to create up to 255 virtual timers.

 &lt;p&gt;See TEP102 for more details.

 @param precision_tag A type indicating the precision of the Timer being 
   virtualized.
 @param max_timers Number of virtual timers to create.

 @author Cory Sharp &lt;cssharp@eecs.berkeley.edu&gt;
</long>
      </documentation>
      <parameters>
        <typedef loc="46:/home/kasper/tinyos-main//tos/lib/timer/VirtualizeTimerC.nc" name="precision_tag" ref="0x2ac2c35224c0">
          <component-ref nicename="VirtualizeTimerC" qname="VirtualizeTimerC"/>
          <type-var alignment="U:" size="U:"><typedef-ref name="precision_tag" ref="0x2ac2c35224c0" scoped=""/></type-var>
        </typedef>
        <constant loc="46:/home/kasper/tinyos-main//tos/lib/timer/VirtualizeTimerC.nc" name="max_timers" ref="0x2ac2c35227d0">
          <component-ref nicename="VirtualizeTimerC" qname="VirtualizeTimerC"/>
          <type-int alignment="I:2" cname="int" size="I:2"/>
        </constant>
      </parameters>
      <module/>
    <specification><interface loc="71:/home/kasper/tinyos-main//tos/lib/timer/VirtualizeTimerC.nc" name="updateFromTimer" provided="0" ref="0x2ac2c354a948">
      <component-ref nicename="VirtualizeTimerC" qname="VirtualizeTimerC"/>
      <type-interface alignment="I:2" size="I:2"><interface-ref name="updateFromTimer" ref="0x2ac2c354a948" scoped=""/></type-interface>
      <instance>
        <interfacedef-ref nicename="TaskBasic" qname="TaskBasic"/>
      </instance>
      <interface-functions>
        <function-ref name="postTask" ref="0x2ac2c354ac98" scoped=""/>
        <function-ref name="runTask" ref="0x2ac2c354ae20" scoped=""/>
      </interface-functions>
    </interface><interface loc="49:/home/kasper/tinyos-main//tos/lib/timer/VirtualizeTimerC.nc" name="TimerFrom" provided="0" ref="0x2ac2c351c968">
      <component-ref nicename="VirtualizeTimerC" qname="VirtualizeTimerC"/>
      <type-interface alignment="I:2" size="I:2"><interface-ref name="TimerFrom" ref="0x2ac2c351c968" scoped=""/></type-interface>
      <instance>
        <interfacedef-ref nicename="Timer" qname="Timer"/>
        <arguments>
          <type-var alignment="U:" size="U:"><typedef-ref name="precision_tag" ref="0x2ac2c35224c0" scoped=""/></type-var>
        </arguments>
      </instance>
      <interface-functions>
        <function-ref name="getNow" ref="0x2ac2c3517bc0" scoped=""/>
        <function-ref name="fired" ref="0x2ac2c35192e8" scoped=""/>
        <function-ref name="startPeriodicAt" ref="0x2ac2c3517020" scoped=""/>
        <function-ref name="isOneShot" ref="0x2ac2c3519b88" scoped=""/>
        <function-ref name="getdt" ref="0x2ac2c354e4d8" scoped=""/>
        <function-ref name="gett0" ref="0x2ac2c354e088" scoped=""/>
        <function-ref name="isRunning" ref="0x2ac2c3519738" scoped=""/>
        <function-ref name="startPeriodic" ref="0x2ac2c351a528" scoped=""/>
        <function-ref name="startOneShotAt" ref="0x2ac2c35175f0" scoped=""/>
        <function-ref name="startOneShot" ref="0x2ac2c351a9c8" scoped=""/>
        <function-ref name="stop" ref="0x2ac2c351ae68" scoped=""/>
      </interface-functions>
    </interface><interface loc="48:/home/kasper/tinyos-main//tos/lib/timer/VirtualizeTimerC.nc" name="Timer" provided="1" ref="0x2ac2c3521780">
      <component-ref nicename="VirtualizeTimerC" qname="VirtualizeTimerC"/>
      <type-interface alignment="I:2" size="I:2"><interface-ref name="Timer" ref="0x2ac2c3521780" scoped=""/></type-interface>
      <instance>
        <interfacedef-ref nicename="Timer" qname="Timer"/>
        <arguments>
          <type-var alignment="U:" size="U:"><typedef-ref name="precision_tag" ref="0x2ac2c35224c0" scoped=""/></type-var>
        </arguments>
      </instance>
      <interface-parameters>
        <type-int alignment="I:1" cname="unsigned char" size="I:1" unsigned="">
          <typename><typedef-ref name="uint8_t" ref="0x2ac2c209a790"/></typename>
        </type-int>
      </interface-parameters>
      <interface-functions>
        <function-ref name="getNow" ref="0x2ac2c351da18" scoped=""/>
        <function-ref name="fired" ref="0x2ac2c351e158" scoped=""/>
        <function-ref name="startPeriodicAt" ref="0x2ac2c351ee48" scoped=""/>
        <function-ref name="isOneShot" ref="0x2ac2c351e9f8" scoped=""/>
        <function-ref name="getdt" ref="0x2ac2c351c2e8" scoped=""/>
        <function-ref name="gett0" ref="0x2ac2c351de68" scoped=""/>
        <function-ref name="isRunning" ref="0x2ac2c351e5a8" scoped=""/>
        <function-ref name="startPeriodic" ref="0x2ac2c3520370" scoped=""/>
        <function-ref name="startOneShotAt" ref="0x2ac2c351d448" scoped=""/>
        <function-ref name="startOneShot" ref="0x2ac2c3520810" scoped=""/>
        <function-ref name="stop" ref="0x2ac2c3520cb0" scoped=""/>
      </interface-functions>
    </interface></specification><referenced/></component>